{
  "ok": true,
  "error": null,
  "usage": {
    "queue_time": 0.389340803,
    "prompt_tokens": 2385,
    "prompt_time": 0.362053535,
    "completion_tokens": 1480,
    "completion_time": 2.174576998,
    "total_tokens": 3865,
    "total_time": 2.536630533
  }
}