review_text,review_title,rating,date,platform,app_version,language,thumbs_up_count,review_id,source_app,source_package,source_method
good,,5,2026-09-26,play_store,18.18.1,en,0,2ab001a0-12e8-4fcb-82b9-c496dcaeac8c,Groww,com.nextbillion.groww,google_play_public_no_login_fetcher
good,,5,2026-09-26,play_store,18.18.1,en,0,7da78072-608b-4d23-8fcc-08b2772669c5,Groww,com.nextbillion.groww,google_play_public_no_login_fetcher
very nice application for on line share trading,,5,2026-09-26,play_store,18.18.1,en,0,852e64d6-cfb2-44c7-a2f6-0a27a258be46,Groww,com.nextbillion.groww,google_play_public_no_login_fetcher
no happy,,4,2026-09-26,play_store,18.18.1,en,0,a4e90418-4bfa-41c3-8c66-866b1b8d9e32,Groww,com.nextbillion.groww,google_play_public_no_login_fetcher
good app,,5,2026-09-26,play_store,18.18.1,en,0,07d3e342-a6c2-46d6-a2ec-475b24b82048,Groww,com.nextbillion.groww,google_play_public_no_login_fetcher
so nice 👍🏻,,5,2026-09-26,play_store,18.18.1,en,0,a15a9f2c-5a59-4134-a2b3-1a1c268157a0,Groww,com.nextbillion.groww,google_play_public_no_login_fetcher
good 👍 for using 👌,,5,2026-09-26,play_store,18.17.3,en,0,94e922e2-a292-4bcf-a818-faa9629db6b3,Groww,com.nextbillion.groww,google_play_public_no_login_fetcher
good,,4,2026-09-26,play_store,18.17.3,en,0,8910350a-7adb-4f3c-9c5f-f334f5781d97,Groww,com.nextbillion.groww,google_play_public_no_login_fetcher
love you,,5,2026-09-26,play_store,18.18.1,en,1,7721196f-8da7-4b73-a3eb-e2f7dc3822f5,Groww,com.nextbillion.groww,google_play_public_no_login_fetcher
good,,5,2026-09-26,play_store,18.18.1,en,0,69048609-0439-4aef-a1ef-86918ed8d025,Groww,com.nextbillion.groww,google_play_public_no_login_fetcher
very nice,,5,2026-09-26,play_store,18.18.1,en,1,280037e7-921c-4558-9574-da74e9ee269a,Groww,com.nextbillion.groww,google_play_public_no_login_fetcher
most aapp,,4,2026-09-26,play_store,18.18.1,en,0,96c3b4e3-0c87-47b1-bc0d-91fca3ba0f62,Groww,com.nextbillion.groww,google_play_public_no_login_fetcher
very nice app for investment purpose,,5,2026-09-26,play_store,18.18.1,en,0,b71843f2-7826-4410-be5a-6dda567c4e4d,Groww,com.nextbillion.groww,google_play_public_no_login_fetcher
good Service,,5,2026-09-26,play_store,18.17.3,en,0,144d7d04-5b51-4717-bd9e-6638a9acad3b,Groww,com.nextbillion.groww,google_play_public_no_login_fetcher
Good,,5,2026-09-26,play_store,18.18.1,en,0,05f3b65e-92e2-4fab-a3a1-fd67b56098bd,Groww,com.nextbillion.groww,google_play_public_no_login_fetcher
many formality,,1,2026-09-26,play_store,,en,0,8f47d46c-4db1-42f4-a258-56db5ed294a4,Groww,com.nextbillion.groww,google_play_public_no_login_fetcher
👍,,5,2026-09-26,play_store,18.18.1,en,0,53f488b4-24a5-499c-ba9f-e2ff30ede2e4,Groww,com.nextbillion.groww,google_play_public_no_login_fetcher
easy operation,,5,2026-09-26,play_store,18.18.1,en,0,720ea11d-f5a2-40fd-b214-fd272922920b,Groww,com.nextbillion.groww,google_play_public_no_login_fetcher
good,,5,2026-09-26,play_store,18.16.1,en,0,4542a26b-4370-4071-8505-afbef68e0f84,Groww,com.nextbillion.groww,google_play_public_no_login_fetcher
Good or Very good,,5,2026-09-26,play_store,18.18.1,en,0,c9c4978e-63d0-461e-b70a-05e290516c9e,Groww,com.nextbillion.groww,google_play_public_no_login_fetcher
ikkllaL. cok,,4,2026-09-26,play_store,,en,0,aa04b746-3a16-4f25-87e8-17009b0adb30,Groww,com.nextbillion.groww,google_play_public_no_login_fetcher
good,,5,2026-09-26,play_store,18.18.1,en,0,386fa367-7852-4e10-937f-164d516d7e7e,Groww,com.nextbillion.groww,google_play_public_no_login_fetcher
👍,,5,2026-09-26,play_store,18.17.3,en,0,db714811-e107-4403-8616-932caaf1623c,Groww,com.nextbillion.groww,google_play_public_no_login_fetcher
excellent,,5,2026-09-26,play_store,18.12.1,en,0,bf78a670-b4d0-4509-9f46-19fb93d93548,Groww,com.nextbillion.groww,google_play_public_no_login_fetcher
good simple for beginners,,5,2026-09-26,play_store,18.18.1,en,0,62c5bc25-c13d-4c14-8e20-ba30d4fdc2ef,Groww,com.nextbillion.groww,google_play_public_no_login_fetcher
nice nice nice,,5,2026-09-26,play_store,18.18.1,en,1,5a10dcc4-9db6-4e4f-b953-04573a108be1,Groww,com.nextbillion.groww,google_play_public_no_login_fetcher
easy to use,,5,2026-09-26,play_store,18.18.1,en,0,dff99bfa-3907-4ead-9c3e-42d96a107efe,Groww,com.nextbillion.groww,google_play_public_no_login_fetcher
nice,,5,2026-09-26,play_store,18.18.1,en,0,cbf089c4-b9d5-49d0-b835-4862001780c9,Groww,com.nextbillion.groww,google_play_public_no_login_fetcher
"Hello team, Could you please provide option to buy US and other international stocks. Groww has already obtained permission for this but not sure when it will be made available.",,5,2026-09-26,play_store,18.18.1,en,18,44a89de9-d423-48f0-baeb-b0245a650da0,Groww,com.nextbillion.groww,google_play_public_no_login_fetcher
GO GROWW WITH CONFIDENCE,,5,2026-09-26,play_store,18.18.1,en,0,e2d2b5a6-eea9-4d42-a569-baa44126344e,Groww,com.nextbillion.groww,google_play_public_no_login_fetcher
good 💯😊 end 👍💗🤳🤠,,5,2026-09-26,play_store,18.18.1,en,0,9134a53b-fb2a-4cd2-975a-e1bb8ffd62eb,Groww,com.nextbillion.groww,google_play_public_no_login_fetcher
super aaps hai bhut acha hai,,5,2026-09-26,play_store,18.18.1,en,0,2b59e34b-73cd-4f66-a063-e9a5187857b6,Groww,com.nextbillion.groww,google_play_public_no_login_fetcher
best,,5,2026-09-26,play_store,18.18.1,en,0,997ab6e2-1967-4284-9f77-5c469c6fcff7,Groww,com.nextbillion.groww,google_play_public_no_login_fetcher
good,,5,2026-09-26,play_store,18.17.3,en,0,02733a50-ffd6-4e13-8aa6-e2caad2b2486,Groww,com.nextbillion.groww,google_play_public_no_login_fetcher
ok,,5,2026-09-26,play_store,18.17.3,en,0,bbceb5af-5e28-428e-a167-994f4fb90531,Groww,com.nextbillion.groww,google_play_public_no_login_fetcher
good,,5,2026-09-26,play_store,18.7.1,en,0,b48a1d50-bd41-4860-bb76-c67c4f7cf4ac,Groww,com.nextbillion.groww,google_play_public_no_login_fetcher
good,,5,2026-09-26,play_store,18.18.1,en,0,f8ccb0b7-e2e7-4d58-8715-0b72c9248072,Groww,com.nextbillion.groww,google_play_public_no_login_fetcher
excellent,,5,2026-09-26,play_store,18.13.2,en,0,2316edac-8995-40aa-b8d1-fc5dbed308af,Groww,com.nextbillion.groww,google_play_public_no_login_fetcher
good experience,,5,2026-09-26,play_store,18.18.1,en,0,0fba7e09-3ffd-46d8-b605-a68a0fd5970d,Groww,com.nextbillion.groww,google_play_public_no_login_fetcher
very worthy,,1,2026-09-26,play_store,18.17.3,en,0,9ba6c1f2-ddfc-46a2-8d86-dde1f44d9c43,Groww,com.nextbillion.groww,google_play_public_no_login_fetcher
good,,5,2026-09-26,play_store,18.16.1,en,0,47da0bfa-8db2-48c4-b08c-1e4c1d26de51,Groww,com.nextbillion.groww,google_play_public_no_login_fetcher
superb app,,5,2026-09-26,play_store,18.17.3,en,0,58998fba-fafd-4c17-b4d0-922276e9b30b,Groww,com.nextbillion.groww,google_play_public_no_login_fetcher
good 👍😊,,5,2026-09-26,play_store,18.18.1,en,0,d0b91447-d05f-4b31-b67b-3cbd4f5b9122,Groww,com.nextbillion.groww,google_play_public_no_login_fetcher
app not working properly...,,1,2026-09-26,play_store,18.13.2,en,0,95e25ae0-dee5-4df6-9ed6-ceaeaf7626d2,Groww,com.nextbillion.groww,google_play_public_no_login_fetcher
Nice app,,5,2026-09-26,play_store,,en,0,1bf54887-9e29-4ba8-96fe-1ab566c6d506,Groww,com.nextbillion.groww,google_play_public_no_login_fetcher
nys app simple method easy to leaning,,5,2026-09-26,play_store,18.18.1,en,1,13c00889-cc39-4001-a1a4-d1083c695754,Groww,com.nextbillion.groww,google_play_public_no_login_fetcher
👍,,5,2026-09-26,play_store,18.18.1,en,0,20184a86-f1b7-4682-b758-d1a0cb694170,Groww,com.nextbillion.groww,google_play_public_no_login_fetcher
very bad,,1,2026-09-26,play_store,,en,0,138f95e6-b9fd-4b1c-8ac8-848ed3e79c19,Groww,com.nextbillion.groww,google_play_public_no_login_fetcher
good,,5,2026-09-26,play_store,18.18.1,en,0,982b0110-51b2-452c-9f1f-d00b53a7f8f6,Groww,com.nextbillion.groww,google_play_public_no_login_fetcher
nice app,,5,2026-09-26,play_store,18.17.3,en,0,0c6a1931-e323-4ef3-96b9-1e4385713962,Groww,com.nextbillion.groww,google_play_public_no_login_fetcher
🥰🥰🥰,,4,2026-09-26,play_store,18.15.1,en,0,de822feb-3d19-42d3-b79c-515dc071e601,Groww,com.nextbillion.groww,google_play_public_no_login_fetcher
Supper,,5,2026-09-26,play_store,18.16.1,en,0,878bc287-dd6e-4f03-93a3-d97c5b6daf0a,Groww,com.nextbillion.groww,google_play_public_no_login_fetcher
nice👍,,5,2026-09-26,play_store,18.17.3,en,0,2680583f-b60e-428a-86f1-14ec28e7bca3,Groww,com.nextbillion.groww,google_play_public_no_login_fetcher
best is withdrawal option is the best real time settlement is price less keep innovating,,5,2026-09-26,play_store,18.18.0,en,0,b89a5594-a97f-43fd-8957-ecd202198e2e,Groww,com.nextbillion.groww,google_play_public_no_login_fetcher
good,,5,2026-09-26,play_store,18.18.1,en,0,1b84a776-c707-4a16-bffa-e42c0e8a6c05,Groww,com.nextbillion.groww,google_play_public_no_login_fetcher
good,,5,2026-09-26,play_store,18.18.1,en,0,00d11c88-3ef6-4fe9-9a21-e1aa39f25cb3,Groww,com.nextbillion.groww,google_play_public_no_login_fetcher
trust app,,5,2026-09-26,play_store,18.18.1,en,0,da32e761-a8eb-44c1-a367-24eea1c48b7a,Groww,com.nextbillion.groww,google_play_public_no_login_fetcher
"It is a very good app, I am using it and redemption is also done easily, I am very happy to use it.",,5,2026-09-26,play_store,18.18.1,en,0,7306a88b-4f63-4be9-81ad-c5841789aac3,Groww,com.nextbillion.groww,google_play_public_no_login_fetcher
ok,,4,2026-09-26,play_store,18.16.1,en,0,6ed9ccc1-a7f4-4715-88f8-1478a064f845,Groww,com.nextbillion.groww,google_play_public_no_login_fetcher
excellent,,5,2026-09-26,play_store,18.18.1,en,0,4093655c-b731-41ad-b525-51ab80f009ac,Groww,com.nextbillion.groww,google_play_public_no_login_fetcher
vlo,,4,2026-09-26,play_store,18.17.3,en,0,fe372ab3-7731-48e8-a176-f52a3ef454a8,Groww,com.nextbillion.groww,google_play_public_no_login_fetcher
nice,,5,2026-09-26,play_store,18.17.3,en,0,b3529c99-18b8-4e12-9cae-1b2cba2ab4e3,Groww,com.nextbillion.groww,google_play_public_no_login_fetcher
👍good,,4,2026-09-26,play_store,18.18.1,en,0,de6ae125-c07e-4262-b378-a217bf55de53,Groww,com.nextbillion.groww,google_play_public_no_login_fetcher
good,,5,2026-09-26,play_store,18.18.0,en,1,da5f272b-f8d1-4b92-a45b-0afd0215c907,Groww,com.nextbillion.groww,google_play_public_no_login_fetcher
nice,,5,2026-09-26,play_store,18.14.1,en,0,f5637b4b-27c7-4da6-bbfa-9b82c19109f5,Groww,com.nextbillion.groww,google_play_public_no_login_fetcher
Super 💯,,5,2026-09-26,play_store,18.17.3,en,0,57eac133-298a-4ef5-89f4-c6b1c0a562ac,Groww,com.nextbillion.groww,google_play_public_no_login_fetcher
nice app,,5,2026-09-26,play_store,18.18.1,en,0,bd743c8b-2c39-4628-a4f1-6d517bb18430,Groww,com.nextbillion.groww,google_play_public_no_login_fetcher
good app for investing,,5,2026-09-26,play_store,18.17.3,en,0,b3238c05-8d90-451a-a93b-e676fe09868f,Groww,com.nextbillion.groww,google_play_public_no_login_fetcher
best for mutual fund investment.,,5,2026-09-26,play_store,18.18.1,en,0,10bfd75c-666a-4a90-ac2e-248522df3c06,Groww,com.nextbillion.groww,google_play_public_no_login_fetcher
app ko open kar rha hu automatic back ho ja rha hai koi bhi download na kare,,1,2026-09-26,play_store,,en,0,ade0fce9-7a88-419d-a92e-43d2ed75cfef,Groww,com.nextbillion.groww,google_play_public_no_login_fetcher
try to improve my skills,,5,2026-09-26,play_store,18.18.1,en,0,43bb4337-c3bd-4c96-945a-f0552d7831e3,Groww,com.nextbillion.groww,google_play_public_no_login_fetcher
nice,,5,2026-09-26,play_store,18.18.1,en,0,e2abf4c9-86f7-4f9a-aaa1-2d170a9d3245,Groww,com.nextbillion.groww,google_play_public_no_login_fetcher
very good,,5,2026-09-26,play_store,18.18.1,en,0,e03c24b7-1ad9-40da-9b89-914fdad2ab3f,Groww,com.nextbillion.groww,google_play_public_no_login_fetcher
tooo easy for sip osm,,5,2026-09-26,play_store,18.17.3,en,0,75e0e912-66ba-456d-aee6-730f5978ee02,Groww,com.nextbillion.groww,google_play_public_no_login_fetcher
good 👍,,5,2026-09-26,play_store,18.18.1,en,0,1e556b8f-67ce-46d7-a8f6-07ba5e996f82,Groww,com.nextbillion.groww,google_play_public_no_login_fetcher
best tread app,,5,2026-09-26,play_store,18.17.3,en,0,d30bdee4-1303-43ba-8dc5-854e0343e6ef,Groww,com.nextbillion.groww,google_play_public_no_login_fetcher
good,,5,2026-09-26,play_store,18.16.1,en,0,9b979633-b439-4c4e-a56b-0ffc68134008,Groww,com.nextbillion.groww,google_play_public_no_login_fetcher
good 👍,,5,2026-09-26,play_store,18.18.1,en,0,a3e320bf-4050-4184-8bb3-41ff3080080c,Groww,com.nextbillion.groww,google_play_public_no_login_fetcher
nice trading app,,3,2026-09-26,play_store,18.18.1,en,0,2e258c9f-afae-4656-bc0d-31f8ff185058,Groww,com.nextbillion.groww,google_play_public_no_login_fetcher
nice aap,,1,2026-09-26,play_store,18.18.1,en,0,4a3b19b7-8a6d-4a40-a893-25585936ecae,Groww,com.nextbillion.groww,google_play_public_no_login_fetcher
best,,5,2026-09-25,play_store,18.17.3,en,0,95b5e655-e1c8-4c07-aa0f-67103873bd89,Groww,com.nextbillion.groww,google_play_public_no_login_fetcher
very nice experience with grow plate form,,5,2026-09-25,play_store,18.18.1,en,1,b8511d4e-2f81-4417-98b9-23a6ebd9c17d,Groww,com.nextbillion.groww,google_play_public_no_login_fetcher
"installed the app nearly 6 years ago , and used it for the last 4 years almost every day. over the years the improvement is excellent, mutual fund and stock buy and selling is without any hassle , hardly i have ever faced any issue while in any transaction and the support team to quite responsive whenever any issues has raised. only CON which i have even after all the updates, the share tecnicals are not properly organised and Mutual fund screener option not good, foreign investment required",,4,2026-09-25,play_store,18.18.1,en,1,0b13edc9-920c-4f85-8e8c-7c6272205b19,Groww,com.nextbillion.groww,google_play_public_no_login_fetcher
Depart account will be secure times on,,5,2026-09-25,play_store,,en,0,33654aac-5b9d-469a-b4fa-f0d43d12f907,Groww,com.nextbillion.groww,google_play_public_no_login_fetcher
easy to use platform smooth experience,,5,2026-09-25,play_store,18.18.1,en,1,8358e88f-5c8c-4c90-bbcd-0e37d23dc141,Groww,com.nextbillion.groww,google_play_public_no_login_fetcher
good 👍,,5,2026-09-25,play_store,18.17.3,en,0,028669cd-307e-41f8-9623-e0f81e33e25b,Groww,com.nextbillion.groww,google_play_public_no_login_fetcher
it's ok,,4,2026-09-25,play_store,18.18.1,en,0,c072374a-48ae-4585-b9d8-ce67c3c7b2e4,Groww,com.nextbillion.groww,google_play_public_no_login_fetcher
good app,,5,2026-09-25,play_store,18.18.1,en,0,ddd67066-4242-46ff-ad87-745766247dd3,Groww,com.nextbillion.groww,google_play_public_no_login_fetcher
ok,,4,2026-09-25,play_store,18.17.3,en,0,9f9635d0-4be6-41a2-9453-efd48dc3aec6,Groww,com.nextbillion.groww,google_play_public_no_login_fetcher
okay,,5,2026-09-25,play_store,18.17.3,en,0,eacd8d2e-cfe4-4c21-a788-5d41b2265bf5,Groww,com.nextbillion.groww,google_play_public_no_login_fetcher
excellent,,5,2026-09-25,play_store,18.18.1,en,0,41f7e87e-8736-4c42-8011-2d046201f0bb,Groww,com.nextbillion.groww,google_play_public_no_login_fetcher
best platform for our growth.,,5,2026-09-25,play_store,18.18.1,en,0,acf8b55c-4af9-434a-aedd-c3d98bdaf166,Groww,com.nextbillion.groww,google_play_public_no_login_fetcher
Wonderful 👍😊,,5,2026-09-25,play_store,,en,0,671c16b0-f557-4279-a3a4-d13025e699e3,Groww,com.nextbillion.groww,google_play_public_no_login_fetcher
nice,,5,2026-09-25,play_store,18.17.3,en,0,c5ad3044-8c51-40c8-b926-d8fc9fd24716,Groww,com.nextbillion.groww,google_play_public_no_login_fetcher
"Enable Renting Stocks & Login Otp option - via Email also @ not only via mobile otp . Most sims ( networks) are not allowing otp if recharge expired and we are forced to recharge - and such times we are facing problem to login to groww on new devices. Other Apps like Dhann, Upstox etc providing both Mobile + Gmail Login otps too. Only Groww is troubling without any customer friendly improvement. If this continues - will close all groww accounts.",,1,2026-09-25,play_store,18.18.1,en,23,cd8d7769-54fa-43c7-8ef3-aacc75ceffe0,Groww,com.nextbillion.groww,google_play_public_no_login_fetcher
super 👍,,5,2026-09-25,play_store,18.17.3,en,0,0411a7b2-fd6f-4c88-95e0-783aa6052e09,Groww,com.nextbillion.groww,google_play_public_no_login_fetcher
sometime not screening very well and take more time browsing,,1,2026-09-25,play_store,18.18.1,en,0,4210a128-e917-46a0-a544-490b2781ac99,Groww,com.nextbillion.groww,google_play_public_no_login_fetcher
Good Experience,,5,2026-09-25,play_store,18.17.3,en,0,c8fc58e9-ec24-42a7-9f0a-75ce7d835100,Groww,com.nextbillion.groww,google_play_public_no_login_fetcher
good 💯,,4,2026-09-25,play_store,18.18.1,en,0,954f7d87-c355-4779-a77c-c89c2e076f17,Groww,com.nextbillion.groww,google_play_public_no_login_fetcher
excellent,,5,2026-09-25,play_store,18.18.1,en,0,51f23116-0935-488d-92af-fd339085c33c,Groww,com.nextbillion.groww,google_play_public_no_login_fetcher
good,,5,2026-09-25,play_store,18.18.1,en,0,efda1ec9-1e3c-42f3-a729-26cfefae26ed,Groww,com.nextbillion.groww,google_play_public_no_login_fetcher
Nice App,,5,2026-09-25,play_store,18.18.1,en,0,a92ed0e8-659b-44e5-bf9a-95f7cce402a0,Groww,com.nextbillion.groww,google_play_public_no_login_fetcher
"stocks and ETF buy Kare to brokerage Dena padta hai , beche to bhi brokerage Dena padta hai ... Mera 3 different stock hai unhen bhejun to fir se brokerage Dena padta hai 130/ 140 rupaye total brokerage amount 🫩",,1,2026-09-25,play_store,18.18.1,en,0,a46c7942-81c6-4385-b7f0-e9a105a861d7,Groww,com.nextbillion.groww,google_play_public_no_login_fetcher
Very bad app customer not received call and account not delete so very bad app not using this app all of you,,1,2026-09-25,play_store,,en,0,fd30ac43-463a-4afe-b7f0-21250208e962,Groww,com.nextbillion.groww,google_play_public_no_login_fetcher
Great Experience...,,5,2026-09-25,play_store,18.17.3,en,0,c9e5a9a7-2c2b-4441-b56e-a67a2994cc9d,Groww,com.nextbillion.groww,google_play_public_no_login_fetcher
very poor interface. not a single menu is properly set. have to dig in to get the details.,,1,2026-09-25,play_store,18.17.3,en,0,92e9cd57-f8eb-4ae4-8d77-2dbb0f2a2d5f,Groww,com.nextbillion.groww,google_play_public_no_login_fetcher
this app is very good 👍,,5,2026-09-25,play_store,18.18.1,en,0,f9a05775-6b19-4aa9-9fda-3f2eb02e1f8b,Groww,com.nextbillion.groww,google_play_public_no_login_fetcher
very good,,5,2026-09-25,play_store,,en,0,7d935f96-04f8-4440-b6fa-6eea7c9a1a9f,Groww,com.nextbillion.groww,google_play_public_no_login_fetcher
nice app,,5,2026-09-25,play_store,18.17.3,en,0,1602af0f-95a7-4284-895f-a03019860d58,Groww,com.nextbillion.groww,google_play_public_no_login_fetcher
very good,,5,2026-09-25,play_store,,en,0,ae3fc541-26c1-4ac9-aab7-b8600801bf7e,Groww,com.nextbillion.groww,google_play_public_no_login_fetcher
hy yr to nahin e na ruuyi ji r,,2,2026-09-25,play_store,,en,0,2ae04da8-0b64-4b5b-9df6-7b76fc7856bd,Groww,com.nextbillion.groww,google_play_public_no_login_fetcher
Very nice App. Easy to invest and track portfolio.,,5,2026-09-25,play_store,18.18.1,en,0,d91cec37-c708-4a3f-b68a-3631334e81ea,Groww,com.nextbillion.groww,google_play_public_no_login_fetcher
€€€π,,5,2026-09-25,play_store,18.15.0,en,0,6ab4e81a-7ced-447b-9d3e-7341be8772e0,Groww,com.nextbillion.groww,google_play_public_no_login_fetcher
"treading is very easy in it ,specially money deposit, withdrawal, mtf,etf in a single sentence superb",,5,2026-09-25,play_store,18.18.1,en,0,1ed99366-9e2f-4fab-a5b8-ad6b00ed5d11,Groww,com.nextbillion.groww,google_play_public_no_login_fetcher
𝒉𝒊𝒊,,5,2026-09-25,play_store,18.18.1,en,0,dc1c93be-ef08-432d-b470-e2497ea38879,Groww,com.nextbillion.groww,google_play_public_no_login_fetcher
good,,5,2026-09-25,play_store,18.18.1,en,1,3e090eae-1e23-450c-a294-4e9cde466c1c,Groww,com.nextbillion.groww,google_play_public_no_login_fetcher
forced error in unlisted stocks section.,,4,2026-09-25,play_store,18.18.1,en,0,50dbc987-5a4f-40ee-96f4-5dc4270c3c73,Groww,com.nextbillion.groww,google_play_public_no_login_fetcher
"Very poor service and total waste of time! (1 Star) Worst customer service I have ever experienced. My account setup has been pending for nearly two weeks, and there is no proper response or support from the team. They are just wasting people's valuable time. Highly irresponsible and pathetic service. Better to avoid this app and look for better alternatives!",,1,2026-09-25,play_store,18.18.1,en,0,a6824f32-dedd-418a-9281-8b48ea441548,Groww,com.nextbillion.groww,google_play_public_no_login_fetcher
Very bad app for commodity trading,,1,2026-09-25,play_store,18.18.1,en,0,3a0e6fd9-82f0-4d78-94e3-1f0c9c2a258a,Groww,com.nextbillion.groww,google_play_public_no_login_fetcher
Best,,5,2026-09-25,play_store,18.18.1,en,0,6370c064-ce30-440a-ab80-45735f399bb2,Groww,com.nextbillion.groww,google_play_public_no_login_fetcher
Good 😊,,5,2026-09-25,play_store,18.16.1,en,1,79c4a34b-2065-4f3e-918d-e96f634c2a60,Groww,com.nextbillion.groww,google_play_public_no_login_fetcher
UतंगUस्कगGसMवज़नDबदण्ड,,5,2026-09-25,play_store,18.17.3,en,0,369018f2-54a1-4827-a869-ed07bad5572b,Groww,com.nextbillion.groww,google_play_public_no_login_fetcher
good,,5,2026-09-25,play_store,18.14.2,en,0,98c9fdf0-0c9e-49b2-b9f1-873981f6f34e,Groww,com.nextbillion.groww,google_play_public_no_login_fetcher
excellent application,,5,2026-09-25,play_store,18.16.1,en,0,631b8253-5ed4-4ef2-9d12-1760778f5e57,Groww,com.nextbillion.groww,google_play_public_no_login_fetcher
Good experience @Truly commitment,,5,2026-09-25,play_store,18.18.1,en,0,0e8378fd-b44c-4a7c-aaa6-b02d374914d9,Groww,com.nextbillion.groww,google_play_public_no_login_fetcher
good,,5,2026-09-25,play_store,18.17.3,en,0,5ac0a044-3f6b-4cdb-9c00-af06eb4b2244,Groww,com.nextbillion.groww,google_play_public_no_login_fetcher
HIGH BROKERAGE AND TAX,,1,2026-09-25,play_store,,en,0,4f5185aa-eb13-4842-b39d-4827f3dcdd4c,Groww,com.nextbillion.groww,google_play_public_no_login_fetcher
good,,5,2026-09-25,play_store,18.13.1,en,0,f4853acf-fecf-4091-8bbc-b7d93f3bc0d9,Groww,com.nextbillion.groww,google_play_public_no_login_fetcher
good,,5,2026-09-25,play_store,18.17.3,en,0,e0e7f4e2-719c-4447-bcbe-4f194db815b3,Groww,com.nextbillion.groww,google_play_public_no_login_fetcher
पहले सेंसेक्स indian indices में ऊपर आता था.. अब नीचे चला गया ढूँढना padta hai.. दिखता hi nahi पहले wala system hi sahi था..,,1,2026-09-25,play_store,18.18.1,en,0,fbe608ed-8dd4-421b-8c03-fe61486524ab,Groww,com.nextbillion.groww,google_play_public_no_login_fetcher
good luck 👍👍👍,,5,2026-09-25,play_store,18.18.1,en,1,4f95df43-3382-4710-b311-c55632132438,Groww,com.nextbillion.groww,google_play_public_no_login_fetcher
ok,,5,2026-09-25,play_store,18.18.1,en,0,d02f631c-a3f7-48fc-9e84-212ba027ae2c,Groww,com.nextbillion.groww,google_play_public_no_login_fetcher
super,,5,2026-09-25,play_store,18.18.1,en,0,fb7af961-ee41-4113-8751-f2fd4d4163e8,Groww,com.nextbillion.groww,google_play_public_no_login_fetcher
very good user interface,,5,2026-09-25,play_store,18.17.3,en,0,307d1218-9648-4884-9f65-3a38be08d13a,Groww,com.nextbillion.groww,google_play_public_no_login_fetcher
good broker,,5,2026-09-25,play_store,18.19.0,en,0,68e9a3ce-c31e-474d-883e-4210bcdf319a,Groww,com.nextbillion.groww,google_play_public_no_login_fetcher
i am unable to add family members account.. it gets stuck on relationship part and says.. there seems to be an internet issue... which is totally untrue,,4,2026-09-25,play_store,,en,0,82de1649-67ef-40ed-b69a-945e8236ac45,Groww,com.nextbillion.groww,google_play_public_no_login_fetcher
kya jh@t jaisa app hai 2 din baad baad update dena parta hai 😑🤬,,1,2026-09-25,play_store,18.18.1,en,0,c9f87509-a793-452f-9971-49c1ea7293f5,Groww,com.nextbillion.groww,google_play_public_no_login_fetcher
gud,,5,2026-09-25,play_store,18.17.3,en,0,90bed65c-a9dd-4b7c-9259-77f965736bad,Groww,com.nextbillion.groww,google_play_public_no_login_fetcher
good,,5,2026-09-25,play_store,18.16.1,en,0,df2b2f49-57a9-4274-88ea-bd817fe2d769,Groww,com.nextbillion.groww,google_play_public_no_login_fetcher
excellent share market app for beginners. easy to use.,,5,2026-09-25,play_store,18.18.1,en,1,7d99200b-a18a-40d8-94d5-d7397a134fdb,Groww,com.nextbillion.groww,google_play_public_no_login_fetcher
very useful platform.,,5,2026-09-25,play_store,18.16.1,en,0,36d97657-7c32-4e2d-9adf-4681e0ca0d2e,Groww,com.nextbillion.groww,google_play_public_no_login_fetcher
"easy to handle and smooth process,perfect platform for beginners",,5,2026-09-25,play_store,18.18.1,en,0,9ae00133-f860-44a1-9d0f-f7e4004e70fe,Groww,com.nextbillion.groww,google_play_public_no_login_fetcher
good,,5,2026-09-25,play_store,18.18.1,en,0,9afb7578-bf0f-40a1-a71c-55bc17702c5d,Groww,com.nextbillion.groww,google_play_public_no_login_fetcher
Simple and clear 🌟,,5,2026-09-25,play_store,18.18.1,en,0,e707d633-5869-4221-9bd1-56320af0661b,Groww,com.nextbillion.groww,google_play_public_no_login_fetcher
मैं Groww को 3 साल से use कर रहा हूं लेकिन मैंने हजार बार रिक्वेस्ट की है इनक सपोर्ट सिस्टम से कि मेरा App बहुत हैंग हो रहा है उसकी स्पीड नहीं है price का मोमेंट भी करंट नहीं है,,2,2026-09-25,play_store,17.16,en,0,6f389c15-43c2-4048-ab33-69905eb0d6b0,Groww,com.nextbillion.groww,google_play_public_no_login_fetcher
nice,,5,2026-09-25,play_store,18.18.1,en,0,d4e3cdf9-68d7-4f6c-9367-ea09863c66d3,Groww,com.nextbillion.groww,google_play_public_no_login_fetcher
very fine app,,5,2026-09-25,play_store,18.18.1,en,0,417d69ca-1ee5-48fd-aee1-d496f875eb25,Groww,com.nextbillion.groww,google_play_public_no_login_fetcher
f&Onot working is file,,4,2026-09-25,play_store,18.18.1,en,0,680ea229-6360-4bd2-a09a-dc3cb4520244,Groww,com.nextbillion.groww,google_play_public_no_login_fetcher
okok,,4,2026-09-25,play_store,18.18.1,en,1,b331696e-ad9c-4450-8b6f-5dde09e8c59e,Groww,com.nextbillion.groww,google_play_public_no_login_fetcher
trusted,,5,2026-09-25,play_store,18.18.1,en,0,de575bf0-5878-4f63-a43b-271613541944,Groww,com.nextbillion.groww,google_play_public_no_login_fetcher
good app's,,5,2026-09-25,play_store,18.17.3,en,0,c2999690-ecc1-4ccb-930e-ecddef476051,Groww,com.nextbillion.groww,google_play_public_no_login_fetcher
good,,5,2026-09-25,play_store,18.17.3,en,0,8fa8bdea-a130-4225-8222-390dd8ad8853,Groww,com.nextbillion.groww,google_play_public_no_login_fetcher
"Absolute garbage experience. Active SIP and IPO UPI mandates just vanish from the Live section for no reason. A finance app handling people’s money should not be this unreliable. Groww is very quick to charge users, but apparently fixing basic bugs is too much to ask.",,1,2026-09-25,play_store,18.18.1,en,5,2c3d3e9c-7ff7-4806-a566-36ebe731aff5,Groww,com.nextbillion.groww,google_play_public_no_login_fetcher
very good,,5,2026-09-25,play_store,18.18.1,en,0,bcdff5c2-0505-4cd8-9fe9-0547433ffd85,Groww,com.nextbillion.groww,google_play_public_no_login_fetcher
exalant,,5,2026-09-25,play_store,18.17.3,en,0,9f267983-a393-49c9-8ba4-33766358c266,Groww,com.nextbillion.groww,google_play_public_no_login_fetcher
plz update my app,,5,2026-09-25,play_store,18.18.1,en,0,39b6bdc5-2db8-465e-8ca7-9f7ffde75c2c,Groww,com.nextbillion.groww,google_play_public_no_login_fetcher
"very poor, not satisfied, slippage is more ..",,5,2026-09-25,play_store,18.17.3,en,1,31d802fa-957f-4d81-89e1-c949cf6bd82c,Groww,com.nextbillion.groww,google_play_public_no_login_fetcher
good,,5,2026-09-25,play_store,18.17.3,en,0,1b4183d8-0ace-44c1-9215-311102958801,Groww,com.nextbillion.groww,google_play_public_no_login_fetcher
best,,3,2026-09-25,play_store,18.17.3,en,0,34194922-e58e-4404-b13d-993b2f129176,Groww,com.nextbillion.groww,google_play_public_no_login_fetcher
good,,5,2026-09-25,play_store,18.17.3,en,0,7803c887-d34a-410b-9251-b498ed37b771,Groww,com.nextbillion.groww,google_play_public_no_login_fetcher
okay,,5,2026-09-25,play_store,18.18.0,en,0,c0fa7398-a99b-4ac1-90d9-11e1612c54ac,Groww,com.nextbillion.groww,google_play_public_no_login_fetcher
very good,,5,2026-09-25,play_store,18.18.1,en,0,a1576789-d07d-430b-9de5-60d8332ed4ee,Groww,com.nextbillion.groww,google_play_public_no_login_fetcher
update is not getting better instead kinda scary with all the sudden lagging and network problems even when network is fine. Now biometric authentication has disappeared.,,2,2026-09-25,play_store,18.18.1,en,0,1d02d9e9-38f6-4ebf-b444-2795e1b8e1c7,Groww,com.nextbillion.groww,google_play_public_no_login_fetcher
super,,5,2026-09-25,play_store,18.16.1,en,0,aa805520-b307-4c9a-84df-ac14c8173722,Groww,com.nextbillion.groww,google_play_public_no_login_fetcher
"why graph is not available for 2 days after the update? graph of this day is not showing properly. 1 week, 1 month etc are fine. please make sure these things are working properly before releasing an update",,2,2026-09-25,play_store,18.18.1,en,1,f58a3909-d8ce-4f0b-a6e4-f8c7e0f4a226,Groww,com.nextbillion.groww,google_play_public_no_login_fetcher
Good 👍,,5,2026-09-25,play_store,18.14.2,en,0,a0502f73-77d7-4fe6-a5f2-f93eef559019,Groww,com.nextbillion.groww,google_play_public_no_login_fetcher
Good and faster,,5,2026-09-25,play_store,18.16.1,en,1,10577a8f-4248-4d58-82c9-5a7fa3a85b10,Groww,com.nextbillion.groww,google_play_public_no_login_fetcher
good app,,5,2026-09-25,play_store,18.16.1,en,0,a2054639-f63d-40ec-a957-85848eb0e82b,Groww,com.nextbillion.groww,google_play_public_no_login_fetcher
excellent,,5,2026-09-25,play_store,18.18.1,en,0,fe1cf98c-006e-4a37-91db-20d4b85e064d,Groww,com.nextbillion.groww,google_play_public_no_login_fetcher
good,,5,2026-09-25,play_store,18.17.3,en,0,34b2fadc-09da-4644-af9f-c53192df6bfe,Groww,com.nextbillion.groww,google_play_public_no_login_fetcher
otp is not coming disgusting app why you even create if you don't want to create account to me you are waste,,1,2026-09-25,play_store,18.18.1,en,1,2f7e7e10-db4c-4530-822f-1fac09ad452e,Groww,com.nextbillion.groww,google_play_public_no_login_fetcher
but paise lose mai hai bar nhi rhe iss app mai.compny profit mai hai or hum lose m,,5,2026-09-25,play_store,18.17.3,en,0,e918d6c2-91f1-497e-bb80-97c4851f77e7,Groww,com.nextbillion.groww,google_play_public_no_login_fetcher
rudchh,,5,2026-09-25,play_store,18.18.1,en,0,864f1b1d-fdd8-4cbe-aa06-b5e6d6e1536c,Groww,com.nextbillion.groww,google_play_public_no_login_fetcher
👍,,5,2026-09-25,play_store,18.18.1,en,0,a0d4317b-aa7a-48af-94f6-ba859e80bcf9,Groww,com.nextbillion.groww,google_play_public_no_login_fetcher
nice,,5,2026-09-25,play_store,18.17.3,en,0,7a7dc99d-0e9f-4f7a-9d35-63885cb3e0f6,Groww,com.nextbillion.groww,google_play_public_no_login_fetcher
good,,5,2026-09-25,play_store,18.18.1,en,0,3f9ed766-83f6-41a9-b7fb-12f62e16330d,Groww,com.nextbillion.groww,google_play_public_no_login_fetcher
very good,,5,2026-09-25,play_store,18.18.1,en,0,cc107e75-8fed-4464-86ef-f5234a4ff13e,Groww,com.nextbillion.groww,google_play_public_no_login_fetcher
last 4 years iam using fist time I approach customer service I realized that one of the worst customer service 27936929,,1,2026-09-25,play_store,,en,0,1d38ba6f-3a37-4d93-afe0-00c828b7e60e,Groww,com.nextbillion.groww,google_play_public_no_login_fetcher
osm,,5,2026-09-25,play_store,18.18.1,en,0,8188db6f-edb4-403f-89dd-56b2ae84e763,Groww,com.nextbillion.groww,google_play_public_no_login_fetcher
"good, excellent app",,5,2026-09-25,play_store,18.18.0,en,0,048ada6a-448e-4b2d-a62f-0e3059e1f22e,Groww,com.nextbillion.groww,google_play_public_no_login_fetcher
good,,5,2026-09-25,play_store,18.18.1,en,0,b2ab194f-27b7-4860-9ccd-42a86b16f983,Groww,com.nextbillion.groww,google_play_public_no_login_fetcher
"worst experience, it's been a one week account not activated, customer care people instead of solving problems, they suggested that I should delete the account permanently.",,1,2026-09-25,play_store,,en,0,c76ec023-42a1-4828-a096-979af808de1f,Groww,com.nextbillion.groww,google_play_public_no_login_fetcher
essay work,,5,2026-09-25,play_store,18.16.1,en,0,9d80fd4a-09e4-4919-b916-c0efb02be0c3,Groww,com.nextbillion.groww,google_play_public_no_login_fetcher
ok,,5,2026-09-25,play_store,18.18.1,en,0,e98f0908-6520-471e-bbbf-4a28f752e4db,Groww,com.nextbillion.groww,google_play_public_no_login_fetcher
good,,4,2026-09-25,play_store,18.19.0,en,0,fa7b2137-b2bb-4835-822e-923cda94e049,Groww,com.nextbillion.groww,google_play_public_no_login_fetcher
"Very Easy to operate, no any lag",,5,2026-09-25,play_store,18.18.1,en,0,4d868e5d-961c-41fb-ad78-35c011a6074b,Groww,com.nextbillion.groww,google_play_public_no_login_fetcher
superb,,5,2026-09-25,play_store,18.17.3,en,0,e917f9f1-a997-4a9d-9790-38a25fe0eccd,Groww,com.nextbillion.groww,google_play_public_no_login_fetcher
grower,,4,2026-09-25,play_store,18.16.1,en,0,9919135b-7e95-44cd-b2a0-a120509ce89a,Groww,com.nextbillion.groww,google_play_public_no_login_fetcher
good,,5,2026-09-25,play_store,18.18.1,en,0,c0b5659e-704a-40fc-aa74-d629ba5a3152,Groww,com.nextbillion.groww,google_play_public_no_login_fetcher
good,,5,2026-09-25,play_store,18.15.1,en,0,3cad0aff-f386-4e7b-89d8-d582da444585,Groww,com.nextbillion.groww,google_play_public_no_login_fetcher
good exp,,5,2026-09-25,play_store,18.18.1,en,0,7a30732e-3a49-4d25-8689-db7c121c327b,Groww,com.nextbillion.groww,google_play_public_no_login_fetcher
excellent,,5,2026-09-25,play_store,18.18.1,en,1,482827dd-81fd-4e59-8c7b-562d4b202f32,Groww,com.nextbillion.groww,google_play_public_no_login_fetcher
Nice 7,,5,2026-09-25,play_store,18.18.1,en,0,b9be727c-4593-47fa-be12-26517045bdec,Groww,com.nextbillion.groww,google_play_public_no_login_fetcher
"very worst experience with this app.After filling up all the details in the app ,and allotment for some ipo is done,they just blocked my account and they telling me to do Re-Ekyc verification.i don't know --if there is a problem with my account --then why would they inform me before??? customer care support is also very bad and disgusting.",,1,2026-09-25,play_store,18.18.1,en,0,67df5619-cab4-42a5-b99f-bd997a719e4b,Groww,com.nextbillion.groww,google_play_public_no_login_fetcher
this app bugs and sucks and will eat my money and our money be safe don't use this app,,1,2026-09-25,play_store,15.07,en,0,38e077f5-d249-4aee-b0ab-388015f118cb,Groww,com.nextbillion.groww,google_play_public_no_login_fetcher
"After update , application closing itself, scrolling experience become poorer too.",,3,2026-09-25,play_store,17.10,en,0,42729d1f-098b-4469-bb92-603460265947,Groww,com.nextbillion.groww,google_play_public_no_login_fetcher
ok good,,5,2026-09-25,play_store,,en,0,be84096d-c1fc-414c-9afa-ebdb6ff6bc79,Groww,com.nextbillion.groww,google_play_public_no_login_fetcher
fast work,,5,2026-09-25,play_store,18.10.1,en,0,3f1d16c3-0c95-411e-ba7b-1262a391e688,Groww,com.nextbillion.groww,google_play_public_no_login_fetcher
good,,5,2026-09-25,play_store,18.18.1,en,0,caf4fbdd-557b-45e2-8f21-0adb4451320c,Groww,com.nextbillion.groww,google_play_public_no_login_fetcher
charges too high and no trust too much risky,,1,2026-09-25,play_store,18.17.3,en,0,ed4552f1-dc8e-4ff2-8a3b-bdc9b896f85f,Groww,com.nextbillion.groww,google_play_public_no_login_fetcher
why don't showing support and resistance,,1,2026-09-25,play_store,,en,0,1802dd08-877a-46c9-ab12-040c88657f93,Groww,com.nextbillion.groww,google_play_public_no_login_fetcher
"The only thing irritating is when you delete any existing alert (price alert) on Manage Alerts screen of any stock page. The ""Alert Deleted Successfully"" message appears at the bottom which hides the ""Add Alert"" button or the ""Delete"" button on specific alert. The message stays there for some time. Shortcut is you go back to the stock info page and come again to the Alerts page. This is very irritating. It has been like this since last 2 years atleast.",,4,2026-09-25,play_store,18.18.1,en,0,23002b89-a0fb-4662-9e57-485291dadb85,Groww,com.nextbillion.groww,google_play_public_no_login_fetcher
good,,5,2026-09-25,play_store,18.18.1,en,0,dffc76ab-5ab8-4bde-afa8-d99ad0b02097,Groww,com.nextbillion.groww,google_play_public_no_login_fetcher
good,,5,2026-09-25,play_store,18.18.1,en,0,9012ca53-4e50-46d9-9437-6acce3e20e36,Groww,com.nextbillion.groww,google_play_public_no_login_fetcher
super,,5,2026-09-25,play_store,18.18.1,en,0,430e3cda-96e5-494c-97eb-541d8769b447,Groww,com.nextbillion.groww,google_play_public_no_login_fetcher
good app,,1,2026-09-25,play_store,18.18.1,en,0,c26c7589-ade7-4957-90fa-3889e8509653,Groww,com.nextbillion.groww,google_play_public_no_login_fetcher
very user friendly,,5,2026-09-25,play_store,18.18.1,en,0,2e5e3f2d-0079-44fb-bb1e-d4e1db102f0d,Groww,com.nextbillion.groww,google_play_public_no_login_fetcher
"I asked them many times about a particular modification but they didn't make it let me clear this, if trigger orders can be sorted alphabetically (like zerodha),the app would be more useful and easy",,3,2026-09-25,play_store,,en,0,ea520e43-ba47-4845-ac9f-6ef3458d0f8f,Groww,com.nextbillion.groww,google_play_public_no_login_fetcher
this is best app for retailers 🫡,,5,2026-09-25,play_store,18.18.1,en,0,f0f68ae3-e75f-4656-a7f7-952a652d9791,Groww,com.nextbillion.groww,google_play_public_no_login_fetcher
good,,5,2026-09-25,play_store,18.11.1,en,0,cd0fe2e3-9949-4052-af52-b850886943a0,Groww,com.nextbillion.groww,google_play_public_no_login_fetcher
customer friendly,,5,2026-09-25,play_store,18.18.1,en,0,85cc6ae3-761b-40bc-9007-244c7f5537de,Groww,com.nextbillion.groww,google_play_public_no_login_fetcher
I love❤😘,,5,2026-09-25,play_store,18.16.1,en,0,31b559cc-598d-4d25-b106-af0fc4de4f45,Groww,com.nextbillion.groww,google_play_public_no_login_fetcher
tremendous,,5,2026-09-25,play_store,18.16.1,en,0,6592095a-d132-4dc5-a1be-5f95fd9112c5,Groww,com.nextbillion.groww,google_play_public_no_login_fetcher
very bad. my 2 fund missed in Groww App Dashboard,,1,2026-09-25,play_store,18.18.1,en,0,d17d3503-0ad8-4738-a7bc-8767ad0d8f99,Groww,com.nextbillion.groww,google_play_public_no_login_fetcher
very nice and easy to use application. providing upto date details of market.,,5,2026-09-25,play_store,18.18.1,en,0,2d8ee5d6-3c29-4c33-be6f-776b6b8233e9,Groww,com.nextbillion.groww,google_play_public_no_login_fetcher
nice,,5,2026-09-25,play_store,18.18.1,en,0,9421c606-d28e-4cdb-b6ca-7a36fce73dbf,Groww,com.nextbillion.groww,google_play_public_no_login_fetcher
return kami aht ho.,,5,2026-09-25,play_store,18.17.3,en,0,59fddd40-36c5-4812-9973-167a4a7d654f,Groww,com.nextbillion.groww,google_play_public_no_login_fetcher
super,,5,2026-09-25,play_store,18.18.1,en,0,33cefc12-ced5-4cf0-9816-326b8b0a6c37,Groww,com.nextbillion.groww,google_play_public_no_login_fetcher
so happy,,5,2026-09-25,play_store,18.17.3,en,0,03a8b2d7-e741-4da3-b687-d3e541592567,Groww,com.nextbillion.groww,google_play_public_no_login_fetcher
Good Experience,,5,2026-09-25,play_store,18.18.1,en,0,6c61a278-8657-4fd2-82c2-74cdd4103cfb,Groww,com.nextbillion.groww,google_play_public_no_login_fetcher
good,,5,2026-09-25,play_store,18.18.1,en,0,8bc25d0d-d413-4abc-ad94-44018012106f,Groww,com.nextbillion.groww,google_play_public_no_login_fetcher
good 👍,,5,2026-09-25,play_store,18.18.1,en,0,d0d93405-82fa-4e28-ac6e-bf4c8e0b1c94,Groww,com.nextbillion.groww,google_play_public_no_login_fetcher
good aap,,4,2026-09-25,play_store,18.17.3,en,0,24b4322b-4895-429b-8a45-1a46baf0b706,Groww,com.nextbillion.groww,google_play_public_no_login_fetcher
very very good 👍,,5,2026-09-25,play_store,18.17.3,en,0,dcfe6d8d-a3c8-432c-804e-f283a8812571,Groww,com.nextbillion.groww,google_play_public_no_login_fetcher
nice,,5,2026-09-25,play_store,18.18.1,en,0,c7848fa6-6e94-422f-a8b6-08d1fa52dc2f,Groww,com.nextbillion.groww,google_play_public_no_login_fetcher
very good app,,5,2026-09-25,play_store,18.18.0,en,0,92affcc2-aae1-4037-8046-a4282f1ccf0c,Groww,com.nextbillion.groww,google_play_public_no_login_fetcher
Nice,,5,2026-09-25,play_store,18.17.3,en,0,16a552b5-5628-49f6-9d44-feef1af28532,Groww,com.nextbillion.groww,google_play_public_no_login_fetcher
better,,5,2026-09-24,play_store,18.18.1,en,0,7ac28d72-4af8-4fe3-bb33-0a7061b9b825,Groww,com.nextbillion.groww,google_play_public_no_login_fetcher
good 👍,,5,2026-09-24,play_store,18.18.1,en,0,24b174d8-79df-453c-a984-98b691e654a6,Groww,com.nextbillion.groww,google_play_public_no_login_fetcher
excellent 👍,,5,2026-09-24,play_store,18.17.3,en,0,36b1d8d2-0798-4c9b-9be7-75089d21077e,Groww,com.nextbillion.groww,google_play_public_no_login_fetcher
ADD EASY NAME CHANGE OPTION AS PER PAN,,5,2026-09-24,play_store,18.18.1,en,0,cac2c7fc-7ef9-42d5-b531-31486b16b769,Groww,com.nextbillion.groww,google_play_public_no_login_fetcher
very Good,,5,2026-09-24,play_store,18.18.0,en,0,cb54c674-278e-44ba-91ed-28dcd9deb8bf,Groww,com.nextbillion.groww,google_play_public_no_login_fetcher
good,,5,2026-09-24,play_store,18.17.3,en,0,5421943f-93df-4fb0-a294-c259ff66d102,Groww,com.nextbillion.groww,google_play_public_no_login_fetcher
good app,,5,2026-09-24,play_store,18.16.1,en,0,2d234b03-da4a-4b5c-81bd-c77a7f47bc37,Groww,com.nextbillion.groww,google_play_public_no_login_fetcher
Very froud app.,,2,2026-09-24,play_store,18.17.3,en,0,ed14383e-3c46-4b6d-87cb-f6a6628616c5,Groww,com.nextbillion.groww,google_play_public_no_login_fetcher
"If you apply for IPO-s using this Groww App, you won't get a single IPO.",,1,2026-09-24,play_store,18.18.1,en,24,49f7b2af-b8bd-4c56-b0c7-c695df1a99bd,Groww,com.nextbillion.groww,google_play_public_no_login_fetcher
very good 😊,,5,2026-09-24,play_store,18.16.1,en,0,4b8808ba-3c7e-41b9-aa1e-b704604c48d6,Groww,com.nextbillion.groww,google_play_public_no_login_fetcher
very good experience,,5,2026-09-24,play_store,18.18.1,en,0,3be768f7-af08-4587-bea3-e9247a5349ac,Groww,com.nextbillion.groww,google_play_public_no_login_fetcher
best app,,4,2026-09-24,play_store,18.17.3,en,0,9da2d094-5480-416e-84b7-b80318ae08cb,Groww,com.nextbillion.groww,google_play_public_no_login_fetcher
best app,,4,2026-09-24,play_store,18.16.1,en,0,0da011d1-3231-44d6-ac64-ef749cd778b5,Groww,com.nextbillion.groww,google_play_public_no_login_fetcher
Have been using from 2022.,,5,2026-09-24,play_store,18.18.1,en,0,3e9ac405-ca11-4fc1-a695-334f416cd239,Groww,com.nextbillion.groww,google_play_public_no_login_fetcher
good 👍,,5,2026-09-24,play_store,18.12.1,en,0,ce35a049-2651-4c05-8bf8-27d051f0551c,Groww,com.nextbillion.groww,google_play_public_no_login_fetcher
add 2 hour time frame. or at least there should be an option for it. also an option should be there for hiding phone's status bar in chart landscape orientation so that we can see a larger chart area.,,3,2026-09-24,play_store,16.27,en,1,fe612529-6d5b-4cb0-91f1-a42553a57605,Groww,com.nextbillion.groww,google_play_public_no_login_fetcher
nice,,4,2026-09-24,play_store,18.17.3,en,0,3c0370ac-15cb-4795-a127-fae19c2187f7,Groww,com.nextbillion.groww,google_play_public_no_login_fetcher
good trading platform for beginners 👍,,5,2026-09-24,play_store,18.17.3,en,0,ef5746be-3f54-4e38-a490-f9b5b3d3f542,Groww,com.nextbillion.groww,google_play_public_no_login_fetcher
super,,5,2026-09-24,play_store,18.18.1,en,0,fa513a10-54a6-4648-b0f0-bab95cfcf94a,Groww,com.nextbillion.groww,google_play_public_no_login_fetcher
ture,,5,2026-09-24,play_store,18.16.1,en,0,49bf302c-51c8-4f85-a767-3144f4c8ef7b,Groww,com.nextbillion.groww,google_play_public_no_login_fetcher
outstanding,,5,2026-09-24,play_store,18.18.1,en,0,ee937021-9da9-40ac-8010-375f46ddc12c,Groww,com.nextbillion.groww,google_play_public_no_login_fetcher
very good app,,5,2026-09-24,play_store,18.16.1,en,0,8547b077-77e7-4b68-9cc6-e5e6299cd111,Groww,com.nextbillion.groww,google_play_public_no_login_fetcher
best,,5,2026-09-24,play_store,18.17.3,en,0,00792972-5a99-4734-83c9-e9d382df9ff9,Groww,com.nextbillion.groww,google_play_public_no_login_fetcher
bad bad bad bad bad,,1,2026-09-24,play_store,,en,0,d0617492-a34a-4ce9-b8b0-9930157af005,Groww,com.nextbillion.groww,google_play_public_no_login_fetcher
Good App,,5,2026-09-24,play_store,,en,0,20b53375-2f12-4338-bd37-bd9f3d96daff,Groww,com.nextbillion.groww,google_play_public_no_login_fetcher
👍👍👍,,5,2026-09-24,play_store,18.18.1,en,0,9d1e5332-9713-4d04-9c98-d7498b9f4d8f,Groww,com.nextbillion.groww,google_play_public_no_login_fetcher
Groww App's Tredings Lov service provide haig Problem Doplovar,,1,2026-09-24,play_store,18.15.1,en,0,38f7bf66-5c63-402b-b2a7-ce99fbda6d6b,Groww,com.nextbillion.groww,google_play_public_no_login_fetcher
very good,,5,2026-09-24,play_store,18.17.3,en,0,12ee804b-2c78-458f-aed7-3d0ffa862dd4,Groww,com.nextbillion.groww,google_play_public_no_login_fetcher
nice trading and mutual fund growth application,,5,2026-09-24,play_store,18.8.1,en,0,cb53caa7-c728-4ee1-99b3-96aba324fac5,Groww,com.nextbillion.groww,google_play_public_no_login_fetcher
overall best expense,,5,2026-09-24,play_store,18.17.3,en,0,914b94b2-a03d-49d5-9d3b-e45ba0d782ec,Groww,com.nextbillion.groww,google_play_public_no_login_fetcher
nice 👍,,5,2026-09-24,play_store,18.16.1,en,0,d8cfb331-bf06-4453-840b-31f5c6de9b2a,Groww,com.nextbillion.groww,google_play_public_no_login_fetcher
nice,,5,2026-09-24,play_store,18.18.1,en,0,a9e4c368-cdf6-4277-9f0c-8a6956b6aa6f,Groww,com.nextbillion.groww,google_play_public_no_login_fetcher
Mera Account Ak Bar Banane par Bhi Bar Bar Login Information Mang Raha hai Aur OTP Bhi Late Aa Raha hai So Bad App Ghatiya Grow,,1,2026-09-24,play_store,18.17.3,en,1,c6012f55-364e-4214-8231-fcba1488dcf3,Groww,com.nextbillion.groww,google_play_public_no_login_fetcher
my money was not returned,,5,2026-09-24,play_store,18.18.1,en,0,69e9b8fd-03bd-41eb-86cf-8e51223c2b08,Groww,com.nextbillion.groww,google_play_public_no_login_fetcher
Good App.,,5,2026-09-24,play_store,18.17.3,en,0,2e98a778-2ce3-46d1-920c-77b7b534cbaa,Groww,com.nextbillion.groww,google_play_public_no_login_fetcher
very bad app,,1,2026-09-24,play_store,,en,0,0285f4f6-37f5-469b-be4f-ccb04f435189,Groww,com.nextbillion.groww,google_play_public_no_login_fetcher
👍,,5,2026-09-24,play_store,18.17.3,en,0,3806dbd3-9993-4346-92f7-6076703616e8,Groww,com.nextbillion.groww,google_play_public_no_login_fetcher
good 👍🏼,,5,2026-09-24,play_store,18.17.3,en,0,faacc80c-0a5d-4458-8851-0792943c12cb,Groww,com.nextbillion.groww,google_play_public_no_login_fetcher
good,,5,2026-09-24,play_store,18.18.1,en,0,dec51c35-d86a-40cb-87f5-7ed395112360,Groww,com.nextbillion.groww,google_play_public_no_login_fetcher
well done Nd Thnx,,5,2026-09-24,play_store,18.18.1,en,1,8143ccc2-5ee5-428d-b154-4fcac48ac522,Groww,com.nextbillion.groww,google_play_public_no_login_fetcher
at now it's going great let's see later,,5,2026-09-24,play_store,18.18.1,en,0,a737f991-7ad0-4ccf-8f4e-f6caa14165f2,Groww,com.nextbillion.groww,google_play_public_no_login_fetcher
Good,,5,2026-09-24,play_store,18.11.1,en,0,985c66ce-a8d4-4fad-a5e5-479c533a3f30,Groww,com.nextbillion.groww,google_play_public_no_login_fetcher
Very Bad Service: म्युचुअल फंड में पहले से ही पेटीएम अकाउंट लगा हुआ है बैंक चेंज करने का जो ऑप्शन होता है उसको चेंज कर रहे हैं पर वह हो ही नहीं रहा है एक मार कि नहीं हो रहा है ले ही नहीं रहा है पहले मैंने मेल भी डाला था फिर भी सुधार नहीं होगा नए नए अपडेट आते हैं लेकिन फिर भी सुधार नहीं होता है म्युचुअल फंड में मेरा अकाउंट चेंज होने का ऑप्शन आ जाए और चेंज में कर सकूं नहीं हो रहा है,,1,2026-09-24,play_store,18.18.1,en,0,3329d1c4-9208-4d81-ba6f-9ca8c09a9365,Groww,com.nextbillion.groww,google_play_public_no_login_fetcher
ok,,4,2026-09-24,play_store,18.18.1,en,0,8530b99e-4925-4c2d-9f00-9780ab1dac07,Groww,com.nextbillion.groww,google_play_public_no_login_fetcher
good,,5,2026-09-24,play_store,18.18.1,en,1,69280fc7-4e21-49c2-9ed2-5416f3342627,Groww,com.nextbillion.groww,google_play_public_no_login_fetcher
get ready to face recovery calls from their agents if your account balance remains in debit due to any reason for 4-5 months. worst broker who appoints recovery agents to collect debit balances from their customers. on one side they constantly keep on accruing delayed payment charges and on other side they also share your details to recovery agents to make calls directly to customers and ask them to clear debit balance on their account otherwise they will report it to CIBIL authorities.,,1,2026-09-24,play_store,18.17.3,en,0,809fad18-a208-4e9b-8558-3ec3cd36f7c8,Groww,com.nextbillion.groww,google_play_public_no_login_fetcher
good,,5,2026-09-24,play_store,18.16.1,en,0,0a8ddcf8-ebb8-497a-b745-d1f5d959165e,Groww,com.nextbillion.groww,google_play_public_no_login_fetcher
Deshraj kumar mast,,5,2026-09-24,play_store,18.17.3,en,0,1a56d019-8b48-40c9-a618-cd7f15537081,Groww,com.nextbillion.groww,google_play_public_no_login_fetcher
good,,5,2026-09-24,play_store,18.17.3,en,0,202d51a6-48c3-44f3-861c-3cd7f0d424f2,Groww,com.nextbillion.groww,google_play_public_no_login_fetcher
good,,3,2026-09-24,play_store,18.17.3,en,0,09bad21c-57ca-4114-b931-a8cd73fc1bab,Groww,com.nextbillion.groww,google_play_public_no_login_fetcher
Good 👍,,5,2026-09-24,play_store,18.17.3,en,0,ac198e8f-2ab5-4ea6-b744-6e886bfee21f,Groww,com.nextbillion.groww,google_play_public_no_login_fetcher
"Thank you, Groww, for adding this fantastic feature that allows us to use multiple accounts from a single device. It is very convenient and useful. However, there is one issue: the added accounts are automatically logged out multiple times, and we have to log in again each time. Please fix this issue so that we can use the multiple-account feature smoothly without interruptions. Also, currently the OTP is sent to the registered mobile number. Could you please provide an option to send the OTP",,4,2026-09-24,play_store,18.18.1,en,1,547c3222-f438-4a8c-ba52-f2192c2ac70b,Groww,com.nextbillion.groww,google_play_public_no_login_fetcher
good,,4,2026-09-24,play_store,18.17.3,en,0,b04c86c6-ab44-4e88-ba7e-6db461b283aa,Groww,com.nextbillion.groww,google_play_public_no_login_fetcher
great,,5,2026-09-24,play_store,18.18.1,en,0,588def99-e12c-4553-9638-9ba1b24b043c,Groww,com.nextbillion.groww,google_play_public_no_login_fetcher
good,,5,2026-09-24,play_store,18.17.3,en,0,e0fab2f2-52c1-469a-857b-74f64f082d25,Groww,com.nextbillion.groww,google_play_public_no_login_fetcher
Great app,,4,2026-09-24,play_store,18.16.1,en,0,d1d5623f-3b23-4c0f-bdc9-1f8ef905bbca,Groww,com.nextbillion.groww,google_play_public_no_login_fetcher
nice,,5,2026-09-24,play_store,18.18.1,en,0,9b61d56a-7c8b-4d69-91eb-91233213afac,Groww,com.nextbillion.groww,google_play_public_no_login_fetcher
good 👍,,5,2026-09-24,play_store,18.18.1,en,0,4c289b89-124f-4a50-8581-3f7bfe68b8be,Groww,com.nextbillion.groww,google_play_public_no_login_fetcher
"I have been using this app since August 2018, from the initial days, i started my investing journey with this app, so im kind of nostalgic, its an amazing app, ever updating itself, ever improving, i wish them all the success for their future",,4,2026-09-24,play_store,18.18.1,en,0,304b66f2-008a-4d58-90cb-b497e08339ae,Groww,com.nextbillion.groww,google_play_public_no_login_fetcher
good,,5,2026-09-24,play_store,18.17.3,en,0,bc910b4e-847f-4232-b904-67466f0bb0d0,Groww,com.nextbillion.groww,google_play_public_no_login_fetcher
good 😊,,5,2026-09-24,play_store,18.16.1,en,0,c5510940-265f-4316-9702-939da82dc978,Groww,com.nextbillion.groww,google_play_public_no_login_fetcher
app,,5,2026-09-24,play_store,18.18.1,en,0,59a303b8-3296-418b-9825-bef02203b786,Groww,com.nextbillion.groww,google_play_public_no_login_fetcher
best apps,,5,2026-09-24,play_store,18.19.0,en,0,bd385957-6c66-4ef6-ba78-a1059cd9fcec,Groww,com.nextbillion.groww,google_play_public_no_login_fetcher
👍,,5,2026-09-24,play_store,18.17.3,en,0,7b9f87c1-88e4-45d6-86ed-235ffd8b2397,Groww,com.nextbillion.groww,google_play_public_no_login_fetcher
good platform,,5,2026-09-24,play_store,18.14.1,en,1,126c3fd7-0281-4bf9-929d-c8372f3147d9,Groww,com.nextbillion.groww,google_play_public_no_login_fetcher
निजी,,2,2026-09-24,play_store,18.16.1,en,0,dbd837cc-a85f-49ec-9f49-21054f57d7ef,Groww,com.nextbillion.groww,google_play_public_no_login_fetcher
Thank you,,5,2026-09-24,play_store,18.13.2,en,0,8cdbd191-4fd3-4b7c-9899-250d31f0780b,Groww,com.nextbillion.groww,google_play_public_no_login_fetcher
excellent,,5,2026-09-24,play_store,18.17.3,en,0,c492aee3-aa3d-486c-a71d-1928b795c915,Groww,com.nextbillion.groww,google_play_public_no_login_fetcher
very Easy and Comfortable to Operate Groww app,,5,2026-09-24,play_store,18.18.1,en,0,844389d4-5e84-4312-a39a-4074cb238048,Groww,com.nextbillion.groww,google_play_public_no_login_fetcher
Just brilliant.. Amazing App 👌👌☺️👍,,5,2026-09-24,play_store,18.18.1,en,0,f63754a0-4894-4df9-91cb-8a85a0a7ffd5,Groww,com.nextbillion.groww,google_play_public_no_login_fetcher
good,,5,2026-09-24,play_store,18.18.1,en,0,129e9bcb-22ed-4231-9bc7-294f99b5b041,Groww,com.nextbillion.groww,google_play_public_no_login_fetcher
okay,,5,2026-09-24,play_store,18.17.3,en,0,1f2ea53a-5548-472b-9796-e4a155a93bdd,Groww,com.nextbillion.groww,google_play_public_no_login_fetcher
Please add Directional movement index in groww charts. I contacted the support team they are saying use alternative i.e. trading view charts. But I am convenient to trade by using DMI indicator in groww charts only. I am requesting you to enable DMI indicator in groww charts.,,4,2026-09-24,play_store,18.18.1,en,0,7cd59244-505b-435f-aa36-513ff5c67109,Groww,com.nextbillion.groww,google_play_public_no_login_fetcher
great,,5,2026-09-24,play_store,18.18.1,en,0,63eb1adb-5384-413b-8103-4273d2b1ed6e,Groww,com.nextbillion.groww,google_play_public_no_login_fetcher
good,,4,2026-09-24,play_store,18.17.3,en,0,fcf39279-6301-46ff-8e98-13bde2749102,Groww,com.nextbillion.groww,google_play_public_no_login_fetcher
trading view chart par hi scalper tools add karo or commodity market ke liye bhi scalper tools add karo or better ho jayega app performance please 👍🏻,,4,2026-09-24,play_store,18.18.1,en,0,b2d3749f-3e2f-4f2f-b629-3b9eeb9e8bcc,Groww,com.nextbillion.groww,google_play_public_no_login_fetcher
nice app easy to operate,,5,2026-09-24,play_store,18.17.3,en,0,80748d36-9815-41f5-90bc-ab7f8e62e68b,Groww,com.nextbillion.groww,google_play_public_no_login_fetcher
good,,5,2026-09-24,play_store,18.17.3,en,0,5da2e8ed-9d42-43d1-b1a6-8162f88b022d,Groww,com.nextbillion.groww,google_play_public_no_login_fetcher
very very bad service i have downloaded the aap in June I have submitted my documents for kyc there was a spelling mistake from their side from June till now there are just giving the excuse are technical team will call you there are also not deactivating my account i request to all my indian friends pls don't go with groww app it's having very third class service,,1,2026-09-24,play_store,18.17.3,en,0,08fe857a-92cf-434c-9f4f-01d6a70d6c6a,Groww,com.nextbillion.groww,google_play_public_no_login_fetcher
good 👍,,5,2026-09-24,play_store,18.12.1,en,0,544c7397-625b-4336-8077-137bb6a041fa,Groww,com.nextbillion.groww,google_play_public_no_login_fetcher
super,,5,2026-09-24,play_store,18.18.1,en,0,a161c7f6-124c-4120-b5ea-00f827b14ad2,Groww,com.nextbillion.groww,google_play_public_no_login_fetcher
excellent,,5,2026-09-24,play_store,18.17.3,en,0,28268eb4-1f79-473a-8185-3e50791c311d,Groww,com.nextbillion.groww,google_play_public_no_login_fetcher
very nice 👍,,5,2026-09-24,play_store,18.18.1,en,0,d901f034-77ac-456f-bf16-f56a7fac7a29,Groww,com.nextbillion.groww,google_play_public_no_login_fetcher
ispe pesa jitna na mumkin he ya h pase ke liye,,1,2026-09-24,play_store,,en,0,2bdcf2ea-6762-431d-8c2c-486674cc20da,Groww,com.nextbillion.groww,google_play_public_no_login_fetcher
scalping is to slow app developer need to focus on it,,3,2026-09-24,play_store,18.18.0,en,0,148b69a8-64b2-47d5-a6d1-be0c6659cff3,Groww,com.nextbillion.groww,google_play_public_no_login_fetcher
good,,3,2026-09-24,play_store,18.18.1,en,0,1e85ca75-e735-4eb9-ba8c-7609ac94c56b,Groww,com.nextbillion.groww,google_play_public_no_login_fetcher
ok good,,5,2026-09-24,play_store,18.16.1,en,0,47110eb9-3c7a-4f55-9d99-b69c4e65132f,Groww,com.nextbillion.groww,google_play_public_no_login_fetcher
Brocker Charge is Huge,,1,2026-09-24,play_store,18.18.1,en,0,15aec70f-7ab4-464e-8fad-ef1e4d6ddd9d,Groww,com.nextbillion.groww,google_play_public_no_login_fetcher
"I am not using upi, how can i verify my bank account?",,3,2026-09-24,play_store,18.1.1,en,0,e72f2848-4235-4f20-883f-082fd6c58477,Groww,com.nextbillion.groww,google_play_public_no_login_fetcher
very good,,5,2026-09-24,play_store,18.17.3,en,0,cb84bfd4-8b9c-44b1-8421-39707a4b77f8,Groww,com.nextbillion.groww,google_play_public_no_login_fetcher
super,,5,2026-09-24,play_store,18.18.1,en,1,e61e4de1-d41d-49ca-8011-ab610de3819e,Groww,com.nextbillion.groww,google_play_public_no_login_fetcher
"nowadays they are doing cheating with their customers, I had mutual fund account in groww for many years which is free ,now they are forcing me to open their stock account too so they charged me account opening charges and later on annual maintenance charges. I don't want to do trading or buy or sell any stocks etc then why do you forcing me for that. I am not able to see my mutual funds portfolio status because your inbuilt system is asking for details to open account.",,1,2026-09-24,play_store,18.18.1,en,1,e7f835ec-d787-47ff-b0a2-cef3baab1798,Groww,com.nextbillion.groww,google_play_public_no_login_fetcher
hanif ❤️,,5,2026-09-24,play_store,18.17.3,en,0,d57a5bd0-70f3-4d10-b775-405ec7b98c03,Groww,com.nextbillion.groww,google_play_public_no_login_fetcher
outstanding,,5,2026-09-24,play_store,18.16.1,en,1,d36b172d-e4d8-4550-b1cc-4affde2f8384,Groww,com.nextbillion.groww,google_play_public_no_login_fetcher
so nice 👍👍👍👍👍👍👍👍👍,,5,2026-09-24,play_store,18.16.1,en,0,c965ba05-c15b-437f-a0b9-a96d4ab03681,Groww,com.nextbillion.groww,google_play_public_no_login_fetcher
better,,5,2026-09-24,play_store,18.17.3,en,1,ce2791ed-f143-436b-8b9f-5bc8088531eb,Groww,com.nextbillion.groww,google_play_public_no_login_fetcher
it is best platform to trade for beginners all details to trade is provided in it. technical analysis and financial analysis given in this app .so good to go with this platform with proper research on app then you are ready to trade,,5,2026-09-24,play_store,18.18.1,en,1,8e84c718-1e93-4b80-a87c-f5114c06c613,Groww,com.nextbillion.groww,google_play_public_no_login_fetcher
"Misleading Dashboard Data and Zero Support AccountabilityGroww is showing severe backend lag that directly affects your money. The app misled me by showing my average buy price as ₹221 for 50 shares. I sold at ₹227 to secure a profit, but the app instantly recalculated my execution background to an average of ₹233.5, turning a winning trade into an unfair loss. Their customer service team is highly dismissive and flat out refuses to accept that their system glitched.",,1,2026-09-24,play_store,18.18.1,en,1,54212b64-7032-4a6b-a9d9-f7a58caa512b,Groww,com.nextbillion.groww,google_play_public_no_login_fetcher
all ok but charge heavy,,4,2026-09-24,play_store,18.17.3,en,1,dab512f4-f106-4307-b6f0-ffa39678d809,Groww,com.nextbillion.groww,google_play_public_no_login_fetcher
बहुत बढ़िया Groww App है। बहुत फास्ट चलता है और इसे समझना आसान है। I love groww app.,,5,2026-09-24,play_store,18.17.3,en,0,d7816c24-91cc-4c75-bf29-5d3813c83097,Groww,com.nextbillion.groww,google_play_public_no_login_fetcher
n good,,5,2026-09-24,play_store,18.18.1,en,0,d5269aa4-5c0b-4a86-ac16-30662452083b,Groww,com.nextbillion.groww,google_play_public_no_login_fetcher
too many glitch,,1,2026-09-24,play_store,18.18.1,en,0,c9f7a39d-145a-43c6-bbde-ca1f68607be7,Groww,com.nextbillion.groww,google_play_public_no_login_fetcher
good verry nice,,5,2026-09-24,play_store,18.16.1,en,0,9a1fa86a-c6eb-423a-a081-1b5d77b3fcae,Groww,com.nextbillion.groww,google_play_public_no_login_fetcher
Not allowing me to withdraw my money!,,1,2026-09-24,play_store,18.18.1,en,0,50d34d2d-cead-4675-914d-4b5acf2a6e63,Groww,com.nextbillion.groww,google_play_public_no_login_fetcher
best,,5,2026-09-24,play_store,18.13.2,en,0,1354a3a5-34a9-4a38-9ec2-9648bbb2230c,Groww,com.nextbillion.groww,google_play_public_no_login_fetcher
help full app's,,5,2026-09-24,play_store,18.17.3,en,0,0415521e-13fc-486f-8a75-877145534707,Groww,com.nextbillion.groww,google_play_public_no_login_fetcher
ok,,5,2026-09-24,play_store,17.31,en,0,888c8093-140f-48d3-be67-bbb1133127fb,Groww,com.nextbillion.groww,google_play_public_no_login_fetcher
very good user friendly app and using since 2024,,5,2026-09-24,play_store,18.18.1,en,0,ad1997d0-5097-49e0-a907-0e0eadb6ccd1,Groww,com.nextbillion.groww,google_play_public_no_login_fetcher
"Extremely disappointing app. If you value your money, think twice before using Groww. Their support is frustrating, charges are poorly explained, and unexpected charges can leave you confused. I’ve been investing/trading for 5+ years and started my investment journey at 16, inspired by Warren Buffett. I have invested ₹3+ lakh through Groww and am extremely frustrated with their service. I don’t even want to give 1 star because they don’t deserve it. I’d rather pay AMC elsewhere than use Groww😡",,1,2026-09-24,play_store,18.18.1,en,1,3cd0287a-1a69-4d16-9b0d-93f05b98b4f5,Groww,com.nextbillion.groww,google_play_public_no_login_fetcher
order processing slow hai,,3,2026-09-24,play_store,18.16.1,en,0,408c5eeb-d52e-40f3-afc3-78153fed3769,Groww,com.nextbillion.groww,google_play_public_no_login_fetcher
ok,,4,2026-09-24,play_store,18.17.3,en,0,13d6d17b-0934-491f-a03f-4bd03afaa9d4,Groww,com.nextbillion.groww,google_play_public_no_login_fetcher
good,,5,2026-09-24,play_store,18.1.1,en,0,5934df86-0f32-47a1-8151-5fdb82dc6614,Groww,com.nextbillion.groww,google_play_public_no_login_fetcher
nice app,,5,2026-09-24,play_store,18.17.3,en,0,53edd361-db28-4a89-b94f-047d7144cd85,Groww,com.nextbillion.groww,google_play_public_no_login_fetcher
nice &easy,,5,2026-09-24,play_store,18.17.3,en,0,41b50b04-8ae1-4329-8850-de8d5373c89a,Groww,com.nextbillion.groww,google_play_public_no_login_fetcher
nice experience is groww app,,5,2026-09-24,play_store,18.18.1,en,0,f1ff9859-d57e-4287-ae8b-55bc68d201af,Groww,com.nextbillion.groww,google_play_public_no_login_fetcher
good 😊,,5,2026-09-24,play_store,,en,0,ef419d8a-2008-4f16-a14f-566fe06a2ffe,Groww,com.nextbillion.groww,google_play_public_no_login_fetcher
good 👍🏻,,4,2026-09-24,play_store,,en,0,2b1ae792-f96f-4da3-a2c9-285a8e527a75,Groww,com.nextbillion.groww,google_play_public_no_login_fetcher
good service,,5,2026-09-24,play_store,18.17.3,en,0,5e088aa7-f18a-4477-a281-33e4dcdd94ca,Groww,com.nextbillion.groww,google_play_public_no_login_fetcher
"options chain keep getting stuck in live session! No stability. They change layout at will which affect trading flow. Fno section's layout has been changed which has made it more difficult and cluttered to execute trades on top of it it's glitchy. can't believe an app with do many subscribers can do such a poor job and can be so glitchy especially an app which deals with trading. when their customer care was approached the only answer they had was ""sorry for inconvenience"".",,1,2026-09-24,play_store,18.18.1,en,48,0bc7f32b-dc43-4226-9587-6b4388408341,Groww,com.nextbillion.groww,google_play_public_no_login_fetcher
s i na,,5,2026-09-24,play_store,18.17.3,en,0,a6c59173-c493-407f-88a2-49dacae22541,Groww,com.nextbillion.groww,google_play_public_no_login_fetcher
very good,,5,2026-09-24,play_store,18.13.2,en,0,59d8e2b5-4a94-4e2f-bb06-d79ad5d802c6,Groww,com.nextbillion.groww,google_play_public_no_login_fetcher
very good,,5,2026-09-24,play_store,18.17.3,en,0,95fad043-8f2f-4037-86d9-6b88c13f883e,Groww,com.nextbillion.groww,google_play_public_no_login_fetcher
great experiance,,5,2026-09-24,play_store,18.17.3,en,0,38092f75-737a-4542-b338-e8ea4403ddd6,Groww,com.nextbillion.groww,google_play_public_no_login_fetcher
user friendly,,5,2026-09-24,play_store,18.17.3,en,0,9072d665-1ec8-4083-a7b8-7a5fd9a1331f,Groww,com.nextbillion.groww,google_play_public_no_login_fetcher
very good,,5,2026-09-24,play_store,18.17.3,en,0,9e3800b6-54ed-4dca-aedd-aabc7ea07618,Groww,com.nextbillion.groww,google_play_public_no_login_fetcher
very disturbing app very irritating app bahut sari information chahie isko bhi faltu ki itni information aur koi trading app nahin mangta hai isko banane Wale bevkuf Hai Shayad is app ko Play Store se hi delete ho jana chahie hamesha ke liye I never recommend this app for anyone,,1,2026-09-24,play_store,18.18.1,en,0,6896113a-eef5-4023-8060-b9140a7809cf,Groww,com.nextbillion.groww,google_play_public_no_login_fetcher
good,,5,2026-09-24,play_store,18.18.1,en,0,93d69151-075e-4fad-bc0e-526f21c11b5b,Groww,com.nextbillion.groww,google_play_public_no_login_fetcher
awesome app..easy to navigate and user friendly.,,5,2026-09-24,play_store,18.17.3,en,0,f54a368c-ad65-4f35-ba94-6c08fa86b13d,Groww,com.nextbillion.groww,google_play_public_no_login_fetcher
जि,,5,2026-09-24,play_store,18.18.1,en,0,662b2ee9-edec-4837-9c73-839f27e3514b,Groww,com.nextbillion.groww,google_play_public_no_login_fetcher
इस ऐप को इस्तेमाल करने से पहले इसके बारे में अच्छे से जानकारी ले ले बिना किसी नॉलेज के इस ऐप को इस्तेमाल मत करना मैं पहले ही बता रहा हूं,,1,2026-09-24,play_store,18.18.1,en,0,922f00dd-98fb-4ee0-85b8-13d3f2d94498,Groww,com.nextbillion.groww,google_play_public_no_login_fetcher
"Excellent app for investing and trading. The interface is simple, easy to understand, and beginner-friendly. Account opening, mutual fund investments, and stock purchases are smooth and fast. Portfolio tracking is clear, and the app provides useful information for investors. Overall, a great experience with Groww. Highly recommended!",,5,2026-09-24,play_store,18.18.1,en,1,896636b1-7145-471e-8117-f31d09dea6ce,Groww,com.nextbillion.groww,google_play_public_no_login_fetcher
good,,5,2026-09-24,play_store,18.16.1,en,0,d799d9c9-9b7a-486a-b71c-dc7ca518ab74,Groww,com.nextbillion.groww,google_play_public_no_login_fetcher
excellent,,5,2026-09-24,play_store,18.17.3,en,0,9c7e597f-aa3a-499a-a4c5-77f07112ee0d,Groww,com.nextbillion.groww,google_play_public_no_login_fetcher
good,,5,2026-09-24,play_store,18.16.1,en,0,3c1a280a-f497-49c9-9a47-ae66d2a0d34a,Groww,com.nextbillion.groww,google_play_public_no_login_fetcher
good,,1,2026-09-24,play_store,18.18.1,en,0,3d99b896-089f-496c-b3c3-a289c24cbcd0,Groww,com.nextbillion.groww,google_play_public_no_login_fetcher
"horrible customer agent support, app lags and no longer we can trust GROWW",,1,2026-09-24,play_store,18.17.3,en,0,ec3931e0-ef03-49ba-9c17-51a5ff3988c4,Groww,com.nextbillion.groww,google_play_public_no_login_fetcher
1. user friendly 2. trustable trading platform 3. technical and fundamental is good,,5,2026-09-24,play_store,18.17.3,en,0,19479737-7452-41cd-81db-9928e03c987b,Groww,com.nextbillion.groww,google_play_public_no_login_fetcher
please update my grow app with all features,,5,2026-09-24,play_store,18.17.3,en,0,251742c9-8d21-46eb-97fe-fd9f9df20242,Groww,com.nextbillion.groww,google_play_public_no_login_fetcher
exllent,,5,2026-09-24,play_store,18.17.3,en,0,a7f299c1-b3fa-41d1-82c8-658bb2f702b0,Groww,com.nextbillion.groww,google_play_public_no_login_fetcher
very good broker,,5,2026-09-24,play_store,18.17.3,en,0,95561998-856c-4b52-b4be-b9ef2a133e6b,Groww,com.nextbillion.groww,google_play_public_no_login_fetcher
its good,,5,2026-09-24,play_store,18.17.3,en,0,5a026f10-863e-4744-9a61-b7b483603683,Groww,com.nextbillion.groww,google_play_public_no_login_fetcher
very good,,5,2026-09-24,play_store,18.17.3,en,0,8dd6f84c-4f8b-477a-8b71-803e59214b65,Groww,com.nextbillion.groww,google_play_public_no_login_fetcher
nice work,,5,2026-09-24,play_store,18.18.1,en,0,4b5e87b7-dcb0-4cd6-8655-94ea0e576294,Groww,com.nextbillion.groww,google_play_public_no_login_fetcher
nice,,5,2026-09-24,play_store,18.17.3,en,0,e5343e31-e2d1-4711-a798-d64b121dc8fe,Groww,com.nextbillion.groww,google_play_public_no_login_fetcher
good,,5,2026-09-24,play_store,18.17.3,en,0,4a6cabed-d3d9-4ee3-aa61-3eeeae94c36a,Groww,com.nextbillion.groww,google_play_public_no_login_fetcher
👌,,5,2026-09-24,play_store,18.18.1,en,1,911c642e-81c8-470b-9bcb-5670a16e9034,Groww,com.nextbillion.groww,google_play_public_no_login_fetcher
👍Excellent app,,5,2026-09-24,play_store,18.17.3,en,0,3af180cf-d4df-48ec-881b-e269cbbab218,Groww,com.nextbillion.groww,google_play_public_no_login_fetcher
markets updates on point .. thanks chart is easy or smooth working..,,5,2026-09-24,play_store,18.17.3,en,0,ae565a75-9feb-4ace-9803-c7cc9f637545,Groww,com.nextbillion.groww,google_play_public_no_login_fetcher
good 👍,,5,2026-09-24,play_store,18.16.1,en,0,d5f34c46-9520-4284-b27a-d8d0396ec8d1,Groww,com.nextbillion.groww,google_play_public_no_login_fetcher
ad bahut aati hai,,1,2026-09-24,play_store,18.17.3,en,0,4b4f87ff-64b0-4d26-92b5-ec4817a6bc46,Groww,com.nextbillion.groww,google_play_public_no_login_fetcher
good,,5,2026-09-24,play_store,18.17.3,en,0,73e7dcff-9c84-4e10-a96e-b9d91eadc0f9,Groww,com.nextbillion.groww,google_play_public_no_login_fetcher
Without informing me and without my consent my high value F&O stock was sold by Groww. Foul play by Groww,,1,2026-09-24,play_store,18.16.1,en,0,b1af33f3-1cda-4de0-9aaa-cde8f9bbb48c,Groww,com.nextbillion.groww,google_play_public_no_login_fetcher
excellent,,5,2026-09-24,play_store,18.12.1,en,0,e2938df6-4a9d-468e-9035-9860d4b9bb52,Groww,com.nextbillion.groww,google_play_public_no_login_fetcher
excellent work 💯,,5,2026-09-24,play_store,18.18.1,en,1,a1a2e324-dbd7-446f-ab22-7851671315be,Groww,com.nextbillion.groww,google_play_public_no_login_fetcher
betar intraday. strategy ❤️,,5,2026-09-24,play_store,18.18.1,en,0,2b82a6e8-03fe-4e6b-be53-c3d8912fbd2d,Groww,com.nextbillion.groww,google_play_public_no_login_fetcher
👍,,5,2026-09-24,play_store,18.17.3,en,0,698b5b50-ebfd-4d42-9a7b-e33fde8924f8,Groww,com.nextbillion.groww,google_play_public_no_login_fetcher
nice,,5,2026-09-24,play_store,18.17.3,en,1,430b3e8a-b7d9-4cbd-a7af-dd9e9a7ded74,Groww,com.nextbillion.groww,google_play_public_no_login_fetcher
very good trading app,,5,2026-09-24,play_store,18.18.0,en,0,3ee74cdd-b44d-43a0-91eb-2c68603d8be0,Groww,com.nextbillion.groww,google_play_public_no_login_fetcher
good,,5,2026-09-24,play_store,18.18.1,en,1,fc8a3827-17b5-4fb4-b87d-a2bd801644aa,Groww,com.nextbillion.groww,google_play_public_no_login_fetcher
very good,,5,2026-09-24,play_store,18.18.1,en,0,e3b2dcc2-37cc-4078-8ef2-51c5e97f91d9,Groww,com.nextbillion.groww,google_play_public_no_login_fetcher
best app,,5,2026-09-24,play_store,18.19.0,en,0,d4d4f7e9-4b9a-45ac-a714-b056b5e29ac7,Groww,com.nextbillion.groww,google_play_public_no_login_fetcher
easy to use,,5,2026-09-23,play_store,18.17.3,en,0,3de800ba-3936-45ab-a311-5b08dd484838,Groww,com.nextbillion.groww,google_play_public_no_login_fetcher
the best app super company highest level,,5,2026-09-23,play_store,18.18.1,en,0,b3a68e15-85f6-4ef4-a0c6-eb75cccaa7d3,Groww,com.nextbillion.groww,google_play_public_no_login_fetcher
charges issue,,1,2026-09-23,play_store,18.17.3,en,0,a96dd399-959e-4a94-97c0-51bae55b37a4,Groww,com.nextbillion.groww,google_play_public_no_login_fetcher
best,,5,2026-09-23,play_store,18.16.1,en,0,9cf93820-1b21-4a77-9da4-45a181936b93,Groww,com.nextbillion.groww,google_play_public_no_login_fetcher
V Good App Only,,5,2026-09-23,play_store,18.17.3,en,0,eacb0488-5248-4714-8112-fe3c5c92026c,Groww,com.nextbillion.groww,google_play_public_no_login_fetcher
nice 👍,,4,2026-09-23,play_store,18.7.1,en,1,f0aa1c54-51e8-444c-8f16-0f361fb04a1c,Groww,com.nextbillion.groww,google_play_public_no_login_fetcher
super App,,5,2026-09-23,play_store,18.18.0,en,0,65f19f03-4494-40ee-8c89-8fa1ed1e0fbd,Groww,com.nextbillion.groww,google_play_public_no_login_fetcher
good,,4,2026-09-23,play_store,18.16.1,en,0,4e114f07-4fa6-46d1-a356-14531767a986,Groww,com.nextbillion.groww,google_play_public_no_login_fetcher
very good aap,,5,2026-09-23,play_store,18.17.3,en,0,ba221b38-e2ab-4f5e-85ba-ad643c9039ab,Groww,com.nextbillion.groww,google_play_public_no_login_fetcher
good 👍,,5,2026-09-23,play_store,18.10.1,en,0,f3a04e7b-daac-4190-bd0a-376153478d8d,Groww,com.nextbillion.groww,google_play_public_no_login_fetcher
Love 😍,,5,2026-09-23,play_store,18.4.2,en,0,7be0a0f4-272b-440f-93bb-70e54735b1a8,Groww,com.nextbillion.groww,google_play_public_no_login_fetcher
grow mutual fund application open problem please help 😔😔🙏,,5,2026-09-23,play_store,18.18.1,en,1,180bea25-af02-475b-b9c9-a98b6b8a1361,Groww,com.nextbillion.groww,google_play_public_no_login_fetcher
excellent,,5,2026-09-23,play_store,18.16.1,en,0,661a7988-1817-43c1-a39e-ace33ce4ca0a,Groww,com.nextbillion.groww,google_play_public_no_login_fetcher
"Good, simple and easy app",,5,2026-09-23,play_store,18.17.3,en,0,e7ed0537-762b-4e3c-9c41-ca56d4eea2e9,Groww,com.nextbillion.groww,google_play_public_no_login_fetcher
I have use multiple trading app but groww is best app,,5,2026-09-23,play_store,,en,0,2e887092-3124-4be9-95a2-ca0da021bf28,Groww,com.nextbillion.groww,google_play_public_no_login_fetcher
best share market apps,,5,2026-09-23,play_store,18.17.3,en,0,3f2688c5-175c-4008-8f26-9307fe278526,Groww,com.nextbillion.groww,google_play_public_no_login_fetcher
it's easier n good for beginners,,5,2026-09-23,play_store,18.17.3,en,0,8bd1bacd-bde7-4289-a5c5-b6834b15174e,Groww,com.nextbillion.groww,google_play_public_no_login_fetcher
good,,4,2026-09-23,play_store,18.17.3,en,0,6e979f43-de02-458f-b52a-de934314f687,Groww,com.nextbillion.groww,google_play_public_no_login_fetcher
Groww app can not work...,,4,2026-09-23,play_store,18.17.3,en,0,dccc38bb-7a18-401d-971b-44181fb9e514,Groww,com.nextbillion.groww,google_play_public_no_login_fetcher
ok,,5,2026-09-23,play_store,18.17.3,en,0,e05d6ba2-f36e-484d-a25d-63b84cf4aeb1,Groww,com.nextbillion.groww,google_play_public_no_login_fetcher
good,,5,2026-09-23,play_store,18.17.3,en,0,faff6410-8b9a-4e31-b870-91470b6a1030,Groww,com.nextbillion.groww,google_play_public_no_login_fetcher
best for Indian market,,5,2026-09-23,play_store,18.17.3,en,0,8a193b67-64dc-4666-b684-9f8b653cda3c,Groww,com.nextbillion.groww,google_play_public_no_login_fetcher
good,,5,2026-09-23,play_store,18.17.3,en,0,4e5d9ca1-ea90-4951-aca3-b0b9aae17453,Groww,com.nextbillion.groww,google_play_public_no_login_fetcher
acha h,,5,2026-09-23,play_store,18.17.3,en,0,04329674-e8d0-4437-98f3-254930c2c66f,Groww,com.nextbillion.groww,google_play_public_no_login_fetcher
badhiya,,5,2026-09-23,play_store,18.18.1,en,0,4cd39fc8-58ec-4e91-8d4c-3116bbac7879,Groww,com.nextbillion.groww,google_play_public_no_login_fetcher
easy to use,,5,2026-09-23,play_store,18.16.1,en,0,7cdd99e8-eb36-4e51-979d-dc6ed4ec86a8,Groww,com.nextbillion.groww,google_play_public_no_login_fetcher
easy for beginners,,5,2026-09-23,play_store,18.18.0,en,0,5705491e-42c3-4ed4-b46a-a033d5ce89b0,Groww,com.nextbillion.groww,google_play_public_no_login_fetcher
dood khub bhalo laglo na sir staff,,5,2026-09-23,play_store,,en,0,1332929b-a47e-4240-b738-1dccca45c02b,Groww,com.nextbillion.groww,google_play_public_no_login_fetcher
op app,,5,2026-09-23,play_store,18.18.1,en,1,cf05d4a7-d670-4fa5-bdbd-20ba0c22e0ea,Groww,com.nextbillion.groww,google_play_public_no_login_fetcher
pathetic service standard and poor app.. otp for login are sent only on mobile and not e-mail id to change email id it's a horrible task...why not take otp on email and change mobile no. not good for regular traders and market watchers..,,1,2026-09-23,play_store,18.18.1,en,1,d061b038-7719-444f-9711-889fe31f28dc,Groww,com.nextbillion.groww,google_play_public_no_login_fetcher
aapki service bahut acchi hai thank u so Mach mujhko ek achcha invester banane ki journey mein Mera Sath dene ke liye,,5,2026-09-23,play_store,18.18.1,en,1,4e6e4aa0-1046-409f-bc4f-41705d8901d5,Groww,com.nextbillion.groww,google_play_public_no_login_fetcher
good,,5,2026-09-23,play_store,18.17.3,en,0,2725848d-8017-4dd8-907c-4faffcc3c4ab,Groww,com.nextbillion.groww,google_play_public_no_login_fetcher
Good,,5,2026-09-23,play_store,18.18.1,en,1,2ec43a90-a5d4-411d-ac1d-40a723d05924,Groww,com.nextbillion.groww,google_play_public_no_login_fetcher
vary bed I am vary sed,,1,2026-09-23,play_store,,en,1,9f0e68e1-2f1e-4f8f-827f-4411aa8f0633,Groww,com.nextbillion.groww,google_play_public_no_login_fetcher
good,,5,2026-09-23,play_store,18.17.3,en,1,dc93991d-615f-46b7-93a0-d8a7cd1a4164,Groww,com.nextbillion.groww,google_play_public_no_login_fetcher
Great app,,5,2026-09-23,play_store,18.17.3,en,1,0e728602-6e84-449d-93c0-c53c08d6eeac,Groww,com.nextbillion.groww,google_play_public_no_login_fetcher
excellent,,5,2026-09-23,play_store,18.16.1,en,1,a9ab97db-c744-4692-b323-0b8e50195405,Groww,com.nextbillion.groww,google_play_public_no_login_fetcher
good,,5,2026-09-23,play_store,18.17.3,en,1,35d544f1-a21e-4689-ab93-a8e4beabfa5e,Groww,com.nextbillion.groww,google_play_public_no_login_fetcher
Very addictive in nature and I have to scroll down a lot to refresh external mutual fund. they have very high brokrage,,1,2026-09-23,play_store,18.18.0,en,0,9595d725-651d-4568-825f-696c0dc7ed6a,Groww,com.nextbillion.groww,google_play_public_no_login_fetcher
"Hi.. Thanks for making this app, it is simple and user friendly. However I request for two thing.. Firstly some advance indicator like opening range breakout, previous day high, low, open close etc may be added. Secondly app is to be build up like that if it is opened in mobile the screen will not go to sleep like zerodha kite. Pls do these updates",,4,2026-09-23,play_store,18.18.1,en,0,4a181ec6-58c5-40b1-95a0-2e269a81bc8b,Groww,com.nextbillion.groww,google_play_public_no_login_fetcher
good 👍,,5,2026-09-23,play_store,18.17.3,en,0,d7b30f8d-99c8-463b-9c1c-f20df5b48225,Groww,com.nextbillion.groww,google_play_public_no_login_fetcher
its a simple and easy app for investment and mutual funds. A small suggestion: make feature of note to watchlisted stocks and portfolio stocks to remember why i keep the stock,,5,2026-09-23,play_store,18.18.1,en,0,a2ad8a58-6e7d-42b2-ae54-2b837672c4b4,Groww,com.nextbillion.groww,google_play_public_no_login_fetcher
Chart IQ must available why you people closed this facility you should start chart IQ very fast That's why I have given 2 stars otherwise it will be 5 star Watchlist vanished in letest update not good,,5,2026-09-23,play_store,18.17.3,en,1,c75ac521-442d-4df5-a101-9ededef9380d,Groww,com.nextbillion.groww,google_play_public_no_login_fetcher
very good,,5,2026-09-23,play_store,18.17.3,en,0,eba47c70-c500-436e-ade0-49591cca78db,Groww,com.nextbillion.groww,google_play_public_no_login_fetcher
good,,1,2026-09-23,play_store,18.17.3,en,0,e5a2fd0b-c9f6-42cc-be15-bb25b51fba10,Groww,com.nextbillion.groww,google_play_public_no_login_fetcher
good 💯,,5,2026-09-23,play_store,18.17.3,en,0,0323008f-bab2-402a-80a9-2b7cb4ed5a6b,Groww,com.nextbillion.groww,google_play_public_no_login_fetcher
ha good night 🌉,,5,2026-09-23,play_store,18.15.1,en,0,c857d5e0-8a0e-4682-9be9-b527770cb5d8,Groww,com.nextbillion.groww,google_play_public_no_login_fetcher
Best App,,5,2026-09-23,play_store,18.18.1,en,0,d688c7bd-1251-4855-856a-571676c4c85c,Groww,com.nextbillion.groww,google_play_public_no_login_fetcher
very good app,,5,2026-09-23,play_store,18.17.3,en,0,814dcd56-025f-4e8e-b9b1-f85843ac9a4c,Groww,com.nextbillion.groww,google_play_public_no_login_fetcher
good,,5,2026-09-23,play_store,18.17.3,en,0,8775312b-d44c-455f-a684-01b7db47984a,Groww,com.nextbillion.groww,google_play_public_no_login_fetcher
Nice App,,5,2026-09-23,play_store,18.17.3,en,0,ac0fcd15-0c2a-40e1-a078-db5f149c5361,Groww,com.nextbillion.groww,google_play_public_no_login_fetcher
excellent,,5,2026-09-23,play_store,18.17.3,en,0,3f157c9f-8ce0-4f62-bd88-aecfe1158257,Groww,com.nextbillion.groww,google_play_public_no_login_fetcher
nice application,,5,2026-09-23,play_store,18.17.3,en,0,6eb5560c-ccac-4a27-a2e5-bc9ceadef438,Groww,com.nextbillion.groww,google_play_public_no_login_fetcher
better,,5,2026-09-23,play_store,18.17.3,en,0,81cf5a2b-4509-4001-b8a7-f40fd28bf59b,Groww,com.nextbillion.groww,google_play_public_no_login_fetcher
nice app,,5,2026-09-23,play_store,18.17.3,en,0,fe8c5474-77c0-4465-aeb8-29c8883a8148,Groww,com.nextbillion.groww,google_play_public_no_login_fetcher
mind blowing trading app,,5,2026-09-23,play_store,18.17.3,en,0,f308a9b0-373e-4a0c-96b1-eee3f38172a1,Groww,com.nextbillion.groww,google_play_public_no_login_fetcher
good,,5,2026-09-23,play_store,18.17.3,en,0,1a7aabfa-7192-461d-b2bc-8ca727300099,Groww,com.nextbillion.groww,google_play_public_no_login_fetcher
good 👍🏿,,5,2026-09-23,play_store,18.17.3,en,0,4257f265-0137-4973-925c-c175362f9048,Groww,com.nextbillion.groww,google_play_public_no_login_fetcher
"Till Date, Groww Is Very Good. Keep Up The Good Work. And Let Us See In Coming Days",,5,2026-09-23,play_store,18.17.3,en,0,74b55a5b-ceca-4d75-aecb-8f1e642a9bbf,Groww,com.nextbillion.groww,google_play_public_no_login_fetcher
worst support......if any trouble no one is helping us...😔also I shared my concern to team though mail no response till now.....albosoltly pathetic..service.....,,1,2026-09-23,play_store,18.17.3,en,0,bacc29a0-3006-49f0-bed1-57d5724144e9,Groww,com.nextbillion.groww,google_play_public_no_login_fetcher
good,,5,2026-09-23,play_store,18.17.3,en,0,d5a74a73-cf6c-41c0-a28c-cc409d6d87c8,Groww,com.nextbillion.groww,google_play_public_no_login_fetcher
very good but thoda sa MTF ka timeline ko unlimited kar de 5 days ki jagah portfolio hamare amount ka 80℅ negative jaye utna limit kar de to groww se achha koi app hoga hi nahi phir,,4,2026-09-23,play_store,18.17.3,en,0,42b32284-41c6-4b38-a3d4-31122de46f90,Groww,com.nextbillion.groww,google_play_public_no_login_fetcher
wow,,4,2026-09-23,play_store,18.14.2,en,0,f1238c1e-6011-40a3-9e3d-cc323ec78caa,Groww,com.nextbillion.groww,google_play_public_no_login_fetcher
good,,5,2026-09-23,play_store,18.17.3,en,0,bde46459-32d3-40da-be61-e197dfdaf948,Groww,com.nextbillion.groww,google_play_public_no_login_fetcher
Ok,,3,2026-09-23,play_store,18.18.0,en,0,6d314cdf-2e1b-48e4-983e-d1e323c61858,Groww,com.nextbillion.groww,google_play_public_no_login_fetcher
good,,4,2026-09-23,play_store,18.17.3,en,0,e28f0fe0-701f-4bdf-aef5-35c2aa6275ce,Groww,com.nextbillion.groww,google_play_public_no_login_fetcher
nice,,5,2026-09-23,play_store,18.18.1,en,1,20754c31-6926-49e7-aa33-47bfa77b4fd3,Groww,com.nextbillion.groww,google_play_public_no_login_fetcher
Good,,5,2026-09-23,play_store,18.17.3,en,1,e6c9a14c-36b3-40df-8a4b-507b5a338fb2,Groww,com.nextbillion.groww,google_play_public_no_login_fetcher
good 👍,,4,2026-09-23,play_store,18.17.3,en,0,10cedb57-9290-4e70-a212-3135fa8074df,Groww,com.nextbillion.groww,google_play_public_no_login_fetcher
best,,5,2026-09-23,play_store,18.17.3,en,0,9954cd49-ce5d-415d-ad53-b359e16c2c3a,Groww,com.nextbillion.groww,google_play_public_no_login_fetcher
Nice broker,,5,2026-09-23,play_store,18.17.3,en,0,bfaff712-a61e-49ab-b3f2-516d3dd3bc0d,Groww,com.nextbillion.groww,google_play_public_no_login_fetcher
nice app,,4,2026-09-23,play_store,18.16.1,en,0,cb94555b-7595-4764-a08e-9198610f52e4,Groww,com.nextbillion.groww,google_play_public_no_login_fetcher
good,,5,2026-09-23,play_store,18.14.2,en,0,dcbc50a3-7b3d-4258-b142-96ed49cf0955,Groww,com.nextbillion.groww,google_play_public_no_login_fetcher
super groww,,5,2026-09-23,play_store,18.17.3,en,0,6e9b0589-8257-493e-9d61-d8f823222206,Groww,com.nextbillion.groww,google_play_public_no_login_fetcher
Good,,5,2026-09-23,play_store,18.17.3,en,0,27deaeaf-1898-4bb0-a97b-ad7195bac1dd,Groww,com.nextbillion.groww,google_play_public_no_login_fetcher
good 👍,,5,2026-09-23,play_store,18.17.3,en,0,139e65bf-7070-4268-b4a0-d0741f3e1132,Groww,com.nextbillion.groww,google_play_public_no_login_fetcher
best app for trading,,5,2026-09-23,play_store,18.17.3,en,0,c7325601-364d-4c08-9fc5-16d77ffefc37,Groww,com.nextbillion.groww,google_play_public_no_login_fetcher
excellent app,,5,2026-09-23,play_store,18.16.1,en,0,6386a828-6b3b-4b17-9829-fbcadf1ab04f,Groww,com.nextbillion.groww,google_play_public_no_login_fetcher
perfect app to use,,5,2026-09-23,play_store,18.17.3,en,0,24f87a11-8255-4193-ba4d-0dd3df7d3e56,Groww,com.nextbillion.groww,google_play_public_no_login_fetcher
edit: your team has incomplete information and I have not gotten dividedends since 6 months now. and since 1 year for another one. it was good when I initially started using this app but since many months the support has not been great,,1,2026-09-23,play_store,,en,0,a97762e8-723f-408d-83ab-272990914dd1,Groww,com.nextbillion.groww,google_play_public_no_login_fetcher
UI is good but charges more,,3,2026-09-23,play_store,,en,0,90a3f377-cd2f-49ea-bb31-42bace586692,Groww,com.nextbillion.groww,google_play_public_no_login_fetcher
super,,5,2026-09-23,play_store,18.17.3,en,0,148dde9b-f1bb-4d70-87d5-4ed42682beed,Groww,com.nextbillion.groww,google_play_public_no_login_fetcher
good 👍,,5,2026-09-23,play_store,18.17.3,en,0,3feb90c4-678d-4fe9-a650-2cf2d22fda29,Groww,com.nextbillion.groww,google_play_public_no_login_fetcher
causing a lot of lag during trade execution leading to loss ...worst experience from past few days,,1,2026-09-23,play_store,18.17.3,en,0,1ad8c2d5-7932-4404-9b79-11eaaff91597,Groww,com.nextbillion.groww,google_play_public_no_login_fetcher
nice,,5,2026-09-23,play_store,18.17.3,en,0,79c32d96-0490-46c2-9787-18895a7840e0,Groww,com.nextbillion.groww,google_play_public_no_login_fetcher
very nice for me 😁😁,,5,2026-09-23,play_store,18.16.1,en,0,00fbf1f5-45d5-4c6c-84a7-be70acbbc3dc,Groww,com.nextbillion.groww,google_play_public_no_login_fetcher
Not Able to see porfolio XIRR in the holding-> portfolio tab.,,2,2026-09-23,play_store,,en,0,8c48c037-d60d-4bff-bd2f-97885451d79b,Groww,com.nextbillion.groww,google_play_public_no_login_fetcher
very user friendly and easy to use,,5,2026-09-23,play_store,18.17.3,en,0,44a94e2e-8eab-4410-8153-486af37f39e0,Groww,com.nextbillion.groww,google_play_public_no_login_fetcher
Pay off graphs are not available for the positions of different expiry. GR-1 AI tool is amazing. But the AI chat history deletion option is not available. Kindly add.,,4,2026-09-23,play_store,18.18.1,en,1,db9db880-fc45-48cb-a708-f8d1d3fc19da,Groww,com.nextbillion.groww,google_play_public_no_login_fetcher
super,,5,2026-09-23,play_store,18.17.3,en,0,5f6ed400-169e-485f-9bdb-ad6d7abbc8bd,Groww,com.nextbillion.groww,google_play_public_no_login_fetcher
High Tax,,1,2026-09-23,play_store,18.17.3,en,0,ff5a6378-3d86-4e1a-8237-56b37deecace,Groww,com.nextbillion.groww,google_play_public_no_login_fetcher
Ye IPO mita kyu nahi,,5,2026-09-23,play_store,18.17.3,en,0,56ac88a3-1993-4280-bc59-b9af2e3578cc,Groww,com.nextbillion.groww,google_play_public_no_login_fetcher
bahut hi India ka number Van app,,5,2026-09-23,play_store,18.17.3,en,0,6a493c89-0315-4fb9-9e7c-58bf97989b8e,Groww,com.nextbillion.groww,google_play_public_no_login_fetcher
♥️,,5,2026-09-23,play_store,18.17.3,en,0,9fd2d2db-3624-4bd5-a3fb-7df77a6ab73b,Groww,com.nextbillion.groww,google_play_public_no_login_fetcher
amazing app for stock market,,5,2026-09-23,play_store,18.18.0,en,0,c84a239b-994f-407f-b48d-3c45e314e678,Groww,com.nextbillion.groww,google_play_public_no_login_fetcher
good,,5,2026-09-23,play_store,18.17.3,en,0,3d9dbfd5-7ea4-464a-bc03-b74eae29ee70,Groww,com.nextbillion.groww,google_play_public_no_login_fetcher
superb,,5,2026-09-23,play_store,18.16.1,en,0,43dd3730-44f5-4f11-9a6d-559e345d6a71,Groww,com.nextbillion.groww,google_play_public_no_login_fetcher
Excellent 👍,,4,2026-09-23,play_store,18.17.3,en,0,894dc366-ac6b-45e0-ba02-80533ce555a2,Groww,com.nextbillion.groww,google_play_public_no_login_fetcher
fine,,5,2026-09-23,play_store,18.17.3,en,0,61a2c885-5b73-4136-a2c0-9659a57c3229,Groww,com.nextbillion.groww,google_play_public_no_login_fetcher
good,,5,2026-09-23,play_store,18.17.3,en,0,4b2577e9-15b0-4cd3-993b-4fa438c555d8,Groww,com.nextbillion.groww,google_play_public_no_login_fetcher
nice I love this app,,5,2026-09-23,play_store,18.17.3,en,0,752a960e-b6de-4078-b119-8b5e76c2503f,Groww,com.nextbillion.groww,google_play_public_no_login_fetcher
very best app,,4,2026-09-23,play_store,18.16.1,en,0,818225c8-6bc4-4bd2-8305-3602ce5b39ad,Groww,com.nextbillion.groww,google_play_public_no_login_fetcher
"Handling a very soft & understandable essay view buy and sell,",,5,2026-09-23,play_store,18.17.3,en,0,82026d83-e9dd-470f-8601-88e527dd29c2,Groww,com.nextbillion.groww,google_play_public_no_login_fetcher
okay,,5,2026-09-23,play_store,18.17.3,en,0,d2e74e88-6a4d-49a5-947d-9a118ecd16ca,Groww,com.nextbillion.groww,google_play_public_no_login_fetcher
good,,4,2026-09-23,play_store,18.17.3,en,0,22551c16-28eb-43b9-8e59-e172e9944331,Groww,com.nextbillion.groww,google_play_public_no_login_fetcher
good,,4,2026-09-23,play_store,18.17.3,en,1,e3b670ac-9fe6-4ff2-93e5-bb7ac1697ae5,Groww,com.nextbillion.groww,google_play_public_no_login_fetcher
👍,,5,2026-09-23,play_store,18.15.1,en,0,2113b44c-e48b-472c-977a-df23227be613,Groww,com.nextbillion.groww,google_play_public_no_login_fetcher
good,,5,2026-09-23,play_store,18.17.3,en,0,0e574727-5365-48cb-8a43-ba8d16040ee0,Groww,com.nextbillion.groww,google_play_public_no_login_fetcher
Best wishes 🤞🙏,,4,2026-09-23,play_store,18.17.3,en,0,b2dc519a-0c0f-417a-aa23-68d61e3f7e43,Groww,com.nextbillion.groww,google_play_public_no_login_fetcher
👍,,5,2026-09-23,play_store,18.16.1,en,0,d5a2c425-fb96-4bcf-9215-4546b485b646,Groww,com.nextbillion.groww,google_play_public_no_login_fetcher
super,,5,2026-09-23,play_store,18.17.3,en,0,e009f70b-21ff-4536-b6b5-1d376c2553b7,Groww,com.nextbillion.groww,google_play_public_no_login_fetcher
👍,,5,2026-09-23,play_store,18.17.3,en,0,82e46a9d-4116-4d8c-8600-946ccae39095,Groww,com.nextbillion.groww,google_play_public_no_login_fetcher
good,,5,2026-09-23,play_store,18.18.1,en,0,1ca23288-6f0d-46a3-b79a-e6c71bb08d91,Groww,com.nextbillion.groww,google_play_public_no_login_fetcher
verry good,,5,2026-09-23,play_store,18.17.3,en,0,1f4b4a0c-ec2d-4488-b590-df6c425d1f6c,Groww,com.nextbillion.groww,google_play_public_no_login_fetcher
very easy interface,,5,2026-09-23,play_store,18.17.3,en,0,0e06f886-5507-48b3-adf4-0a1baae44562,Groww,com.nextbillion.groww,google_play_public_no_login_fetcher
Easy to use and overall good,,5,2026-09-23,play_store,18.15.1,en,0,ed09d0f3-d9b6-4cde-8c30-f0842a12547e,Groww,com.nextbillion.groww,google_play_public_no_login_fetcher
very nice,,5,2026-09-23,play_store,18.17.3,en,0,cf825d23-bf26-4c09-bf51-e30b8684573e,Groww,com.nextbillion.groww,google_play_public_no_login_fetcher
No IPO is in favour of us while using grows but users of other applications have IPO in favour of them.,,2,2026-09-23,play_store,18.17.3,en,0,40982e82-b87f-4350-a676-e1b82d655242,Groww,com.nextbillion.groww,google_play_public_no_login_fetcher
bahut hi accha app hai,,5,2026-09-23,play_store,,en,0,0b4c52a5-a180-4e3a-a9aa-348189f016d4,Groww,com.nextbillion.groww,google_play_public_no_login_fetcher
better,,5,2026-09-23,play_store,18.16.1,en,0,233201b7-0710-4430-861a-555771b2596a,Groww,com.nextbillion.groww,google_play_public_no_login_fetcher
User interface is fabulous. 😍,,5,2026-09-23,play_store,18.17.3,en,0,dd876c0d-0a01-447c-96e2-94d24d8ea62a,Groww,com.nextbillion.groww,google_play_public_no_login_fetcher
"Nice,hassel free investment app",,5,2026-09-23,play_store,18.17.3,en,0,edff66ab-d55f-49ee-8571-5c9d69a20c9f,Groww,com.nextbillion.groww,google_play_public_no_login_fetcher
good service of groww app,,5,2026-09-23,play_store,18.17.3,en,0,6297b7de-6041-459e-9c09-8ced4fb33700,Groww,com.nextbillion.groww,google_play_public_no_login_fetcher
mera jo anubhav raha he. is app par achha nhi raha. isme loss bada bada kar bata dete he.or profit invisible ho jaata he. 2 baar ho chuka he aisa. complaint karne par koi samadhan nahi niklta. hidden charges itne he ki profit dikhta hi nhi ulta profit hote hue bhi account loss me hi dikhta he.,,1,2026-09-23,play_store,18.17.3,en,0,a128420a-e472-4286-8bf5-7741bc3ac1f5,Groww,com.nextbillion.groww,google_play_public_no_login_fetcher
good,,5,2026-09-23,play_store,18.16.1,en,0,af6d2b7d-3596-4fb5-9324-73eee39f5ffd,Groww,com.nextbillion.groww,google_play_public_no_login_fetcher
good 👍,,5,2026-09-23,play_store,18.17.3,en,0,6cefddc6-5dcc-470b-b68c-089d1abf3ca8,Groww,com.nextbillion.groww,google_play_public_no_login_fetcher
nics,,5,2026-09-23,play_store,18.17.3,en,0,4c64db74-cccd-49ea-9341-9178b6df14cd,Groww,com.nextbillion.groww,google_play_public_no_login_fetcher
very good,,5,2026-09-23,play_store,18.17.3,en,0,1fe658cc-3422-4697-adc4-4e9a86337190,Groww,com.nextbillion.groww,google_play_public_no_login_fetcher
Groww is best but Broken charge jada kaat raha hai,,4,2026-09-23,play_store,18.18.0,en,0,e1fcb1a3-0784-4cc0-bdb1-93457cf7afaf,Groww,com.nextbillion.groww,google_play_public_no_login_fetcher
nice app,,5,2026-09-23,play_store,18.17.3,en,0,37dd1f3d-c4fd-4476-9f79-2a8bec3cece8,Groww,com.nextbillion.groww,google_play_public_no_login_fetcher
This broker app demat account close complain customer support team raise after company don't do close my account.,,1,2026-09-23,play_store,18.17.3,en,6,51482f97-3ff7-433c-9860-93294d266ebe,Groww,com.nextbillion.groww,google_play_public_no_login_fetcher
"I am extremely disappointed with Groww’s order execution. Whenever I set a stop-loss and target, my stop-loss is executed at a much lower price, causing a bigger loss, while my target is booked at a lower price, giving me less profit. For example, I bought a Call option at ₹10, set the stop-loss at ₹9, and the target at ₹12. However, the stop-loss was executed near ₹8.25, while the target was booked around ₹11.30. This repeated slippage increases my losses and reduces my profits. Groww should",,1,2026-09-23,play_store,18.17.3,en,1,1c640705-75d7-4a91-97f6-5a133bf5fbbe,Groww,com.nextbillion.groww,google_play_public_no_login_fetcher
good,,5,2026-09-23,play_store,18.18.0,en,0,fb035807-0dee-4555-9446-c58c57cf1091,Groww,com.nextbillion.groww,google_play_public_no_login_fetcher
goods app,,5,2026-09-23,play_store,18.17.3,en,1,97797bf4-4377-445c-b005-50aa0fcb20df,Groww,com.nextbillion.groww,google_play_public_no_login_fetcher
it's good working now,,5,2026-09-23,play_store,18.17.3,en,0,c2949a4c-9672-4f56-b53e-feea9e4c5655,Groww,com.nextbillion.groww,google_play_public_no_login_fetcher
6o,,4,2026-09-23,play_store,,en,0,8b54c565-6616-47aa-b1fc-9c562c20b6be,Groww,com.nextbillion.groww,google_play_public_no_login_fetcher
please also add weightage for each stock in holdings,,5,2026-09-23,play_store,18.17.3,en,0,fe196096-0901-4ff0-9644-05ac92e198cf,Groww,com.nextbillion.groww,google_play_public_no_login_fetcher
good experience,,5,2026-09-23,play_store,18.18.1,en,0,310889fb-384c-4ec6-914e-c82779dbfd84,Groww,com.nextbillion.groww,google_play_public_no_login_fetcher
very good,,5,2026-09-23,play_store,18.16.1,en,0,b12f15bc-6e47-49c4-bf56-2401ac0d18a9,Groww,com.nextbillion.groww,google_play_public_no_login_fetcher
best platform for making money,,5,2026-09-23,play_store,18.13.2,en,0,725e153e-dd1c-4397-bb2f-4066dbc6605a,Groww,com.nextbillion.groww,google_play_public_no_login_fetcher
very user-friendly as compared to other apps.,,5,2026-09-23,play_store,18.17.3,en,0,7d7cf2f4-2fce-483f-90a3-08382359e50c,Groww,com.nextbillion.groww,google_play_public_no_login_fetcher
easy to use,,5,2026-09-23,play_store,18.16.1,en,0,e105533d-d5f8-4e60-9b82-829afa75b3b8,Groww,com.nextbillion.groww,google_play_public_no_login_fetcher
good application ♥️♥️♥️♥️♥️♥️,,5,2026-09-23,play_store,18.17.3,en,1,94be503c-64f9-47d4-bf8d-4d5e9d24d6f5,Groww,com.nextbillion.groww,google_play_public_no_login_fetcher
very nice 💯,,5,2026-09-23,play_store,18.17.3,en,1,6cd1a773-86c4-45ab-a0e1-8f6189ebcfcd,Groww,com.nextbillion.groww,google_play_public_no_login_fetcher
Very nice,,5,2026-09-23,play_store,18.17.3,en,0,5aa9cc86-aa70-419f-92fb-8c14468097fc,Groww,com.nextbillion.groww,google_play_public_no_login_fetcher
every week notification update application bad application 🙏,,1,2026-09-23,play_store,18.18.1,en,0,af93c7bd-ce6d-4c14-a8e0-8241a8bb7db3,Groww,com.nextbillion.groww,google_play_public_no_login_fetcher
good,,5,2026-09-23,play_store,18.17.3,en,0,fe7358ef-cc78-4a01-8793-663c741c6eb6,Groww,com.nextbillion.groww,google_play_public_no_login_fetcher
Good,,5,2026-09-23,play_store,18.17.3,en,0,2333604a-924d-4b5d-b17c-d5f11497b658,Groww,com.nextbillion.groww,google_play_public_no_login_fetcher
Good,,5,2026-09-23,play_store,18.17.3,en,0,5304fc5b-8f8e-4360-943a-b673e2a021d9,Groww,com.nextbillion.groww,google_play_public_no_login_fetcher
nice app,,5,2026-09-23,play_store,18.17.3,en,0,5de6cb54-def2-48a6-8949-d8010e761656,Groww,com.nextbillion.groww,google_play_public_no_login_fetcher
👍 नमस्ते,,5,2026-09-23,play_store,18.16.1,en,0,5e78f2fb-f6af-4b9f-87bb-61d38ad6e644,Groww,com.nextbillion.groww,google_play_public_no_login_fetcher
nice interface,,5,2026-09-23,play_store,18.17.3,en,0,e3bacdff-af53-4d67-93aa-9f2c4bb88535,Groww,com.nextbillion.groww,google_play_public_no_login_fetcher
ok,,5,2026-09-23,play_store,18.9.0,en,0,49a94cc6-f829-4121-857e-d89a3d173af2,Groww,com.nextbillion.groww,google_play_public_no_login_fetcher
godd,,5,2026-09-23,play_store,18.10.1,en,0,8c7c7f38-1c95-42bf-8b10-8ca6fd05c984,Groww,com.nextbillion.groww,google_play_public_no_login_fetcher
good,,5,2026-09-23,play_store,18.17.3,en,0,6140fe0a-dbfe-41f0-b012-b760e44d14ac,Groww,com.nextbillion.groww,google_play_public_no_login_fetcher
🤗😊,,3,2026-09-23,play_store,18.17.3,en,0,4c60bff0-2d63-48ad-b76d-d98153bfc2f4,Groww,com.nextbillion.groww,google_play_public_no_login_fetcher
best,,5,2026-09-23,play_store,18.13.2,en,0,67143000-4c13-4b64-a47b-21eca54d1ac9,Groww,com.nextbillion.groww,google_play_public_no_login_fetcher
app is not working ❌❌no castamer support👎,,1,2026-09-23,play_store,18.18.1,en,0,51ee6999-b43e-475c-a575-ae330b9cdf01,Groww,com.nextbillion.groww,google_play_public_no_login_fetcher
Good 👍,,5,2026-09-23,play_store,18.17.3,en,0,e3dab3bb-e62e-40f7-820d-292bec3ed6fd,Groww,com.nextbillion.groww,google_play_public_no_login_fetcher
excellent platform,,5,2026-09-23,play_store,18.17.3,en,0,aead34a5-515c-4222-b1f3-cee1a31165d6,Groww,com.nextbillion.groww,google_play_public_no_login_fetcher
very good app,,5,2026-09-23,play_store,18.17.3,en,0,86224b54-9b18-4a2f-a414-6e910da3d0b6,Groww,com.nextbillion.groww,google_play_public_no_login_fetcher
good experience,,5,2026-09-23,play_store,18.17.3,en,0,8ebaf8b7-31c3-4885-8bd2-7d05006cf114,Groww,com.nextbillion.groww,google_play_public_no_login_fetcher
this app is working very good,,5,2026-09-23,play_store,18.17.3,en,0,4c7faff2-4f76-41ee-9cc6-27af74ab7de8,Groww,com.nextbillion.groww,google_play_public_no_login_fetcher
so beautiful ❤️😍,,5,2026-09-23,play_store,18.17.3,en,0,3b02bd55-75fa-46ac-a569-047b800b3580,Groww,com.nextbillion.groww,google_play_public_no_login_fetcher
"first time apply for ipo, it becomes easy only on account of groww. thanks",,5,2026-09-23,play_store,18.17.3,en,0,19b0d9a2-a0e4-401f-94a9-4f0057997549,Groww,com.nextbillion.groww,google_play_public_no_login_fetcher
this is my first experience with Grow,,5,2026-09-23,play_store,18.17.3,en,0,5e650265-7462-4158-9d4b-8ed90873ea31,Groww,com.nextbillion.groww,google_play_public_no_login_fetcher
Good apps,,5,2026-09-23,play_store,18.17.3,en,0,6e5fda6b-3706-4168-b5ea-3032da986822,Groww,com.nextbillion.groww,google_play_public_no_login_fetcher
"even though you're charging ₹20 per trade,I love to give it because you people are making me to groww and I like your app name groww which make me groww 💓🤗😎",,5,2026-09-22,play_store,,en,1,eccff620-a15c-435a-b99a-144afb002314,Groww,com.nextbillion.groww,google_play_public_no_login_fetcher
Excellent App for new users. thanks 😊,,5,2026-09-22,play_store,18.17.3,en,0,619f1895-e23d-432e-b66f-54e081ce756f,Groww,com.nextbillion.groww,google_play_public_no_login_fetcher
don't install this appp it will reboot your mobile phone data and it takes information from us during sign in and after that reebots all the data of the 📱 mobile phone,,1,2026-09-22,play_store,,en,0,b1038dfb-8bae-4d08-b083-ac5f937f00a2,Groww,com.nextbillion.groww,google_play_public_no_login_fetcher
indian best trading broker ❤️❤️,,5,2026-09-22,play_store,18.17.3,en,0,4b322d59-6685-41ba-be6d-67c6dce5bbd2,Groww,com.nextbillion.groww,google_play_public_no_login_fetcher
no good,,1,2026-09-22,play_store,18.17.3,en,0,ceed55ee-ad9a-4ef7-8e40-db4e9546b637,Groww,com.nextbillion.groww,google_play_public_no_login_fetcher
best,,5,2026-09-22,play_store,18.12.1,en,0,e496d11b-35a0-4205-b11d-247930be3b8f,Groww,com.nextbillion.groww,google_play_public_no_login_fetcher
v god app,,5,2026-09-22,play_store,18.17.3,en,0,88ad7222-7c46-4b07-a6bc-52ac387cb9ca,Groww,com.nextbillion.groww,google_play_public_no_login_fetcher
in groww u can add one more option. like gift share to anyone so customer base can be increase,,3,2026-09-22,play_store,,en,0,6b8bc973-442a-4411-b9cf-361175189ebb,Groww,com.nextbillion.groww,google_play_public_no_login_fetcher
good app sir,,5,2026-09-22,play_store,18.16.1,en,0,01509ae8-49fb-412a-ac30-3359118c82cd,Groww,com.nextbillion.groww,google_play_public_no_login_fetcher
I am minor and used to use groww without full setup of pan card and bank details now groww does not let me inn to see my watch list I might have used the app in future but not now. I use to watch stock market for education,,1,2026-09-22,play_store,18.17.3,en,0,c3677877-399a-4608-b3a2-067b8f2e6b4e,Groww,com.nextbillion.groww,google_play_public_no_login_fetcher
"great user experience and best for all the investment of stocks and mutual funds, interface of the app is user friendly and great built.",,5,2026-09-22,play_store,18.14.1,en,0,8878c65a-5d9f-40ab-aefc-a9a9c4cd3caa,Groww,com.nextbillion.groww,google_play_public_no_login_fetcher
good app ☺️😊😊☺️😊♥️,,4,2026-09-22,play_store,18.17.3,en,0,5154925d-56a5-4d1a-9a7a-a811a3bea7db,Groww,com.nextbillion.groww,google_play_public_no_login_fetcher
good 😊👍,,5,2026-09-22,play_store,18.17.3,en,0,8304f753-1375-4cb3-9b31-2ea5cedfbfff,Groww,com.nextbillion.groww,google_play_public_no_login_fetcher
very good app,,5,2026-09-22,play_store,18.16.1,en,0,011cde16-4c31-44e1-87a0-1e6be8fe421e,Groww,com.nextbillion.groww,google_play_public_no_login_fetcher
very nice and use ful,,4,2026-09-22,play_store,18.17.3,en,0,c11a061b-29a6-4912-96c8-68ec05adf682,Groww,com.nextbillion.groww,google_play_public_no_login_fetcher
Nice 👍 Best app ☺️,,5,2026-09-22,play_store,18.17.3,en,0,7afa7289-62b4-485e-98e3-02794e2ed20f,Groww,com.nextbillion.groww,google_play_public_no_login_fetcher
good,,5,2026-09-22,play_store,18.17.3,en,0,452e72e6-ba70-4350-88f8-2d0d8ecd0e9e,Groww,com.nextbillion.groww,google_play_public_no_login_fetcher
nice,,5,2026-09-22,play_store,18.17.3,en,0,0b12aab6-f2ad-4222-ace3-177c017502cf,Groww,com.nextbillion.groww,google_play_public_no_login_fetcher
good,,5,2026-09-22,play_store,18.18.0,en,0,e2d84102-33ce-4068-be2d-96885dff57b1,Groww,com.nextbillion.groww,google_play_public_no_login_fetcher
support is amazing,,5,2026-09-22,play_store,18.17.3,en,0,1f680b4a-b67b-47cb-92d3-8d9cd2738826,Groww,com.nextbillion.groww,google_play_public_no_login_fetcher
app is good. but chart and prices especially strike prices take time longer than usual to refresh.... interface is good and simple. pls improve in above addressed issues.. still the app sticks especially in commodities and whenever I set Target it hits less price less than target many times....,,3,2026-09-22,play_store,18.17.3,en,14,8b24bb73-42d7-4c7c-81c7-9299c7ce5d08,Groww,com.nextbillion.groww,google_play_public_no_login_fetcher
briliant apap,,5,2026-09-22,play_store,,en,0,f5eae24d-a793-4ec4-ac9e-d83d52c1f611,Groww,com.nextbillion.groww,google_play_public_no_login_fetcher
very good,,5,2026-09-22,play_store,18.16.1,en,0,e2c3059b-e660-4bf3-99db-2ec8b50cb7c6,Groww,com.nextbillion.groww,google_play_public_no_login_fetcher
nic,,5,2026-09-22,play_store,18.17.3,en,0,2cf6927c-4bf9-49b9-92fd-88dfac70b990,Groww,com.nextbillion.groww,google_play_public_no_login_fetcher
very good,,5,2026-09-22,play_store,18.17.3,en,0,a79b8c7a-f776-4264-a215-6f531fa28ae1,Groww,com.nextbillion.groww,google_play_public_no_login_fetcher
nice to use,,5,2026-09-22,play_store,18.17.3,en,0,ebfe6cef-d785-4c03-894e-ac76f24a1ea9,Groww,com.nextbillion.groww,google_play_public_no_login_fetcher
good 😊,,5,2026-09-22,play_store,18.16.1,en,0,f894616b-4658-4406-a54b-a33152928474,Groww,com.nextbillion.groww,google_play_public_no_login_fetcher
🙏,,5,2026-09-22,play_store,18.18.0,en,0,da71033b-82f3-4f66-9cd3-6c3962476d62,Groww,com.nextbillion.groww,google_play_public_no_login_fetcher
wow,,5,2026-09-22,play_store,18.17.3,en,0,2aa61d7d-d1cd-4e9f-98a1-1988c477aa36,Groww,com.nextbillion.groww,google_play_public_no_login_fetcher
love this App this,,5,2026-09-22,play_store,,en,0,8a242607-a1b1-44ac-918e-fe6a595382f8,Groww,com.nextbillion.groww,google_play_public_no_login_fetcher
bahut achcha aur bahut bahut soft aur clean hai happy ☺️,,5,2026-09-22,play_store,18.17.3,en,0,3e9c0bfc-17f5-4f22-b05d-ba115126bd75,Groww,com.nextbillion.groww,google_play_public_no_login_fetcher
Easy to use and operating smooth and fast working,,5,2026-09-22,play_store,18.16.1,en,0,a14ac3a5-2afe-40a6-b695-db220bb5cb72,Groww,com.nextbillion.groww,google_play_public_no_login_fetcher
nice very nice,,5,2026-09-22,play_store,16.37,en,0,5fcaef05-a904-4aad-b7b7-057ae7b0b2f2,Groww,com.nextbillion.groww,google_play_public_no_login_fetcher
very comfortable,,5,2026-09-22,play_store,18.17.3,en,0,385d04d5-f8b0-4b4a-ac3f-816b211edb70,Groww,com.nextbillion.groww,google_play_public_no_login_fetcher
Don't install this aap,,1,2026-09-22,play_store,18.17.3,en,0,a527c9ea-93fc-4c19-a278-14d92ba62ff1,Groww,com.nextbillion.groww,google_play_public_no_login_fetcher
"This app is really the safest option but I am a little disappointed with the KYC system.. the app is showing 'update your KYC' but when I am clicking, there is some error or glitch ... I am unable to update my KYC. this is my ticket number 27904337",,3,2026-09-22,play_store,18.17.3,en,0,074f317a-6d1c-42a2-b4ab-8752c55445dc,Groww,com.nextbillion.groww,google_play_public_no_login_fetcher
👍,,5,2026-09-22,play_store,18.18.0,en,0,0667c99a-87ce-42b2-992d-a43181221441,Groww,com.nextbillion.groww,google_play_public_no_login_fetcher
comparison option should be available in the app,,4,2026-09-22,play_store,18.17.3,en,0,734687dc-f4ec-45b6-8e93-975592133f1a,Groww,com.nextbillion.groww,google_play_public_no_login_fetcher
"I am facing issue while declaring nominee and for client support i am unable to add screenshot, I hope my issue gets resolved asap",,1,2026-09-22,play_store,18.17.3,en,0,e58a9b48-6540-4032-a6f3-b23b213810c1,Groww,com.nextbillion.groww,google_play_public_no_login_fetcher
super 👍,,4,2026-09-22,play_store,18.17.3,en,0,e6da9c04-4f5e-4937-bd2a-cf4b22e0b7f3,Groww,com.nextbillion.groww,google_play_public_no_login_fetcher
good,,5,2026-09-22,play_store,18.14.1,en,0,9122927f-1e63-4a71-8b2c-b196458d568b,Groww,com.nextbillion.groww,google_play_public_no_login_fetcher
good 💯,,5,2026-09-22,play_store,18.17.3,en,0,36700078-1237-4a57-bf94-f8aeac4b583f,Groww,com.nextbillion.groww,google_play_public_no_login_fetcher
"This app is very good, I have given it five stars, you can also download it from here.",,5,2026-09-22,play_store,,en,0,47149d64-6143-4e9d-bf09-f59b1176f710,Groww,com.nextbillion.groww,google_play_public_no_login_fetcher
good 👍,,5,2026-09-22,play_store,18.17.3,en,0,a5bafd39-d977-4bfb-b1a3-9887cf04d64d,Groww,com.nextbillion.groww,google_play_public_no_login_fetcher
excellent app...10/10,,5,2026-09-22,play_store,18.18.0,en,0,a21dabab-14e3-4240-a396-44328c16043e,Groww,com.nextbillion.groww,google_play_public_no_login_fetcher
excellent 0,,5,2026-09-22,play_store,18.17.3,en,0,955e9333-f293-4042-aa3b-5e0358dfbc34,Groww,com.nextbillion.groww,google_play_public_no_login_fetcher
The main page consisting of indexes at the top is very tiny. Its hard to click and swipe in such a short place. It used to be larger earlier.,,4,2026-09-22,play_store,18.17.3,en,0,a977e472-381d-432a-8595-8e6cad661501,Groww,com.nextbillion.groww,google_play_public_no_login_fetcher
it's fabulous for operating to smooth,,5,2026-09-22,play_store,18.17.3,en,0,50c8c384-01f2-4519-8f73-66c7f751542e,Groww,com.nextbillion.groww,google_play_public_no_login_fetcher
"don't use this app their costomer service is worst while doing kyc mismatch photo also they are verified successful,how this possible and this app is lack of security,i don't recommend this app,and for the first time for updating mobile no they are demanding 50 Rs itna bhikari app aage Tak nahi Deka",,1,2026-09-22,play_store,,en,0,07201f08-857c-4508-92ec-d58af1f5b696,Groww,com.nextbillion.groww,google_play_public_no_login_fetcher
Not able to download mutual funds capital gains downloads. it's showing 'Downloading report but it's not downloading,,4,2026-09-22,play_store,18.18.0,en,0,cdab69cb-27dc-44aa-b3f1-5a55a40f1000,Groww,com.nextbillion.groww,google_play_public_no_login_fetcher
my life line,,1,2026-09-22,play_store,18.18.0,en,0,ad7f0fcf-7d53-44f1-8132-1b90b338164c,Groww,com.nextbillion.groww,google_play_public_no_login_fetcher
great app,,5,2026-09-22,play_store,18.8.1,en,0,07c2bcb3-86a5-40f2-a428-8b85cb3e104c,Groww,com.nextbillion.groww,google_play_public_no_login_fetcher
oh very nice app,,5,2026-09-22,play_store,17.95.2,en,0,5c2b6cfc-d484-498c-9fae-881950f025eb,Groww,com.nextbillion.groww,google_play_public_no_login_fetcher
gud,,5,2026-09-22,play_store,18.16.1,en,0,3b787f00-4770-4f3b-be6c-ba585322bb4b,Groww,com.nextbillion.groww,google_play_public_no_login_fetcher
😃very nice experience,,5,2026-09-22,play_store,18.17.3,en,0,8ce17bea-194d-40fb-8e47-1c21abac2ecf,Groww,com.nextbillion.groww,google_play_public_no_login_fetcher
very nice,,5,2026-09-22,play_store,,en,1,daf51dce-c61a-491a-9b20-bd1f45273094,Groww,com.nextbillion.groww,google_play_public_no_login_fetcher
nice,,5,2026-09-22,play_store,,en,0,f73f0982-7363-4f71-847f-635488ace6bd,Groww,com.nextbillion.groww,google_play_public_no_login_fetcher
very good for trading since 2019....i Am trading with grow 🪴,,5,2026-09-22,play_store,18.17.3,en,0,7b5d6798-e45d-4c29-9adb-2488f740664f,Groww,com.nextbillion.groww,google_play_public_no_login_fetcher
I have had the most horrible experience investing through this platform.,,1,2026-09-22,play_store,18.16.1,en,0,067ae0a2-7d12-4a5b-a619-b5269504fd7c,Groww,com.nextbillion.groww,google_play_public_no_login_fetcher
"worst app to much brokerage and glitch ,I got 2000 as profit but when I press for exit there was 500 loss.never try this app",,1,2026-09-22,play_store,18.18.0,en,0,a9c9a42b-8dc9-4a22-a194-ea1523fe8f52,Groww,com.nextbillion.groww,google_play_public_no_login_fetcher
Paisa khane wala ap hai bas,,1,2026-09-22,play_store,18.18.0,en,1,35ef1faf-01df-4165-b1a0-78468eb7fa1f,Groww,com.nextbillion.groww,google_play_public_no_login_fetcher
👌🏻👍🏻,,5,2026-09-22,play_store,18.17.3,en,0,3614a8cf-784a-484c-946b-4210828a924e,Groww,com.nextbillion.groww,google_play_public_no_login_fetcher
basted broker chor sala vikari,,1,2026-09-22,play_store,,en,0,3b26a6ba-076e-4b93-9d94-ad6814a990f1,Groww,com.nextbillion.groww,google_play_public_no_login_fetcher
I am new to grow as an option trader and MTF.application is good but can be further improve for real time data execution.,,5,2026-09-22,play_store,18.17.3,en,0,a822e0a7-1994-4e4c-b1cf-fed72cd0d59c,Groww,com.nextbillion.groww,google_play_public_no_login_fetcher
"Very bad app, nifty & sensex chart stop moving and also option chain stop moving on live market. And big thing his customer support was very absurd. Suggest to not use this app",,1,2026-09-22,play_store,18.17.3,en,0,b4b0ce86-598f-4efc-896b-f300c2d4fa5a,Groww,com.nextbillion.groww,google_play_public_no_login_fetcher
"this app is a scam because whenever i go to watch MCX price here, the price instantly moves against my position. it means this Prostitute groww shares my IP address with market mafia",,1,2026-09-22,play_store,,en,0,f546dbbb-9044-4aea-879c-b77969c489db,Groww,com.nextbillion.groww,google_play_public_no_login_fetcher
very good,,5,2026-09-22,play_store,18.16.1,en,0,c465fade-be83-4c9e-aca3-df28184a72b1,Groww,com.nextbillion.groww,google_play_public_no_login_fetcher
very good trading app,,4,2026-09-22,play_store,18.17.3,en,0,f711898d-57d7-4e3f-bf95-6fa1853bb0a1,Groww,com.nextbillion.groww,google_play_public_no_login_fetcher
excellent,,5,2026-09-22,play_store,,en,0,a09e5190-62a3-4e6c-bb6f-858f9e18d1da,Groww,com.nextbillion.groww,google_play_public_no_login_fetcher
good,,5,2026-09-22,play_store,18.17.3,en,0,d0d72485-98e2-42d7-a954-3ebcb461b88f,Groww,com.nextbillion.groww,google_play_public_no_login_fetcher
very useful,,5,2026-09-22,play_store,18.8.1,en,0,234fe9bf-486d-4405-a4a7-986d9cd1b2f2,Groww,com.nextbillion.groww,google_play_public_no_login_fetcher
"bonds sell at far lower price then invested, how it possible. stay away for bonds",,1,2026-09-22,play_store,18.16.1,en,1,601c9cf4-03a8-4588-978d-471055ee8dda,Groww,com.nextbillion.groww,google_play_public_no_login_fetcher
nice,,5,2026-09-22,play_store,18.17.3,en,0,62013869-2c79-4a05-933f-26e9f5e5562c,Groww,com.nextbillion.groww,google_play_public_no_login_fetcher
great,,5,2026-09-22,play_store,18.17.3,en,0,70c293a6-3b06-4c63-8ff6-35ac2fdc7c77,Groww,com.nextbillion.groww,google_play_public_no_login_fetcher
"Please make your app better, it is hanging a lot now. Creating a lot of problem in trading. If this issue persists I need to switch some other application.",,4,2026-09-22,play_store,18.17.3,en,0,86ca3848-0ca3-4d65-b30b-c688967b9ab9,Groww,com.nextbillion.groww,google_play_public_no_login_fetcher
nice app I like this,,5,2026-09-22,play_store,,en,0,9e024750-6a37-4d3b-98c1-04e2cd1c3a02,Groww,com.nextbillion.groww,google_play_public_no_login_fetcher
❤️❤️✨,,5,2026-09-22,play_store,,en,0,064a3495-0a39-4772-a1fd-7669f8fe0850,Groww,com.nextbillion.groww,google_play_public_no_login_fetcher
good,,5,2026-09-22,play_store,18.17.3,en,0,6ed6d203-7d8a-4f41-9289-cdbd4424a114,Groww,com.nextbillion.groww,google_play_public_no_login_fetcher
good,,5,2026-09-22,play_store,18.17.3,en,0,a0e903f0-09d9-4615-a777-7adccfb41f29,Groww,com.nextbillion.groww,google_play_public_no_login_fetcher
good,,5,2026-09-22,play_store,18.17.3,en,0,fd310265-6595-4738-9084-0c172fe47e0e,Groww,com.nextbillion.groww,google_play_public_no_login_fetcher
good 👍,,5,2026-09-22,play_store,18.16.1,en,0,9da0fe5f-da70-42f9-83b8-cb52b67b00aa,Groww,com.nextbillion.groww,google_play_public_no_login_fetcher
very good,,5,2026-09-22,play_store,18.17.3,en,1,aae4cc8a-2fcc-4fb5-a639-711167139dc3,Groww,com.nextbillion.groww,google_play_public_no_login_fetcher
❤️❤️❤️❤️❤️❤️❤️❤️❤️,,5,2026-09-22,play_store,18.17.3,en,1,3f34498a-9e5f-486d-9d01-ba9a0d57b41c,Groww,com.nextbillion.groww,google_play_public_no_login_fetcher
good,,5,2026-09-22,play_store,18.16.1,en,0,d428f27e-1329-47f7-b2a8-57f3bc230d5a,Groww,com.nextbillion.groww,google_play_public_no_login_fetcher
good 👍,,5,2026-09-22,play_store,18.17.3,en,0,9e20704f-69d4-4ff6-a990-319bffd51d63,Groww,com.nextbillion.groww,google_play_public_no_login_fetcher
very good👍,,5,2026-09-22,play_store,18.17.3,en,1,67cb2e6d-723e-4e3c-b8eb-5d43478312c3,Groww,com.nextbillion.groww,google_play_public_no_login_fetcher
Best app for ipo,,5,2026-09-22,play_store,18.17.3,en,0,eea0efb2-3939-4c62-89e5-7fd06ae2a6ae,Groww,com.nextbillion.groww,google_play_public_no_login_fetcher
not working and not satisfied with setting and management,,1,2026-09-22,play_store,18.17.3,en,0,00124d29-243f-4e0e-a8eb-180007ba712c,Groww,com.nextbillion.groww,google_play_public_no_login_fetcher
very nice,,5,2026-09-22,play_store,18.17.3,en,0,74c55beb-b284-4514-b456-e597d318d9b5,Groww,com.nextbillion.groww,google_play_public_no_login_fetcher
brokerage charge is high,,3,2026-09-22,play_store,18.17.3,en,0,c5692092-46ac-4ff9-a7c2-9797b82fd0b1,Groww,com.nextbillion.groww,google_play_public_no_login_fetcher
good,,5,2026-09-22,play_store,18.16.1,en,0,9007aa6f-3932-4127-8663-0340642cf101,Groww,com.nextbillion.groww,google_play_public_no_login_fetcher
nice 👍,,5,2026-09-22,play_store,18.16.1,en,0,19c5362d-7a57-4177-8968-51b96cc01cdf,Groww,com.nextbillion.groww,google_play_public_no_login_fetcher
stock market best apps thank you grow app,,5,2026-09-22,play_store,18.17.3,en,0,da1ad4fe-26a4-402d-b5fe-fd27940041ce,Groww,com.nextbillion.groww,google_play_public_no_login_fetcher
good 👍🏼,,5,2026-09-22,play_store,18.17.3,en,0,485772ec-ccc2-411d-937b-b32f9090d1f7,Groww,com.nextbillion.groww,google_play_public_no_login_fetcher
excellent,,5,2026-09-22,play_store,18.17.3,en,0,8e34e6e6-789b-46c0-aad9-7d1d12f771f6,Groww,com.nextbillion.groww,google_play_public_no_login_fetcher
it's good to use,,4,2026-09-22,play_store,18.14.1,en,0,7258d347-66f9-477d-a948-941ab0a185f5,Groww,com.nextbillion.groww,google_play_public_no_login_fetcher
good,,5,2026-09-22,play_store,17.91.1,en,0,82575b83-5435-48cd-9d2d-13b9c71874ee,Groww,com.nextbillion.groww,google_play_public_no_login_fetcher
easy to understand,,5,2026-09-22,play_store,18.17.3,en,0,9c8cffeb-0360-4590-8c19-6426505c1640,Groww,com.nextbillion.groww,google_play_public_no_login_fetcher
"I really like the Groww app. Whenever I had a requirement, I emailed the team and my request was updated within a few days. I have emailed them twice so far, and both my needs were fully resolved. Great support and quick response — highly recommended. 5 stars!",,5,2026-09-22,play_store,18.18.0,en,0,6dcc86e4-6f5e-4f22-a4ce-b97ac992602a,Groww,com.nextbillion.groww,google_play_public_no_login_fetcher
good app,,5,2026-09-22,play_store,18.17.3,en,0,b2a7f279-de34-4708-aa57-692c4e0fe905,Groww,com.nextbillion.groww,google_play_public_no_login_fetcher
"If you want to save money, this is the right place. Through this platform, you can invest your money very well and earn money. This is the right platform, it is right for you and there is no cheating or fraud issue here. I too have been doing this for many years. Sometimes out of compulsion, I have to withdraw the amount of SIP but till now I have not seen any fraud or fraud. It is a very good platform, you all can do it too,And customer service is also very good.",,5,2026-09-22,play_store,18.17.3,en,0,a70a7e7e-e2b7-47ef-8eba-40bad316181c,Groww,com.nextbillion.groww,google_play_public_no_login_fetcher
very poor service and saport staff without comunication call ended i am 1 mounth ago requested but no any satisfied reply 2amount is withdraw 24 hrs complete but no any action staff customer care 10 min aftee call receive and after without query solve call ended grow is very poor service and saport staff👎👎👎👎👎,,1,2026-09-22,play_store,18.17.3,en,0,aa7141d1-8366-4915-9e0c-00d6b83ce77b,Groww,com.nextbillion.groww,google_play_public_no_login_fetcher
very nice application,,5,2026-09-22,play_store,,en,0,0752a387-6276-4827-a5a5-b08c0aaf5373,Groww,com.nextbillion.groww,google_play_public_no_login_fetcher
very nice 👌 👍,,4,2026-09-22,play_store,18.17.3,en,0,dd69da01-cf05-4114-9f47-d6d962407e4d,Groww,com.nextbillion.groww,google_play_public_no_login_fetcher
helpful source,,5,2026-09-22,play_store,18.17.3,en,0,e28513fb-8dde-4b6a-9722-cd02b4fe1374,Groww,com.nextbillion.groww,google_play_public_no_login_fetcher
very good,,5,2026-09-22,play_store,18.16.1,en,0,19d34f60-8be0-4dac-8cf2-2015045f2f57,Groww,com.nextbillion.groww,google_play_public_no_login_fetcher
super,,5,2026-09-22,play_store,18.17.3,en,0,53afb325-b384-4cf6-bb63-b86b48935a2c,Groww,com.nextbillion.groww,google_play_public_no_login_fetcher
best investment 💳💵,,5,2026-09-22,play_store,18.17.3,en,0,72453f49-c9a6-4f50-bbf9-27b37a032142,Groww,com.nextbillion.groww,google_play_public_no_login_fetcher
excellent,,5,2026-09-22,play_store,18.13.2,en,0,e7e7ab09-a9e6-4cec-9cc8-b2b25f31bbb0,Groww,com.nextbillion.groww,google_play_public_no_login_fetcher
💫💫💫💫💫,,5,2026-09-22,play_store,18.18.0,en,0,34cdddc5-7277-4027-9921-95fafb9e9f4d,Groww,com.nextbillion.groww,google_play_public_no_login_fetcher
good,,5,2026-09-22,play_store,,en,0,c724b89f-b983-4300-971e-7feafe29f95d,Groww,com.nextbillion.groww,google_play_public_no_login_fetcher
Best broker.,,5,2026-09-22,play_store,18.2.1,en,0,10dc8f26-88f0-419a-80a6-49a3e24bf6a7,Groww,com.nextbillion.groww,google_play_public_no_login_fetcher
nice,,5,2026-09-22,play_store,18.17.3,en,0,444b037a-ccc8-4ce8-9a11-2f98c49a86da,Groww,com.nextbillion.groww,google_play_public_no_login_fetcher
very good app.. so easy,,5,2026-09-22,play_store,18.17.3,en,0,43de138d-47c7-4efc-be85-c5975d6b3986,Groww,com.nextbillion.groww,google_play_public_no_login_fetcher
best stock market,,5,2026-09-22,play_store,18.17.3,en,0,c1fcc915-8b34-40d3-b781-d0e2a750a1bb,Groww,com.nextbillion.groww,google_play_public_no_login_fetcher
good 👍,,5,2026-09-22,play_store,18.16.1,en,0,92cc5e96-1150-40e2-8adf-f1d3ba12b23e,Groww,com.nextbillion.groww,google_play_public_no_login_fetcher
this app is very cheap jab me stock buy krta hu tab hi candel niche jata hai yelog froud hai,,1,2026-09-22,play_store,18.17.3,en,1,f3a2d3eb-62b6-4183-9218-4c668ae57597,Groww,com.nextbillion.groww,google_play_public_no_login_fetcher
Best app,,5,2026-09-22,play_store,18.17.3,en,0,2bfb8adc-f8f5-4808-9b4d-6e28f834def4,Groww,com.nextbillion.groww,google_play_public_no_login_fetcher
User Friendly,,5,2026-09-22,play_store,18.17.3,en,0,5b3fcfde-a78f-4289-9e04-ea39e6b3179f,Groww,com.nextbillion.groww,google_play_public_no_login_fetcher
super,,5,2026-09-22,play_store,18.18.0,en,0,96957406-7caa-4e1b-a80c-b62e186ecde8,Groww,com.nextbillion.groww,google_play_public_no_login_fetcher
Good 👍🏻,,5,2026-09-22,play_store,18.17.3,en,0,59bb2277-552a-44a1-bca1-8835cd0e58d4,Groww,com.nextbillion.groww,google_play_public_no_login_fetcher
very good services,,5,2026-09-22,play_store,18.17.3,en,0,64403213-ba67-4e2a-9d9d-8edda534752b,Groww,com.nextbillion.groww,google_play_public_no_login_fetcher
"Since yesterday evening Groww app is not working for me, not sure for others. tried refreshing the but no use, still i am unable to use it.",,5,2026-09-22,play_store,18.17.3,en,0,14c0cb70-da01-4f52-9883-9d954e73067c,Groww,com.nextbillion.groww,google_play_public_no_login_fetcher
good 👍,,4,2026-09-22,play_store,18.16.1,en,0,6800a6cc-16c2-415f-8dc0-bab7338991b2,Groww,com.nextbillion.groww,google_play_public_no_login_fetcher
wow,,5,2026-09-22,play_store,18.17.3,en,0,ea323d62-78fa-4575-aa23-260a16a96fb0,Groww,com.nextbillion.groww,google_play_public_no_login_fetcher
good,,5,2026-09-22,play_store,18.17.3,en,0,21749206-d325-4eb7-9b84-ecda2257e94f,Groww,com.nextbillion.groww,google_play_public_no_login_fetcher
I'm new but good 😊,,5,2026-09-22,play_store,18.17.3,en,0,eeed0781-d9b4-45eb-961c-2a596644dd00,Groww,com.nextbillion.groww,google_play_public_no_login_fetcher
0 customer support i made withdrawal request from my demat account amount deducted from my demat account but not credited in bank account when I raised ticket no response gave option to chat excutive whenever message excutive change then explain again still no response no status,,1,2026-09-22,play_store,18.17.3,en,0,e970586a-fc55-45e3-ac69-20ee1ae20465,Groww,com.nextbillion.groww,google_play_public_no_login_fetcher
Good,,5,2026-09-22,play_store,18.11.1,en,0,c3a1ba87-7a48-4e1b-8d04-43d95f25a554,Groww,com.nextbillion.groww,google_play_public_no_login_fetcher
good,,5,2026-09-22,play_store,18.17.3,en,0,fa485e4e-93ca-4ab2-b4a4-8ab87f3c052d,Groww,com.nextbillion.groww,google_play_public_no_login_fetcher
Nice Groww,,4,2026-09-22,play_store,18.17.3,en,0,0fa7d5af-c7a0-4fd4-a9f7-4accab471b64,Groww,com.nextbillion.groww,google_play_public_no_login_fetcher
good 👍,,5,2026-09-22,play_store,18.16.1,en,0,d35e30b1-749e-4c20-a001-56c0c9812539,Groww,com.nextbillion.groww,google_play_public_no_login_fetcher
😍,,5,2026-09-22,play_store,18.17.3,en,0,ff191a31-b14e-4353-94da-7db94291b2ca,Groww,com.nextbillion.groww,google_play_public_no_login_fetcher
Withdrawal issue..they don't transfer fund instantly to bank account. my fund is stuck since 2 days..not using it anymore.,,1,2026-09-22,play_store,18.17.3,en,1,d569ba19-7bb0-447f-a5cf-f886bd192344,Groww,com.nextbillion.groww,google_play_public_no_login_fetcher
worst experience,,1,2026-09-22,play_store,18.17.3,en,0,075051e7-31b6-48d0-8fbe-16473fba7243,Groww,com.nextbillion.groww,google_play_public_no_login_fetcher
"similar fund option revoked in new update, anyone explain why?",,3,2026-09-22,play_store,18.18.0,en,0,60de93b8-48f7-4846-8e88-9dcc397c0278,Groww,com.nextbillion.groww,google_play_public_no_login_fetcher
it's really good,,5,2026-09-22,play_store,18.17.3,en,1,28274595-1513-435e-aede-2122da4b4964,Groww,com.nextbillion.groww,google_play_public_no_login_fetcher
amazing easy to understand,,5,2026-09-22,play_store,18.17.3,en,0,71a767de-3b24-4b8d-adb0-8f088bc864d1,Groww,com.nextbillion.groww,google_play_public_no_login_fetcher
"can't even explore the app without giving my personal information, if I don't want to share my aadhar number and pan card number they won't let me use an app after a while which is just absurd",,1,2026-09-22,play_store,18.17.3,en,0,c86e5862-578b-4436-9d09-7ad9ac28299f,Groww,com.nextbillion.groww,google_play_public_no_login_fetcher
Sometimes glitches occur.,,4,2026-09-22,play_store,18.17.3,en,1,4d9ecf8a-1792-438f-a8b6-2e234ef12757,Groww,com.nextbillion.groww,google_play_public_no_login_fetcher
nice,,5,2026-09-22,play_store,18.16.1,en,0,97c84a59-cf93-44e7-8f89-a69bbf21f45f,Groww,com.nextbillion.groww,google_play_public_no_login_fetcher
great Experience,,5,2026-09-22,play_store,18.17.3,en,1,d7db1293-b8a4-4ce8-8ebb-6b9ea0b2734b,Groww,com.nextbillion.groww,google_play_public_no_login_fetcher
Very nice app..fast and reliable,,5,2026-09-22,play_store,18.12.1,en,0,0f4818fc-a111-485d-968b-f4bebc26c9eb,Groww,com.nextbillion.groww,google_play_public_no_login_fetcher
ok,,5,2026-09-22,play_store,18.13.2,en,0,31bfca3b-ce9c-4004-93cc-8bdff1f5b5fc,Groww,com.nextbillion.groww,google_play_public_no_login_fetcher
Thank you 🙏 Groww 😚,,5,2026-09-22,play_store,18.16.1,en,0,4a852927-d5bb-4486-9811-59ad73fc1251,Groww,com.nextbillion.groww,google_play_public_no_login_fetcher
best aplicapation,,5,2026-09-22,play_store,18.16.1,en,0,f9fac4f7-860f-4d97-9f86-bbddaf90f6cc,Groww,com.nextbillion.groww,google_play_public_no_login_fetcher
very good app for trading,,5,2026-09-22,play_store,18.17.3,en,1,b2c95d65-25c3-40fe-aa47-442864832a20,Groww,com.nextbillion.groww,google_play_public_no_login_fetcher
trusted😊,,5,2026-09-22,play_store,18.17.3,en,1,791a462f-ef08-4e27-852f-260b5c4a57bb,Groww,com.nextbillion.groww,google_play_public_no_login_fetcher
"Treasury Bill and government bonds are not available, and other government securities are not available, only zerodha gives option for tbill auction",,2,2026-09-22,play_store,,en,1,54f8ee6f-77d2-457f-8bcd-44bab229528d,Groww,com.nextbillion.groww,google_play_public_no_login_fetcher
good 👍,,5,2026-09-22,play_store,18.17.3,en,1,7a7e6578-4d8a-4e87-90ab-57fa6113a1ce,Groww,com.nextbillion.groww,google_play_public_no_login_fetcher
superb,,5,2026-09-22,play_store,18.16.1,en,0,36b4f110-19c6-478d-a147-8037cf8e6648,Groww,com.nextbillion.groww,google_play_public_no_login_fetcher
good platform,,5,2026-09-22,play_store,18.17.3,en,0,682c2f2f-7f73-4d83-a1f6-d9941e876b17,Groww,com.nextbillion.groww,google_play_public_no_login_fetcher
very easy and safe,,5,2026-09-22,play_store,18.17.3,en,0,386fe8e4-76f9-422f-a390-1f4a10962ff7,Groww,com.nextbillion.groww,google_play_public_no_login_fetcher
easy app,,5,2026-09-22,play_store,18.17.3,en,0,698addad-0c95-45a5-b5f8-08f3f71a524f,Groww,com.nextbillion.groww,google_play_public_no_login_fetcher
good,,5,2026-09-22,play_store,18.18.0,en,0,ae15bab7-ad1d-4cc3-aaf7-37aec06fdc49,Groww,com.nextbillion.groww,google_play_public_no_login_fetcher
good,,5,2026-09-22,play_store,18.17.3,en,0,a50ac2e0-2eb0-488e-9ecd-96972734f2a1,Groww,com.nextbillion.groww,google_play_public_no_login_fetcher
its a fraud app when i withdraw my money they showed my bank rejected but also my money is no return to my demat till date,,1,2026-09-22,play_store,18.17.3,en,0,be45963b-4a99-43c8-9090-be3489802190,Groww,com.nextbillion.groww,google_play_public_no_login_fetcher
good,,5,2026-09-22,play_store,18.12.1,en,0,2be3cbbe-4112-4d86-9504-693572a9b0b9,Groww,com.nextbillion.groww,google_play_public_no_login_fetcher
top,,5,2026-09-22,play_store,18.17.3,en,0,c9dc15e4-b65a-4836-8978-1555a73fe5c6,Groww,com.nextbillion.groww,google_play_public_no_login_fetcher
good,,5,2026-09-22,play_store,16.44,en,0,d10957fb-58e7-496c-a5b3-37335dd8f74e,Groww,com.nextbillion.groww,google_play_public_no_login_fetcher
good,,2,2026-09-22,play_store,18.14.2,en,1,e1a21331-e453-47f2-98a4-b77f5dd0fd5e,Groww,com.nextbillion.groww,google_play_public_no_login_fetcher
supar aop,,5,2026-09-22,play_store,18.14.2,en,0,c745ea2b-f415-4401-8d2a-96fac189bafc,Groww,com.nextbillion.groww,google_play_public_no_login_fetcher
very good 👍,,5,2026-09-22,play_store,18.18.0,en,0,f821da44-a433-46e1-98e7-133f244738bc,Groww,com.nextbillion.groww,google_play_public_no_login_fetcher
Bhai internet sab thik hai fir bhi ye app open nahi hota.. internet issue batata hai hamesha..isliye use karna band kiya,,1,2026-09-22,play_store,,en,0,c5a4a186-02b1-4d22-bf68-9c0b07fce302,Groww,com.nextbillion.groww,google_play_public_no_login_fetcher
good,,5,2026-09-22,play_store,18.17.3,en,0,10355665-b307-4155-8b73-c7cf823ba467,Groww,com.nextbillion.groww,google_play_public_no_login_fetcher
good aap,,5,2026-09-22,play_store,18.16.1,en,0,01b9e192-2794-4fb6-93a6-53969495f69b,Groww,com.nextbillion.groww,google_play_public_no_login_fetcher
it's like be a rich garanty,,5,2026-09-22,play_store,18.17.3,en,0,b6f197c4-8939-4a3d-bbeb-b455828a47e3,Groww,com.nextbillion.groww,google_play_public_no_login_fetcher
beat,,5,2026-09-22,play_store,18.18.0,en,0,175eeaaf-a0bf-4f1b-b64b-05d029c7da68,Groww,com.nextbillion.groww,google_play_public_no_login_fetcher
good,,5,2026-09-22,play_store,,en,0,b224326d-eb7a-472e-b35c-289078d6c80a,Groww,com.nextbillion.groww,google_play_public_no_login_fetcher
one of the best platform investment,,5,2026-09-22,play_store,,en,0,7951bcc3-fbc2-4eb5-b118-3641aa995912,Groww,com.nextbillion.groww,google_play_public_no_login_fetcher
awesome,,5,2026-09-22,play_store,18.18.0,en,0,e7827760-d9fd-47e0-a71d-873585640ba8,Groww,com.nextbillion.groww,google_play_public_no_login_fetcher
💞🙏👍💕😘,,5,2026-09-22,play_store,18.17.3,en,0,7280163e-30b7-4220-a131-628a31134d3c,Groww,com.nextbillion.groww,google_play_public_no_login_fetcher
user friendly interface and make it easy to beginners loved it,,5,2026-09-22,play_store,18.17.3,en,0,56fc8cac-85ca-49b2-95e1-da1ac1f2443c,Groww,com.nextbillion.groww,google_play_public_no_login_fetcher
thanks to all r fine e r u there are a,,4,2026-09-22,play_store,,en,0,94b97bbe-b8d8-41c3-a29d-d03026a939eb,Groww,com.nextbillion.groww,google_play_public_no_login_fetcher
this app is not accessible for visually impaired person after update future option tab is not working during exit position. a blind person is unable to exit position in future option tab using TalkBack kindly review this.,,2,2026-09-22,play_store,18.17.3,en,0,4e358ed1-9c25-41f1-9d34-ab27e8ab2e87,Groww,com.nextbillion.groww,google_play_public_no_login_fetcher
good,,5,2026-09-22,play_store,18.17.3,en,0,f42f655e-943a-4469-bc44-b8be84fa7326,Groww,com.nextbillion.groww,google_play_public_no_login_fetcher
best earning money apps,,5,2026-09-22,play_store,18.17.3,en,0,82347663-01fb-48c0-83af-6ae60c5e828b,Groww,com.nextbillion.groww,google_play_public_no_login_fetcher
Its dashboard interface is really imagining.,,5,2026-09-22,play_store,18.16.1,en,0,600428e9-73a2-462d-9acf-54296689379f,Groww,com.nextbillion.groww,google_play_public_no_login_fetcher
super,,4,2026-09-22,play_store,18.17.3,en,0,f5fa6b57-eeac-47d5-8282-d62dc451bed9,Groww,com.nextbillion.groww,google_play_public_no_login_fetcher
good,,5,2026-09-22,play_store,18.16.1,en,0,b176f3d4-5cef-49ae-bb06-2c24f7c971bb,Groww,com.nextbillion.groww,google_play_public_no_login_fetcher
ok,,4,2026-09-22,play_store,18.16.1,en,0,1d2e672d-5b9f-4451-a681-83f8b3ef4346,Groww,com.nextbillion.groww,google_play_public_no_login_fetcher
most bogus app...it is forcing me to open acct else app is getting closed...may be lated i would have opened ...but fine I will open in other platform,,1,2026-09-21,play_store,18.17.3,en,0,e8b6bebd-e412-4859-9037-5d9341416172,Groww,com.nextbillion.groww,google_play_public_no_login_fetcher
nice 👍🏿,,5,2026-09-21,play_store,18.17.3,en,0,7b000bb1-4003-4bf9-9e8b-d061c71ad24b,Groww,com.nextbillion.groww,google_play_public_no_login_fetcher
bohot badhiya 👌👍,,5,2026-09-21,play_store,18.17.3,en,0,8a6086fd-77ef-4404-9192-6c21858fead6,Groww,com.nextbillion.groww,google_play_public_no_login_fetcher
nice 🙂,,5,2026-09-21,play_store,18.16.1,en,1,65919ff8-2cd6-4fd9-b18e-8683eeaddb9a,Groww,com.nextbillion.groww,google_play_public_no_login_fetcher
good,,5,2026-09-21,play_store,,en,0,0495c3fe-2aca-415b-bacf-13df3ad6b818,Groww,com.nextbillion.groww,google_play_public_no_login_fetcher
"overall app is good but needs some updates. 1. when you sort holdings we have 4 options like current value, return%, day%, and stock name. we expect Invested value 2. while analysing portfolio there is no tally with market cap value, sector wise allocation and assets allocation. it to be updated with currect allocation in all sectors. 3. There is lack of information to investor's such as analyst Forecast and analyst rating given by analyst to the stocks. 4. Needs peer comparison of each stock",,4,2026-09-21,play_store,18.13.2,en,0,6bca099c-082b-4651-a787-7b88d851bd68,Groww,com.nextbillion.groww,google_play_public_no_login_fetcher
good,,5,2026-09-21,play_store,,en,0,99b8b28e-7e3d-4615-8ac5-1383f65bda53,Groww,com.nextbillion.groww,google_play_public_no_login_fetcher
good,,5,2026-09-21,play_store,18.17.3,en,0,856e1bef-6cf2-4f13-818e-a1825c056c14,Groww,com.nextbillion.groww,google_play_public_no_login_fetcher
very bad customer care service,,1,2026-09-21,play_store,,en,0,219a0ef2-b51e-4ec1-b904-c540871066a9,Groww,com.nextbillion.groww,google_play_public_no_login_fetcher
best app,,5,2026-09-21,play_store,18.17.3,en,0,bdd2ff44-5e98-4f3b-a34c-d7dfe67e5b72,Groww,com.nextbillion.groww,google_play_public_no_login_fetcher
this is perfect app for all .,,5,2026-09-21,play_store,18.18.0,en,0,a9bd12c9-ef6d-498e-80a4-a61440435d3d,Groww,com.nextbillion.groww,google_play_public_no_login_fetcher
good,,5,2026-09-21,play_store,18.17.3,en,0,b4eb41a1-1982-4496-8dfe-8adb6b76ce54,Groww,com.nextbillion.groww,google_play_public_no_login_fetcher
outstanding 😍,,5,2026-09-21,play_store,18.14.1,en,0,a51ccef8-62d1-46d2-948d-ef2874223245,Groww,com.nextbillion.groww,google_play_public_no_login_fetcher
its good for revenue,,5,2026-09-21,play_store,18.16.1,en,0,5c072a56-0872-4954-a995-42863ecb1377,Groww,com.nextbillion.groww,google_play_public_no_login_fetcher
good app,,5,2026-09-21,play_store,,en,0,58639878-fe14-42e6-84d5-235a59b5ada1,Groww,com.nextbillion.groww,google_play_public_no_login_fetcher
good app,,5,2026-09-21,play_store,18.16.1,en,1,2acd0736-c2bc-4a9d-a0d8-d6561593d090,Groww,com.nextbillion.groww,google_play_public_no_login_fetcher
good,,5,2026-09-21,play_store,17.99.1,en,0,53b67614-722b-4ad7-bba5-316b45a13020,Groww,com.nextbillion.groww,google_play_public_no_login_fetcher
"Please add 5,10,15,30,45 sec timing in charts",,5,2026-09-21,play_store,,en,0,06d73298-a69a-404c-b2e9-04037f3a702f,Groww,com.nextbillion.groww,google_play_public_no_login_fetcher
good 👍,,5,2026-09-21,play_store,18.17.3,en,0,4158ca62-a379-4213-bda4-5dcf61e4c73f,Groww,com.nextbillion.groww,google_play_public_no_login_fetcher
wrost application hain ...Ek bhi IPO isme nahi lagte...Kotak Neo me 4-6 apply se 1 to lagta hi tha...😢😢,,1,2026-09-21,play_store,18.17.3,en,0,ce3799cf-1fed-4b6d-829d-86111731ea9a,Groww,com.nextbillion.groww,google_play_public_no_login_fetcher
good for beginners not for options overall great,,3,2026-09-21,play_store,18.17.3,en,0,f5c7a11c-4c70-4922-8c2a-ee6f83b4718e,Groww,com.nextbillion.groww,google_play_public_no_login_fetcher
good,,5,2026-09-21,play_store,18.17.3,en,0,728dcbc5-78d5-4b30-9ecf-9c8dc71e0423,Groww,com.nextbillion.groww,google_play_public_no_login_fetcher
good,,5,2026-09-21,play_store,18.16.1,en,0,97a00314-0c73-4348-bf11-fa9ae884f6e2,Groww,com.nextbillion.groww,google_play_public_no_login_fetcher
spr guidance this app go groww on,,5,2026-09-21,play_store,18.16.1,en,0,af58dc81-b2ee-4db7-99f4-5282fd98a03d,Groww,com.nextbillion.groww,google_play_public_no_login_fetcher
good,,5,2026-09-21,play_store,18.17.3,en,0,4e7474be-5187-4d70-a1b8-53e399638f7c,Groww,com.nextbillion.groww,google_play_public_no_login_fetcher
good app for trading,,5,2026-09-21,play_store,18.16.1,en,0,89b009b8-69ec-4003-860f-867c1acfcbe3,Groww,com.nextbillion.groww,google_play_public_no_login_fetcher
Customer Support worst. Third Class KNOWLEDGE. Pahle AI Janvi se bhido phir unka bahut time intjar karne ke baad bahi senseless advise. Bakwaas !,,1,2026-09-21,play_store,18.17.3,en,0,1f2cd08c-a4a9-4bd6-8a39-47ad9bdfdca8,Groww,com.nextbillion.groww,google_play_public_no_login_fetcher
awesome,,5,2026-09-21,play_store,18.18.0,en,0,0766ae34-c567-4aef-8445-6e615de0499f,Groww,com.nextbillion.groww,google_play_public_no_login_fetcher
good,,5,2026-09-21,play_store,18.17.3,en,0,e8b3f4ad-1cd3-48d0-ad47-69033b3638bd,Groww,com.nextbillion.groww,google_play_public_no_login_fetcher
👍,,5,2026-09-21,play_store,18.17.3,en,0,db849c23-c0e3-4a71-8be1-11512136e425,Groww,com.nextbillion.groww,google_play_public_no_login_fetcher
all are good,,4,2026-09-21,play_store,18.16.1,en,0,f6fcffda-5335-4a35-8d28-9aa353028604,Groww,com.nextbillion.groww,google_play_public_no_login_fetcher
it's good for me,,5,2026-09-21,play_store,18.17.3,en,1,3c417aad-c054-4d54-a6cb-6a9379deea8e,Groww,com.nextbillion.groww,google_play_public_no_login_fetcher
not good,,1,2026-09-21,play_store,18.16.1,en,0,f92fcc21-b838-4814-bec0-3fc6a9f536c2,Groww,com.nextbillion.groww,google_play_public_no_login_fetcher
ಕನ್ನಡ ದಲ್ಲಿ ಮಾಹಿತಿಯನ್ನು ನೀಡಿ ನನಗೆ ತುಂಬಾ ಉಪಯೋಗವಾಗುತ್ತದೆ,,3,2026-09-21,play_store,18.15.1,en,0,d0766c2c-d222-4b44-b4c7-9931bfc5055f,Groww,com.nextbillion.groww,google_play_public_no_login_fetcher
good,,5,2026-09-21,play_store,18.16.1,en,0,134e4fd5-4a3e-4af7-a304-7a5c445f4bc8,Groww,com.nextbillion.groww,google_play_public_no_login_fetcher
Super... Please Add Drag & Drop Target and Stop loss Option On Live Chart.,,5,2026-09-21,play_store,18.18.0,en,0,8d7ae41e-a812-4014-bf0d-0bef5ecf074b,Groww,com.nextbillion.groww,google_play_public_no_login_fetcher
APP IS GENERALY GOOD 👍,,5,2026-09-21,play_store,18.17.3,en,0,deefd988-47eb-49bb-9533-604fc8b69a03,Groww,com.nextbillion.groww,google_play_public_no_login_fetcher
very nice app,,5,2026-09-21,play_store,18.16.1,en,0,3131e77d-9833-4c38-9e84-48c577a99d95,Groww,com.nextbillion.groww,google_play_public_no_login_fetcher
यह ऐप फ्रॉड है निफ्टी 50 की शेयर खरीद ते हे कॉल पे ना जाके पुट जाता है और पुट खरीद ते हैं तो कॉल पर जाएगा ओ रे सबसे बड़ा फ्रॉड तब करता है जब टाइम खत्म होने वाला हो 3:30 या 3 बजे के बाद अगर आपने कम प्राइस में शेयर खरीद लिए फुट पे तो ये कॉल पे ले जाई गा शेयर डाउन होने पर काम नहीं करता हम सोचते हैं की शेयर वापस लेवल पर कभी का लेवल पर आकर निकल जाता है पता ही नहीं चलता और हमारे मोबाइल की स्क्रीन पर तो ज्यादा प्राइस दिखाता रहता है यह 3:00 बजे के करीब करता है यह आपको धीरे धीरे बर्बाद करेगा,,1,2026-09-21,play_store,18.17.3,en,0,974bff80-364e-4ee7-a649-9ec8ada7b5a7,Groww,com.nextbillion.groww,google_play_public_no_login_fetcher
money charges high,,5,2026-09-21,play_store,18.16.1,en,0,cae6c42f-b0cc-4b8b-adb6-adbd33f87042,Groww,com.nextbillion.groww,google_play_public_no_login_fetcher
"excellent, and friendly users app",,5,2026-09-21,play_store,18.18.0,en,0,d69781a9-fdce-4980-a4d3-a1b35c82ee46,Groww,com.nextbillion.groww,google_play_public_no_login_fetcher
best,,5,2026-09-21,play_store,18.17.3,en,0,b01f191e-3455-417e-8b89-e5500cc7987a,Groww,com.nextbillion.groww,google_play_public_no_login_fetcher
nice,,5,2026-09-21,play_store,18.17.3,en,0,1777f19f-c50a-4618-957c-b8f4f2f74fde,Groww,com.nextbillion.groww,google_play_public_no_login_fetcher
Easy to use.,,5,2026-09-21,play_store,18.17.3,en,0,98f499dc-c4f2-4321-a5e9-3691ddebee46,Groww,com.nextbillion.groww,google_play_public_no_login_fetcher
"it's a like juaa""isme paise meine ₹10.0000 loss 🥺 khaya hu'main sehi strategy follow kiye din raat youtube video dekha maine sab shikha geya tha phir bhi mere saath ye hua maine app sab ko kehe raha hu'ye ek👉 scam👈hai isme shrif developer ko fayda hota hai or main app ko kehe du ye jo developer hai na ye buhut SMART hai iske under main buhut AGENT kam karte hai, ye matlab buhut wada NETWORKING hai Main recommend Karunga ki isme trade mat lo chahe wo OPTION HO YA INTRADAY iss app ko jitni ja",,1,2026-09-21,play_store,,en,0,cced01a4-e414-4d62-87e6-96f969859c16,Groww,com.nextbillion.groww,google_play_public_no_login_fetcher
Nice Experience and Bonding,,5,2026-09-21,play_store,18.17.3,en,0,1e43cce6-344a-4655-bda4-71b0435fd4a3,Groww,com.nextbillion.groww,google_play_public_no_login_fetcher
good app 👍,,4,2026-09-21,play_store,18.18.0,en,1,a4a60d8a-8ffa-4639-aad7-7c4a19f7c695,Groww,com.nextbillion.groww,google_play_public_no_login_fetcher
good,,5,2026-09-21,play_store,18.15.1,en,0,03863ede-0622-4c23-97a3-3c439a23a9db,Groww,com.nextbillion.groww,google_play_public_no_login_fetcher
excellent,,5,2026-09-21,play_store,18.16.1,en,0,be4da017-d70c-469c-b364-971d9d7b88bc,Groww,com.nextbillion.groww,google_play_public_no_login_fetcher
After update biometric option is missing,,1,2026-09-21,play_store,18.18.0,en,1,089a1553-2f78-41be-a422-188146ee0be4,Groww,com.nextbillion.groww,google_play_public_no_login_fetcher
good,,5,2026-09-21,play_store,18.17.3,en,0,b2c74e66-73fc-425f-b371-cf83c957c3cc,Groww,com.nextbillion.groww,google_play_public_no_login_fetcher
"Worst customer care service, no reply for last few of my complaints till now",,1,2026-09-21,play_store,18.17.3,en,374,30fc6cf8-2776-4b89-b27e-78bb96f38d0b,Groww,com.nextbillion.groww,google_play_public_no_login_fetcher
good treding app easy surface,,5,2026-09-21,play_store,18.17.3,en,1,4fe44bc9-2343-45aa-bb15-755174f198b9,Groww,com.nextbillion.groww,google_play_public_no_login_fetcher
💯,,5,2026-09-21,play_store,18.17.3,en,0,88a6550a-1828-4819-93db-49acfb349eb6,Groww,com.nextbillion.groww,google_play_public_no_login_fetcher
very nice,,5,2026-09-21,play_store,18.16.1,en,0,cca19ec5-eaaf-4343-88eb-f06b86f785eb,Groww,com.nextbillion.groww,google_play_public_no_login_fetcher
best app share market ke liye,,5,2026-09-21,play_store,18.16.1,en,1,3952acd8-d472-4ef9-867e-89355a7b678d,Groww,com.nextbillion.groww,google_play_public_no_login_fetcher
the have no good customer support team,,1,2026-09-21,play_store,18.17.3,en,0,0cce7866-c30c-4567-9aa9-784c2fae877f,Groww,com.nextbillion.groww,google_play_public_no_login_fetcher
This Application is a good process but Brokerage amount is very High because My Profit amount is Lossing in brokerage. That's all.,,5,2026-09-21,play_store,18.17.3,en,0,d12d789e-1eba-400e-9601-f5e445c0b0eb,Groww,com.nextbillion.groww,google_play_public_no_login_fetcher
totally use less app accuracy zero stop lose hit before attaining the price costumers support useless hanging error lots of problems in this app kosis kre koi or broker use kre instead of this,,1,2026-09-21,play_store,18.18.0,en,1,ea6f5224-5f36-4d87-bcb1-714315d3b97d,Groww,com.nextbillion.groww,google_play_public_no_login_fetcher
Previously I have given 5 Stars.. Now I will give only two. Since last update I am not able to open the app.. It's my urge to developers please look into this problem.,,5,2026-09-21,play_store,18.17.3,en,2,ac162103-a219-4a66-92a3-0cb22ad52fbc,Groww,com.nextbillion.groww,google_play_public_no_login_fetcher
from where can I understand that how should I use this app ... i mean i really want to understand stocks and mutual funds and all but don't know from where can i ??,,5,2026-09-21,play_store,,en,0,deaeb5f4-5690-4181-98b9-3192d29b3964,Groww,com.nextbillion.groww,google_play_public_no_login_fetcher
good,,5,2026-09-21,play_store,18.17.3,en,0,d1356652-760d-4b00-86f8-e75cde9a4a2e,Groww,com.nextbillion.groww,google_play_public_no_login_fetcher
best app,,5,2026-09-21,play_store,18.17.3,en,0,bf24736f-f3a7-432f-924d-a06ba35cf976,Groww,com.nextbillion.groww,google_play_public_no_login_fetcher
very nice 👌,,5,2026-09-21,play_store,18.17.3,en,0,46b0d273-ca2c-4213-a1da-4a0fb5793d5d,Groww,com.nextbillion.groww,google_play_public_no_login_fetcher
"Groww’s instant withdrawal service is very disappointing. When I initiated the withdrawal, it showed that the processing time would be up to 4 hours. However, when I contacted the Help Center, I was told that it could take up to 24 hours. Because of this delay, I was unable to buy the stocks I had planned to purchase today. This caused me a loss of opportunity, and I am very disappointed with the service.",,1,2026-09-21,play_store,18.17.3,en,0,acce3b12-a018-4efb-ae36-0ab7052d0280,Groww,com.nextbillion.groww,google_play_public_no_login_fetcher
good,,5,2026-09-21,play_store,18.14.1,en,0,ea673370-2172-418a-80bd-066cd88bda2f,Groww,com.nextbillion.groww,google_play_public_no_login_fetcher
Totally fake app 🙏🙏 don't use this app for trading USE ANOTHER APP,,1,2026-09-21,play_store,18.16.1,en,0,ee610761-9e4e-4ed8-b4bc-bf0e9041dd81,Groww,com.nextbillion.groww,google_play_public_no_login_fetcher
good,,5,2026-09-21,play_store,18.17.3,en,0,ecabb114-2508-4325-9200-9d4504c524c7,Groww,com.nextbillion.groww,google_play_public_no_login_fetcher
very fast,,5,2026-09-21,play_store,18.16.1,en,0,833a369f-fb28-4723-8b22-eaa0c7f4a18e,Groww,com.nextbillion.groww,google_play_public_no_login_fetcher
this is best apps,,5,2026-09-21,play_store,,en,0,b0501bc9-d178-4c43-8fcc-dde07e840669,Groww,com.nextbillion.groww,google_play_public_no_login_fetcher
"my money is stuck, and there is no one from customer care who will respond or resolved it",,1,2026-09-21,play_store,18.16.1,en,0,1a2bc6f4-b868-43e9-afa0-ef03ebb34853,Groww,com.nextbillion.groww,google_play_public_no_login_fetcher
nice app,,5,2026-09-21,play_store,18.17.3,en,0,5e929c43-f4c3-4e5e-85bb-4c7cc4b2bc07,Groww,com.nextbillion.groww,google_play_public_no_login_fetcher
"Very disappointing experience. This is not the first time I’ve faced these issues. Funds keep getting added/displayed incorrectly, Lifetime XIRR is not showing, and redemption requests have also been rejected due to unit availability issues. The issue has been pending since 21 August 2026, yet I repeatedly receive messages saying that the dashboard has been “successfully updated” even when the problems remain unresolved.",,1,2026-09-21,play_store,17.94.1,en,0,7dcb2c04-dc94-427c-90ca-c9d3a6d650dd,Groww,com.nextbillion.groww,google_play_public_no_login_fetcher
accha hai,,5,2026-09-21,play_store,18.17.3,en,0,5859f327-51ca-432b-a600-ba7da09cd022,Groww,com.nextbillion.groww,google_play_public_no_login_fetcher
good,,4,2026-09-21,play_store,18.17.3,en,0,55bffdc0-5b95-40ea-91a4-007baf10fb24,Groww,com.nextbillion.groww,google_play_public_no_login_fetcher
"tumhra grow AAP Paisa phasa deta hai, Dhokha deta hai,",,2,2026-09-21,play_store,18.17.3,en,0,16ba41ca-9646-401b-a04c-c2ccbd63468a,Groww,com.nextbillion.groww,google_play_public_no_login_fetcher
excellent performance,,5,2026-09-21,play_store,18.16.1,en,0,a6ee79a4-3b25-4087-a862-9f806e6d0081,Groww,com.nextbillion.groww,google_play_public_no_login_fetcher
good,,5,2026-09-21,play_store,18.14.2,en,0,7b353b0a-e879-4f21-bc90-83f9a0d7cb95,Groww,com.nextbillion.groww,google_play_public_no_login_fetcher
very good 👍,,5,2026-09-21,play_store,18.17.3,en,0,e63144ff-66a7-4344-ab63-6034fdb07077,Groww,com.nextbillion.groww,google_play_public_no_login_fetcher
App is not working today.Is it my problem?How can I fix it.,,4,2026-09-21,play_store,,en,0,79d8dc0d-1fb4-4f02-852f-6981f4512303,Groww,com.nextbillion.groww,google_play_public_no_login_fetcher
Easy and Good platform,,5,2026-09-21,play_store,18.17.3,en,0,8db95ac8-d93e-44f0-b2af-229115868e91,Groww,com.nextbillion.groww,google_play_public_no_login_fetcher
nice,,4,2026-09-21,play_store,18.17.3,en,0,cc05a142-7cdc-43a9-a29a-c37f6b3f1cf6,Groww,com.nextbillion.groww,google_play_public_no_login_fetcher
good,,5,2026-09-21,play_store,18.17.3,en,0,55a16aba-c3a3-4cce-a72d-273e6fee896a,Groww,com.nextbillion.groww,google_play_public_no_login_fetcher
ok,,5,2026-09-21,play_store,17.17,en,0,742ff0c2-b292-4f80-968b-67571a50b980,Groww,com.nextbillion.groww,google_play_public_no_login_fetcher
good opinions,,5,2026-09-21,play_store,18.16.1,en,0,7964c524-5a77-41f8-8686-25a492f953f6,Groww,com.nextbillion.groww,google_play_public_no_login_fetcher
Best App,,5,2026-09-21,play_store,18.17.3,en,0,2b55fb92-07b5-4592-bcdc-98db20c0f152,Groww,com.nextbillion.groww,google_play_public_no_login_fetcher
super good 👍 app ...my life my dreem my favourite...,,5,2026-09-21,play_store,18.10.1,en,0,d5158336-fed2-4d55-ac73-840b3d27526c,Groww,com.nextbillion.groww,google_play_public_no_login_fetcher
good working app0,,5,2026-09-21,play_store,18.16.1,en,0,dc1a500b-3eb3-4ee8-86b9-456eeeb88cba,Groww,com.nextbillion.groww,google_play_public_no_login_fetcher
Excellent,,5,2026-09-21,play_store,18.17.3,en,0,0c2ddef9-396c-4cd0-9bef-bb613f13b803,Groww,com.nextbillion.groww,google_play_public_no_login_fetcher
good score,,5,2026-09-21,play_store,18.16.1,en,0,bb99c403-f8ed-4f62-b123-5589a5766c31,Groww,com.nextbillion.groww,google_play_public_no_login_fetcher
the best easy to use platform for investing as a student.,,5,2026-09-21,play_store,18.16.1,en,0,f4220380-36bc-4e3f-9cf4-0b046dcd2b5c,Groww,com.nextbillion.groww,google_play_public_no_login_fetcher
Problem related profile pic not show last 15 days please resolve glich,,2,2026-09-21,play_store,,en,1,cd2594aa-b0c4-4571-ac3e-fd8cb72a8879,Groww,com.nextbillion.groww,google_play_public_no_login_fetcher
good,,5,2026-09-21,play_store,18.17.3,en,0,28c1949a-6ab1-49d1-9359-0d2aa3798397,Groww,com.nextbillion.groww,google_play_public_no_login_fetcher
good,,5,2026-09-21,play_store,18.17.3,en,0,beb8651b-77f2-4388-bbd0-fcc1d2503dab,Groww,com.nextbillion.groww,google_play_public_no_login_fetcher
nice 👍,,5,2026-09-21,play_store,18.17.3,en,0,906fbe23-f0a5-4aeb-9183-41d78adf46ba,Groww,com.nextbillion.groww,google_play_public_no_login_fetcher
superb fantastic,,5,2026-09-21,play_store,18.17.3,en,1,1e77b3a2-4fa0-4880-a719-6d50f976254b,Groww,com.nextbillion.groww,google_play_public_no_login_fetcher
good,,5,2026-09-21,play_store,18.17.3,en,0,8381884a-d021-4430-ac7a-87b2e7353be6,Groww,com.nextbillion.groww,google_play_public_no_login_fetcher
very good service,,5,2026-09-21,play_store,18.17.3,en,0,f5d42d18-6541-44de-b90d-b311cf3bcf64,Groww,com.nextbillion.groww,google_play_public_no_login_fetcher
best,,5,2026-09-21,play_store,18.17.3,en,0,e5c0551b-593d-424c-8b73-d87a1341bc00,Groww,com.nextbillion.groww,google_play_public_no_login_fetcher
🌹👍,,5,2026-09-21,play_store,18.17.3,en,0,69abec12-ad83-4dae-8079-1cea88df9e8f,Groww,com.nextbillion.groww,google_play_public_no_login_fetcher
👍,,4,2026-09-21,play_store,18.17.3,en,0,981a930c-2886-413f-8a24-28c20d90eed4,Groww,com.nextbillion.groww,google_play_public_no_login_fetcher
easy to use,,5,2026-09-21,play_store,18.17.3,en,0,f200ef7b-f995-4ee2-bd48-ca1964ee9d07,Groww,com.nextbillion.groww,google_play_public_no_login_fetcher
why today grow app is not working it shows error,,2,2026-09-21,play_store,18.17.3,en,0,e2c2233a-75d8-4888-9b6b-ba264f92f86d,Groww,com.nextbillion.groww,google_play_public_no_login_fetcher
vary good,,5,2026-09-21,play_store,18.16.1,en,0,9eae5546-5783-476b-b8a0-0a66312b14d8,Groww,com.nextbillion.groww,google_play_public_no_login_fetcher
no customer support plz don't install it ... worst service,,1,2026-09-21,play_store,18.17.3,en,1,0728effd-3df3-4eb6-b027-05ff57fa325c,Groww,com.nextbillion.groww,google_play_public_no_login_fetcher
one of the reliable trading platform out ther. easy to navigate and I haven't had any kind of problems till now.,,5,2026-09-21,play_store,18.17.3,en,0,ada064f2-1f7d-4aaf-a087-0fa5e31d502f,Groww,com.nextbillion.groww,google_play_public_no_login_fetcher
very good better app for trading.,,5,2026-09-21,play_store,18.17.3,en,0,5450d859-333e-4e6a-9b0c-6d4d504bcf17,Groww,com.nextbillion.groww,google_play_public_no_login_fetcher
"Great app, Easy to invest and manage in market !",,5,2026-09-21,play_store,18.17.3,en,0,45c6e330-6b5c-471b-823f-7a5ae6b7f020,Groww,com.nextbillion.groww,google_play_public_no_login_fetcher
good,,5,2026-09-21,play_store,18.17.3,en,0,8e08eb5b-2681-4b8d-8ebb-8e656027bf77,Groww,com.nextbillion.groww,google_play_public_no_login_fetcher
good,,5,2026-09-21,play_store,18.17.3,en,0,80c4c362-67a2-4ef1-8016-ca93647204e5,Groww,com.nextbillion.groww,google_play_public_no_login_fetcher
good,,5,2026-09-21,play_store,18.16.1,en,0,f9beadb6-ac37-4013-a308-e4c36a927e8f,Groww,com.nextbillion.groww,google_play_public_no_login_fetcher
poor customer support. i will get irrelevant automated response and no agent will connect.,,1,2026-09-21,play_store,,en,0,f88c35b5-c55b-4944-9ac9-704a97acffee,Groww,com.nextbillion.groww,google_play_public_no_login_fetcher
niceeeeeeee,,5,2026-09-21,play_store,18.17.3,en,0,94524450-7f75-4d9f-bb73-246d724fb817,Groww,com.nextbillion.groww,google_play_public_no_login_fetcher
very good app,,5,2026-09-21,play_store,18.16.1,en,0,04bd4932-c120-4dc9-b7e6-df6489961eae,Groww,com.nextbillion.groww,google_play_public_no_login_fetcher
disgusting app. total fraud. the money doesn't get credited neither to this app wallet nor to the bank. Support executives are also not responding. total loss for me using this app. I DO NOT RECOMMEND THIS TO ANY ONE.,,1,2026-09-21,play_store,18.17.3,en,0,d0a4a4b8-4b30-4dfc-b80a-1b0e0fbe9b25,Groww,com.nextbillion.groww,google_play_public_no_login_fetcher
बहुत बढ़िया फ्यूचर है इसमें आसान सी सबके लिए,,5,2026-09-21,play_store,18.17.3,en,0,e7f9f02a-6827-453f-9068-a6a441873030,Groww,com.nextbillion.groww,google_play_public_no_login_fetcher
Withdrawal requests take an eternity to get processed. this is happening far too frequently to the point where I felt compelled to give a 1 star rating. the processing time really needs to be improved.,,1,2026-09-21,play_store,18.17.3,en,0,00c1050d-d9a2-435d-833b-0f049887b5f0,Groww,com.nextbillion.groww,google_play_public_no_login_fetcher
VERY EXTRA BROKRAGE CHARGES 😡,,1,2026-09-21,play_store,,en,0,0982b89c-810c-4515-a8be-696f297a6a00,Groww,com.nextbillion.groww,google_play_public_no_login_fetcher
Good GUI,,4,2026-09-21,play_store,18.17.3,en,0,f559fe8e-3e4c-4cf8-9444-2481607b1e01,Groww,com.nextbillion.groww,google_play_public_no_login_fetcher
excellent 👍👌,,5,2026-09-21,play_store,18.17.3,en,0,7651cc2d-29ee-47a6-83d7-75459316cd82,Groww,com.nextbillion.groww,google_play_public_no_login_fetcher
super,,5,2026-09-21,play_store,,en,0,b2cc1400-26c6-4efd-8ffe-e48f54dbd7ba,Groww,com.nextbillion.groww,google_play_public_no_login_fetcher
ok,,5,2026-09-21,play_store,18.17.3,en,0,9df77743-bff5-4cb3-b653-ef73220060c6,Groww,com.nextbillion.groww,google_play_public_no_login_fetcher
হীহহহহহ,,5,2026-09-21,play_store,18.17.3,en,0,c21e5f37-0370-4c02-9563-6c8c37269ac0,Groww,com.nextbillion.groww,google_play_public_no_login_fetcher
groww is not opening something wrong error showing,,5,2026-09-21,play_store,18.17.3,en,0,b209a6f3-031c-40e8-bc9f-628738169953,Groww,com.nextbillion.groww,google_play_public_no_login_fetcher
good,,5,2026-09-21,play_store,18.17.3,en,0,b5ca7b9c-27ce-4986-9aeb-caf0d039a062,Groww,com.nextbillion.groww,google_play_public_no_login_fetcher
truted platform,,5,2026-09-21,play_store,18.17.3,en,0,e97ad011-57ff-45e6-bfc8-1f5f5b54095c,Groww,com.nextbillion.groww,google_play_public_no_login_fetcher
good,,5,2026-09-21,play_store,18.17.3,en,0,1a8d0029-84b8-4c62-a6f8-05c0f7213dbb,Groww,com.nextbillion.groww,google_play_public_no_login_fetcher
very Easy and comfort in this app,,5,2026-09-21,play_store,18.17.3,en,0,2c00dafc-68aa-4f82-92ab-762f0b82199e,Groww,com.nextbillion.groww,google_play_public_no_login_fetcher
good,,5,2026-09-21,play_store,18.17.3,en,0,ed8caf3f-6320-44f7-8479-a5086f5a34bc,Groww,com.nextbillion.groww,google_play_public_no_login_fetcher
gud,,5,2026-09-21,play_store,18.17.3,en,0,73e3ae45-15fb-4b89-8135-6030f73f1e32,Groww,com.nextbillion.groww,google_play_public_no_login_fetcher
it's very bad app it's hanging 😡🤬😡,,1,2026-09-21,play_store,18.17.3,en,0,0dd02994-c90b-441c-a2b3-9887e820a32f,Groww,com.nextbillion.groww,google_play_public_no_login_fetcher
excellent,,4,2026-09-21,play_store,18.17.3,en,0,ae943b0d-cfa7-4c5a-8dd9-148886269cef,Groww,com.nextbillion.groww,google_play_public_no_login_fetcher
trust,,4,2026-09-21,play_store,18.17.3,en,0,50fed08a-4ef1-4ca4-bff0-686f9bcf277d,Groww,com.nextbillion.groww,google_play_public_no_login_fetcher
traders like groww,,5,2026-09-21,play_store,18.16.1,en,0,b54420c4-fb65-49c0-a573-b71f6fc3b7d2,Groww,com.nextbillion.groww,google_play_public_no_login_fetcher
to high brockerage,,1,2026-09-21,play_store,18.17.3,en,0,2cd82c39-73a9-4283-a5c4-5f6478cd585f,Groww,com.nextbillion.groww,google_play_public_no_login_fetcher
nice,,5,2026-09-21,play_store,18.17.3,en,0,0da5a53c-019b-499b-94f3-99b36adb25d1,Groww,com.nextbillion.groww,google_play_public_no_login_fetcher
super exlent,,5,2026-09-21,play_store,18.16.1,en,0,384eb5c3-47a0-4dc0-a266-f8467cf4f266,Groww,com.nextbillion.groww,google_play_public_no_login_fetcher
it's truly wonderful,,5,2026-09-21,play_store,18.16.1,en,0,f2cb1287-6289-464a-a41d-c5e232bf3cba,Groww,com.nextbillion.groww,google_play_public_no_login_fetcher
recent update kind of garbage,,1,2026-09-21,play_store,18.17.3,en,0,b14a50f5-ec07-4b14-8522-280cc621a646,Groww,com.nextbillion.groww,google_play_public_no_login_fetcher
chat bhi load ho raha he kya he ae,,1,2026-09-21,play_store,18.17.3,en,0,76e0899b-4888-45ab-b011-1fcfb818b972,Groww,com.nextbillion.groww,google_play_public_no_login_fetcher
page keeps breaking. 404 errors all around. also you might see your balance (withdrawals) etc randomly change. unreliable. maintain a sheet with your trades. messed up platform.,,2,2026-09-21,play_store,18.17.3,en,0,17f45e2f-23e1-49fe-8aa1-16725b1ed9a2,Groww,com.nextbillion.groww,google_play_public_no_login_fetcher
my watchlists stocks auto deleted today without my interfare. this is very unsafe and bad behavior.,,1,2026-09-21,play_store,18.17.3,en,0,e8bfcc8a-e38c-4282-8661-d6d5f1914bc6,Groww,com.nextbillion.groww,google_play_public_no_login_fetcher
butiful,,5,2026-09-21,play_store,18.16.1,en,0,022ee07b-7ed9-4217-b914-90941d6a52a4,Groww,com.nextbillion.groww,google_play_public_no_login_fetcher
"useless as watchlisted stocks got removed automatically and now showing there is no watchlisted stocks, truly such a worst app 👎👎",,1,2026-09-21,play_store,18.17.3,en,0,73a66685-7fd0-4f5e-a4e7-7ddc26da0e1f,Groww,com.nextbillion.groww,google_play_public_no_login_fetcher
"Every week update is there why? Still same thing is happening many many update Today I want to add amount so it is showin as temporary service unavailable and customer care number not reachable, not eligible for 1 star also and the steps you'll gave that has been done earlier also it is basic IT person can guide me I am unable to login Application is asking for an update every time and now to connect customer care I have to wait for more than 10 mins. now the nifty number issue occurred.",,1,2026-09-21,play_store,18.17.3,en,18,1a2d1518-563a-4832-a425-e3c59e9b32a4,Groww,com.nextbillion.groww,google_play_public_no_login_fetcher
"getting graph not available, stock not listed in NSE for the stocks that i trade daily too. This happened on the 21 september. very irritating.",,1,2026-09-21,play_store,,en,0,13ff429d-376f-479d-9a30-c83132c4e41b,Groww,com.nextbillion.groww,google_play_public_no_login_fetcher
bahi agr mra loss hua tumlog ki wajase hoga groww bsdk keliya hoga glitches q horaha hai bsdk thik q nahi karthe ho,,1,2026-09-21,play_store,18.17.3,en,0,da3a1079-6eae-47da-917d-7c1995993e22,Groww,com.nextbillion.groww,google_play_public_no_login_fetcher
"User friendly, but there is no recent fundamental data for some stocks. Needs to update data frequently.",,4,2026-09-21,play_store,18.17.3,en,5,1d3ab2a4-b072-4838-9707-91b19167ccdc,Groww,com.nextbillion.groww,google_play_public_no_login_fetcher
"Hi team ,getting page not found on web on every stock click",,1,2026-09-21,play_store,18.17.3,en,0,4134cd51-70e0-4675-aa63-4da9e91d320f,Groww,com.nextbillion.groww,google_play_public_no_login_fetcher
great full 👌 app all time best,,5,2026-09-21,play_store,18.17.3,en,0,6f07560e-5e85-427b-b0e5-958c3135e41d,Groww,com.nextbillion.groww,google_play_public_no_login_fetcher
supper,,5,2026-09-21,play_store,18.17.3,en,0,a9d6a6c9-a885-4fb5-85fa-ee97891d7871,Groww,com.nextbillion.groww,google_play_public_no_login_fetcher
troubleshooting problem faced please solved problem earlier 😔,,5,2026-09-21,play_store,18.17.3,en,0,e19b7847-13ae-4380-9f4a-8ddbeba78a35,Groww,com.nextbillion.groww,google_play_public_no_login_fetcher
Today Android app is not working properly,,1,2026-09-21,play_store,18.17.3,en,0,ca160538-0d53-4ceb-ab0d-63f6990433ee,Groww,com.nextbillion.groww,google_play_public_no_login_fetcher
इन्वेस्टमेंट के लिए सबसे अच्छा ऐपहै,,5,2026-09-21,play_store,18.17.3,en,0,25db93f1-7aa8-4050-872c-6c99155573aa,Groww,com.nextbillion.groww,google_play_public_no_login_fetcher
good,,5,2026-09-21,play_store,,en,0,80e2595e-63ee-4f77-afb7-671c6114de24,Groww,com.nextbillion.groww,google_play_public_no_login_fetcher
good,,5,2026-09-21,play_store,18.17.3,en,0,e6ddc20a-4c0a-41e2-ad29-4876cc7a8cac,Groww,com.nextbillion.groww,google_play_public_no_login_fetcher
sometimes slow performance,,5,2026-09-21,play_store,18.17.3,en,0,a11f68cb-b037-4cbe-87fe-adf637eaf846,Groww,com.nextbillion.groww,google_play_public_no_login_fetcher
good,,5,2026-09-21,play_store,18.17.3,en,0,73d1d11c-a781-4c34-a37a-82eaf4b07fce,Groww,com.nextbillion.groww,google_play_public_no_login_fetcher
best platform for beginners,,5,2026-09-21,play_store,18.16.1,en,0,c29120e9-2ecf-4f39-84e9-d668fdf3ca45,Groww,com.nextbillion.groww,google_play_public_no_login_fetcher
very nice,,5,2026-09-21,play_store,16.77,en,0,6243757c-dc93-41d9-9df5-c522e8617404,Groww,com.nextbillion.groww,google_play_public_no_login_fetcher
Good.,,5,2026-09-21,play_store,18.15.1,en,0,fea6ba5e-431b-4b61-a354-64ecd280b76a,Groww,com.nextbillion.groww,google_play_public_no_login_fetcher
nice app,,5,2026-09-21,play_store,18.17.3,en,0,c43fa412-ad43-4223-bc19-581d32390c0c,Groww,com.nextbillion.groww,google_play_public_no_login_fetcher
the charts started lagging very badly after update please fix I can't trade my phone is Vivo t1 5g 🙏😭,,2,2026-09-21,play_store,18.17.3,en,1,9b85afab-a755-4fe9-b6da-d61473671427,Groww,com.nextbillion.groww,google_play_public_no_login_fetcher
good,,5,2026-09-21,play_store,18.16.1,en,0,8600fd4f-a59d-4074-8e3c-78f0ea51d5ab,Groww,com.nextbillion.groww,google_play_public_no_login_fetcher
Very easy to use this app .. i love it 💞,,5,2026-09-21,play_store,18.16.1,en,0,9d4d6114-25ff-466e-a67d-502c5d9f184b,Groww,com.nextbillion.groww,google_play_public_no_login_fetcher
"This application is very user-friendly, especially for beginners. Compared to other applications, the brokerage charges are also lower. Whenever we have any doubts or issues, we can simply send a message, and they provide a solution to our problems. Overall, I would say this is a very good and easy-to-use application...",,5,2026-09-21,play_store,18.17.3,en,0,4095f34e-7868-4242-b9e1-a1d58eac6ba6,Groww,com.nextbillion.groww,google_play_public_no_login_fetcher
good,,5,2026-09-21,play_store,18.17.3,en,0,7d3e5b86-275a-47af-a129-cd30e25c1a9a,Groww,com.nextbillion.groww,google_play_public_no_login_fetcher
प्लेटफार्म और भी user friendly बनाया जाए,,5,2026-09-21,play_store,18.17.3,en,0,f981ffb3-34e5-476d-835d-fa208665dd21,Groww,com.nextbillion.groww,google_play_public_no_login_fetcher
good,,5,2026-09-21,play_store,18.17.3,en,0,c78c45f1-2099-4db7-8842-361175731b1a,Groww,com.nextbillion.groww,google_play_public_no_login_fetcher
love you 🤟,,5,2026-09-21,play_store,18.17.3,en,0,6f460d1f-161a-4bdb-8abc-275884350d10,Groww,com.nextbillion.groww,google_play_public_no_login_fetcher
👍 Good,,5,2026-09-21,play_store,18.17.3,en,0,37b561d0-cdaa-4996-bc89-838e19993d03,Groww,com.nextbillion.groww,google_play_public_no_login_fetcher
"Groww is constantly lagging, hanging, and taking too long to load. Charts and chart properties often don’t open properly, and F&O trading/options are also not working smoothly. Because of these issues, I have suffered significant financial losses. This is a completely unacceptable and frustrating experience from such a nonsense app. Please fix these issues urgently.",,1,2026-09-21,play_store,18.17.3,en,2,93451950-99c0-4882-a2f6-e21c757a3cc0,Groww,com.nextbillion.groww,google_play_public_no_login_fetcher
This is a very very good app and very egy backup now. thanks groww,,5,2026-09-21,play_store,18.17.3,en,0,13477d99-bc2b-4449-8d33-1db0f170f16c,Groww,com.nextbillion.groww,google_play_public_no_login_fetcher
good 👍,,5,2026-09-21,play_store,18.17.3,en,0,c549b321-8ce3-46fb-9432-5ccfcff38ea9,Groww,com.nextbillion.groww,google_play_public_no_login_fetcher
good,,5,2026-09-21,play_store,18.17.3,en,0,868829d7-7ff6-42ad-8d24-63e393bbfe8e,Groww,com.nextbillion.groww,google_play_public_no_login_fetcher
good,,5,2026-09-21,play_store,18.17.3,en,0,9bd95c1c-2eb7-4d9c-9f2f-fb3459deb067,Groww,com.nextbillion.groww,google_play_public_no_login_fetcher
nice,,5,2026-09-21,play_store,18.17.3,en,0,8a7539b2-d956-4aff-8426-9aaf808a2a85,Groww,com.nextbillion.groww,google_play_public_no_login_fetcher
not good aap customer care no response faltu aap hai,,2,2026-09-21,play_store,18.17.3,en,0,4d2b65c7-baef-44ee-947f-01b2aef415e9,Groww,com.nextbillion.groww,google_play_public_no_login_fetcher
"I want to give some suggestions and recommendations for the application development, how can I do that??",,5,2026-09-21,play_store,18.17.3,en,0,97160461-89f1-4571-8680-a787bd8e29d1,Groww,com.nextbillion.groww,google_play_public_no_login_fetcher
nice,,5,2026-09-21,play_store,18.17.3,en,0,17785ca5-5dd8-4d56-b88c-78176ec3c148,Groww,com.nextbillion.groww,google_play_public_no_login_fetcher
you need to create a assistant ai to teach new starter,,3,2026-09-21,play_store,,en,0,7400a5d1-a1f0-4125-b552-fc3d654f51c3,Groww,com.nextbillion.groww,google_play_public_no_login_fetcher
nice,,5,2026-09-21,play_store,18.17.3,en,0,7cd3a7dc-11ad-4f3c-ae57-442149e710dd,Groww,com.nextbillion.groww,google_play_public_no_login_fetcher
Weldone Team Gross,,5,2026-09-21,play_store,18.17.3,en,0,8909c9ef-1b7d-4cb5-87e8-c3e7fc472fd6,Groww,com.nextbillion.groww,google_play_public_no_login_fetcher
best app,,5,2026-09-21,play_store,18.17.3,en,0,99a52c7b-770f-4cb2-ade4-64ecf7a97db0,Groww,com.nextbillion.groww,google_play_public_no_login_fetcher
my future,,5,2026-09-21,play_store,18.17.3,en,0,5b2dadae-a229-440b-8af5-5396cd191683,Groww,com.nextbillion.groww,google_play_public_no_login_fetcher
very good 👍,,5,2026-09-21,play_store,,en,0,02b8e78d-b102-40db-b092-ac002f454bec,Groww,com.nextbillion.groww,google_play_public_no_login_fetcher
excellent,,5,2026-09-21,play_store,18.17.3,en,0,09331ad2-c28c-49db-883a-9da772156afe,Groww,com.nextbillion.groww,google_play_public_no_login_fetcher
good,,5,2026-09-21,play_store,18.17.3,en,0,4756cadd-0a88-4ec8-ad64-199887c6f176,Groww,com.nextbillion.groww,google_play_public_no_login_fetcher
For some reason I cannot set my UPI on Groww,,1,2026-09-21,play_store,18.17.3,en,0,f7034d9b-ac0d-42b8-94cc-0afccb812a9b,Groww,com.nextbillion.groww,google_play_public_no_login_fetcher
nyc apps,,5,2026-09-20,play_store,18.16.1,en,0,0fca83f2-6307-4cf7-b733-0f3d3eaceab8,Groww,com.nextbillion.groww,google_play_public_no_login_fetcher
excellent 👌,,5,2026-09-20,play_store,18.17.3,en,0,dc69ec9e-89dc-4e3e-a619-5f500f44d3c3,Groww,com.nextbillion.groww,google_play_public_no_login_fetcher
good app 👍 and satisfaction and trassted app,,5,2026-09-20,play_store,18.17.3,en,0,6791a990-2d09-42a1-9c63-85939912f699,Groww,com.nextbillion.groww,google_play_public_no_login_fetcher
Nice,,5,2026-09-20,play_store,18.17.3,en,0,fa2a669f-37d9-4f0f-8921-4e5de9bf1d85,Groww,com.nextbillion.groww,google_play_public_no_login_fetcher
nice,,4,2026-09-20,play_store,18.17.3,en,0,0187d2d0-bd7c-41b6-8f0e-8610f9ca9854,Groww,com.nextbillion.groww,google_play_public_no_login_fetcher
yaa. enikke ethe use cheyithe valliya kozhappam onnum undayittilla just for earn money for ente pocket money use cheyiyunnu.. this app is better choice,,5,2026-09-20,play_store,18.17.3,en,0,12cb2e86-110a-469e-9715-4ca68e3114db,Groww,com.nextbillion.groww,google_play_public_no_login_fetcher
charges kam karo,,4,2026-09-20,play_store,18.17.3,en,0,1c9eedc8-71b3-4768-88e8-fea5452fbf68,Groww,com.nextbillion.groww,google_play_public_no_login_fetcher
brokerage should be minimize,,2,2026-09-20,play_store,18.16.1,en,1,5b754b90-3296-4045-a700-3bbc32156f0e,Groww,com.nextbillion.groww,google_play_public_no_login_fetcher
सोप्या पद्धतीत शेअर बाजार समजण्या करिता खूप चांगला ऍप्लिकेशन आहे.,,5,2026-09-20,play_store,18.17.3,en,1,b8ad7c07-84cf-46b2-817c-35943d31c168,Groww,com.nextbillion.groww,google_play_public_no_login_fetcher
this app is awesome I am using more than 3 years . Now I am facing a small problem for open my baby minor account. minor's DOB document not uploading . I am click every possible words but photo gallery not open for select photo or PNG .,,5,2026-09-20,play_store,18.17.3,en,0,3e70c990-228e-4b8d-ae3b-1393da029439,Groww,com.nextbillion.groww,google_play_public_no_login_fetcher
good platform,,5,2026-09-20,play_store,18.17.3,en,0,772af2ab-9e40-4afd-b693-2f942d80fda5,Groww,com.nextbillion.groww,google_play_public_no_login_fetcher
good,,5,2026-09-20,play_store,18.17.3,en,1,3b12b338-a62c-42f1-9d1a-f9f54419783e,Groww,com.nextbillion.groww,google_play_public_no_login_fetcher
so beautiful so elegant 😍 just looking like a wow 😲 just looking like a woooooooooooow...,,5,2026-09-20,play_store,18.17.3,en,0,f10d8a4c-c792-4c61-aa95-e0a88aedcb1c,Groww,com.nextbillion.groww,google_play_public_no_login_fetcher
good,,5,2026-09-20,play_store,18.17.3,en,0,e6ef5be2-3f62-4c8f-ba3b-5ba7eadbbcfe,Groww,com.nextbillion.groww,google_play_public_no_login_fetcher
nice,,5,2026-09-20,play_store,18.17.3,en,1,4c85635c-f37d-46c6-bf4e-7c973da9c704,Groww,com.nextbillion.groww,google_play_public_no_login_fetcher
good application,,5,2026-09-20,play_store,18.17.3,en,0,02dc5a84-96d6-4a38-b59e-718140638145,Groww,com.nextbillion.groww,google_play_public_no_login_fetcher
Good Information,,5,2026-09-20,play_store,18.10.1,en,0,d5096a8b-c43e-4a84-8605-c10f688cf967,Groww,com.nextbillion.groww,google_play_public_no_login_fetcher
Nice 👍,,5,2026-09-20,play_store,18.16.1,en,0,16186bf8-11fd-4a99-87e2-f75d4c3962c4,Groww,com.nextbillion.groww,google_play_public_no_login_fetcher
very nice,,4,2026-09-20,play_store,18.15.1,en,0,6885a82a-b882-488c-a284-1ca7ae71df3f,Groww,com.nextbillion.groww,google_play_public_no_login_fetcher
😍,,5,2026-09-20,play_store,18.17.3,en,0,1545b524-7f3b-46c9-b68c-67c00a48d632,Groww,com.nextbillion.groww,google_play_public_no_login_fetcher
"Fantastic, user friendly investment app. Best in the business ❤️",,5,2026-09-20,play_store,18.17.3,en,0,099e4d19-ecc5-4065-a303-4e563914266d,Groww,com.nextbillion.groww,google_play_public_no_login_fetcher
good,,5,2026-09-20,play_store,18.16.1,en,0,5addf286-6228-4f6e-bf92-30b26f5e789e,Groww,com.nextbillion.groww,google_play_public_no_login_fetcher
"The app was automatically uninstalled from my phone, and now I can't install it again",,2,2026-09-20,play_store,,en,1,e51a7697-c00b-4245-8e95-057a89d4fa22,Groww,com.nextbillion.groww,google_play_public_no_login_fetcher
app interfaces 🎀,,5,2026-09-20,play_store,18.17.3,en,1,3a79cd95-25f8-48c2-b8d7-f2a01d8cc802,Groww,com.nextbillion.groww,google_play_public_no_login_fetcher
nice,,5,2026-09-20,play_store,18.16.1,en,0,008e3b2d-de63-477a-b597-dcc116b1198a,Groww,com.nextbillion.groww,google_play_public_no_login_fetcher
super fast groww,,5,2026-09-20,play_store,18.17.3,en,0,5d94bf82-63ab-4c4d-80fd-cc64b834680c,Groww,com.nextbillion.groww,google_play_public_no_login_fetcher
Nice,,5,2026-09-20,play_store,18.17.3,en,0,ac5bd523-6985-42c3-a865-af4ab8889c25,Groww,com.nextbillion.groww,google_play_public_no_login_fetcher
good good very good,,5,2026-09-20,play_store,18.3.1,en,0,a3f86a36-e183-4579-bebf-0c79036d7a8e,Groww,com.nextbillion.groww,google_play_public_no_login_fetcher
good,,5,2026-09-20,play_store,18.17.3,en,1,93abc6da-41dd-4551-984f-980c4de393c8,Groww,com.nextbillion.groww,google_play_public_no_login_fetcher
nice 👍,,5,2026-09-20,play_store,18.17.3,en,1,289bb285-6218-4f99-9e98-2b2929359f74,Groww,com.nextbillion.groww,google_play_public_no_login_fetcher
very good,,5,2026-09-20,play_store,18.17.3,en,0,0f86c16e-cb14-4f05-8c54-c4c42990f5b7,Groww,com.nextbillion.groww,google_play_public_no_login_fetcher
great experience,,5,2026-09-20,play_store,18.17.3,en,0,2d73d70b-6daa-4b5d-9856-070d397543ca,Groww,com.nextbillion.groww,google_play_public_no_login_fetcher
excellent,,5,2026-09-20,play_store,18.17.3,en,0,823d0ee7-4023-444a-9556-137e30e3c369,Groww,com.nextbillion.groww,google_play_public_no_login_fetcher
"Dear Groww Support Team, I am writing to request urgent assistance regarding an issue with withdrawing my available funds from my Groww account. I have sufficient available balance",,1,2026-09-20,play_store,,en,1,30d88798-3299-4260-b3b7-999b5edcb77e,Groww,com.nextbillion.groww,google_play_public_no_login_fetcher
plz integrate your app with trading view ..like wise dhan app..,,5,2026-09-20,play_store,18.17.3,en,1,d47c21cb-eb1e-4735-97f8-cae7c82ec99a,Groww,com.nextbillion.groww,google_play_public_no_login_fetcher
good👍👍👍👍👍,,5,2026-09-20,play_store,18.17.3,en,0,575d0640-86a4-474d-91f6-7d09e8dd06be,Groww,com.nextbillion.groww,google_play_public_no_login_fetcher
good,,4,2026-09-20,play_store,18.17.3,en,0,b3241395-9212-4a99-b89a-b5f443c5a189,Groww,com.nextbillion.groww,google_play_public_no_login_fetcher
ok,,5,2026-09-20,play_store,18.17.3,en,1,c1bd7f0a-1769-49f8-bd98-fa22c2efff03,Groww,com.nextbillion.groww,google_play_public_no_login_fetcher
nice one,,4,2026-09-20,play_store,18.17.3,en,0,7e6c38f0-1899-4a11-8df8-35f1f9a0a9e7,Groww,com.nextbillion.groww,google_play_public_no_login_fetcher
good,,5,2026-09-20,play_store,18.17.3,en,0,fd3ffe8d-f1a5-42e2-9316-d61f7c425faa,Groww,com.nextbillion.groww,google_play_public_no_login_fetcher
good,,5,2026-09-20,play_store,18.17.3,en,0,256fc8fa-c6ac-4978-9682-339cb7a5f840,Groww,com.nextbillion.groww,google_play_public_no_login_fetcher
good,,5,2026-09-20,play_store,18.17.3,en,0,4c8e03db-7aa8-497e-bdcf-780469587147,Groww,com.nextbillion.groww,google_play_public_no_login_fetcher
extend charges jyada le raha hai 😜😜😜😜😜,,4,2026-09-20,play_store,18.17.3,en,0,254828e9-95e5-4a57-933c-3857b7f98b05,Groww,com.nextbillion.groww,google_play_public_no_login_fetcher
super 👌,,4,2026-09-20,play_store,18.16.1,en,0,3a77286f-bf04-4cb3-adb4-67a637e98652,Groww,com.nextbillion.groww,google_play_public_no_login_fetcher
excellent,,5,2026-09-20,play_store,18.17.3,en,0,36f80ef4-ffbf-40f8-b884-ca21ab1939ee,Groww,com.nextbillion.groww,google_play_public_no_login_fetcher
superb,,5,2026-09-20,play_store,18.15.1,en,0,3190a64d-a023-4414-b6c7-62f5f1e206c7,Groww,com.nextbillion.groww,google_play_public_no_login_fetcher
nice,,5,2026-09-20,play_store,18.17.3,en,0,4e6e27ad-23cd-421d-a4cb-f9df17f74c92,Groww,com.nextbillion.groww,google_play_public_no_login_fetcher
The Best,,5,2026-09-20,play_store,18.17.3,en,1,63064ad7-96e6-4532-bd17-bdffb51eeb4f,Groww,com.nextbillion.groww,google_play_public_no_login_fetcher
Nice App,,5,2026-09-20,play_store,18.17.3,en,0,e52b6c55-9268-499b-a504-a49bc82f47aa,Groww,com.nextbillion.groww,google_play_public_no_login_fetcher
Ok,,5,2026-09-20,play_store,18.17.3,en,0,53e04fa5-dd7e-4a4a-a180-de7b86fc4d76,Groww,com.nextbillion.groww,google_play_public_no_login_fetcher
good platform,,5,2026-09-20,play_store,18.17.3,en,0,e7815679-5fc5-4bcb-8f09-574dcd641467,Groww,com.nextbillion.groww,google_play_public_no_login_fetcher
Good,,5,2026-09-20,play_store,18.17.3,en,0,1f7f465d-3670-4c50-99cd-662d56625ce5,Groww,com.nextbillion.groww,google_play_public_no_login_fetcher
good 👍,,5,2026-09-20,play_store,18.17.3,en,0,15783bc9-9d57-47bc-b782-66cbba2d5d97,Groww,com.nextbillion.groww,google_play_public_no_login_fetcher
very bad service 😞,,1,2026-09-20,play_store,18.16.1,en,0,8869ad72-645e-4e75-9b9f-f5011d479ee8,Groww,com.nextbillion.groww,google_play_public_no_login_fetcher
amezing,,5,2026-09-20,play_store,,en,0,f3765c8b-fa74-464b-b903-516c6005566b,Groww,com.nextbillion.groww,google_play_public_no_login_fetcher
"it is simple and easy to use app. everything is placed neatly that makes it easy to understand and navigate. but, the customer support agent has some problems. it replies too late and sometimes unresponsive and closes query in between. sometimes, some key features disappears out of app. hope Groww improves this. Harsh Vardhan",,4,2026-09-20,play_store,18.17.3,en,0,b2f6dfe1-b466-4ef2-83cb-3ebb480031e0,Groww,com.nextbillion.groww,google_play_public_no_login_fetcher
ey bhot better apps hy,,1,2026-09-20,play_store,18.16.1,en,0,625022ad-577c-4b5a-909e-229d61e9755c,Groww,com.nextbillion.groww,google_play_public_no_login_fetcher
very good apps,,5,2026-09-20,play_store,18.17.3,en,0,ce9ac404-ce4b-4ca4-9009-51e8cb0b985e,Groww,com.nextbillion.groww,google_play_public_no_login_fetcher
Good,,5,2026-09-20,play_store,18.17.3,en,0,7cd77cfa-028d-4ee5-aea0-a570fdadac2f,Groww,com.nextbillion.groww,google_play_public_no_login_fetcher
👍😊,,5,2026-09-20,play_store,,en,0,6a423fa0-71b0-4c88-ae0c-0808e8ddc9c5,Groww,com.nextbillion.groww,google_play_public_no_login_fetcher
bot is a good app,,5,2026-09-20,play_store,18.17.3,en,0,390bb011-20ef-4044-b1b2-61df5e3fc2ae,Groww,com.nextbillion.groww,google_play_public_no_login_fetcher
Worst customer service i am requesting a simple spelling change of my surname 1 month ago and still pending my name correction,,1,2026-09-20,play_store,18.17.3,en,0,ec74a5f0-aa7c-4623-b74e-0bd8c04cc133,Groww,com.nextbillion.groww,google_play_public_no_login_fetcher
😘😘😘😘😘😘🫡🫡🫡🫡🫡🤫🤫👿👿👿😈👻💀☠️☠️💥💥💥💥,,5,2026-09-20,play_store,18.16.1,en,0,f2489406-56d8-4088-980b-1c493619a481,Groww,com.nextbillion.groww,google_play_public_no_login_fetcher
nice,,5,2026-09-20,play_store,18.17.3,en,0,6c8cdbdc-ec28-40bf-8b4c-5b107c250b88,Groww,com.nextbillion.groww,google_play_public_no_login_fetcher
good,,1,2026-09-20,play_store,18.17.3,en,0,720659cf-65dd-4469-9172-b4f60d2ffcfd,Groww,com.nextbillion.groww,google_play_public_no_login_fetcher
good 👍,,5,2026-09-20,play_store,18.17.3,en,0,235c5398-2c5a-402d-9eb6-6b0b6c8b3561,Groww,com.nextbillion.groww,google_play_public_no_login_fetcher
excellent,,5,2026-09-20,play_store,18.17.3,en,0,67344b09-51b1-4e3c-8339-22127230ece6,Groww,com.nextbillion.groww,google_play_public_no_login_fetcher
nice,,5,2026-09-20,play_store,18.17.3,en,0,248cebad-3b2d-465a-b451-317d4d69c759,Groww,com.nextbillion.groww,google_play_public_no_login_fetcher
"delay chart, slow chart sometimes stuck. and lots of bugs in this app",,3,2026-09-20,play_store,18.17.3,en,40,3b7a8aed-9b5f-467a-9056-c301d7555dd1,Groww,com.nextbillion.groww,google_play_public_no_login_fetcher
best apps 😍😍😍,,5,2026-09-20,play_store,,en,0,288a5d7b-5ae0-4d09-87e1-9551d38e8fd3,Groww,com.nextbillion.groww,google_play_public_no_login_fetcher
good 👍😊,,5,2026-09-20,play_store,18.17.3,en,0,1212ddd1-085f-40a6-8d5f-addd5c9e9721,Groww,com.nextbillion.groww,google_play_public_no_login_fetcher
excellent,,5,2026-09-20,play_store,18.17.3,en,0,4a922204-2aac-4ad3-847c-10cc743cc8d1,Groww,com.nextbillion.groww,google_play_public_no_login_fetcher
good app,,5,2026-09-20,play_store,18.17.3,en,0,af1c9256-f487-4718-a64e-ca2f60ab0f80,Groww,com.nextbillion.groww,google_play_public_no_login_fetcher
Good,,5,2026-09-20,play_store,18.17.3,en,0,95b97476-83ac-4079-8283-93f60dff8e02,Groww,com.nextbillion.groww,google_play_public_no_login_fetcher
good,,5,2026-09-20,play_store,18.16.1,en,1,fb88ba10-dd12-4009-9b75-f23ee28d2f52,Groww,com.nextbillion.groww,google_play_public_no_login_fetcher
nice,,4,2026-09-20,play_store,18.17.3,en,1,e8468b95-fbb8-4f28-940b-1305e8dc5b43,Groww,com.nextbillion.groww,google_play_public_no_login_fetcher
ok good service,,5,2026-09-20,play_store,18.17.3,en,0,358febad-8dfa-462f-b8e2-013018f5aa61,Groww,com.nextbillion.groww,google_play_public_no_login_fetcher
ok,,5,2026-09-20,play_store,18.12.1,en,0,90844522-8f9a-4ba4-8bc0-ce384fcf8175,Groww,com.nextbillion.groww,google_play_public_no_login_fetcher
good experience,,5,2026-09-20,play_store,18.17.3,en,0,a7000af5-3031-4f08-8785-964f6fa5f3d1,Groww,com.nextbillion.groww,google_play_public_no_login_fetcher
nice,,5,2026-09-20,play_store,18.17.3,en,0,c2c99f33-2353-415d-971e-0cc5b7d29e47,Groww,com.nextbillion.groww,google_play_public_no_login_fetcher
Work,,5,2026-09-20,play_store,18.17.3,en,0,5a81c8e4-c748-4d55-9482-97a8d2cd71ef,Groww,com.nextbillion.groww,google_play_public_no_login_fetcher
Grow is very poor.,,1,2026-09-20,play_store,18.17.3,en,0,c8c7299e-49d8-47ee-9d25-7271be6544dd,Groww,com.nextbillion.groww,google_play_public_no_login_fetcher
nice,,4,2026-09-20,play_store,18.17.3,en,0,3e494b3a-d6c3-468b-bc4f-a50fb580aa3b,Groww,com.nextbillion.groww,google_play_public_no_login_fetcher
good 👍,,5,2026-09-20,play_store,18.16.1,en,0,f5795206-d537-4b0e-8525-9b5641be67a0,Groww,com.nextbillion.groww,google_play_public_no_login_fetcher
I find the Groww app very user-friendly and useful,,5,2026-09-20,play_store,18.17.3,en,0,8085a64a-54b2-48e8-a6b7-58d0d2455a96,Groww,com.nextbillion.groww,google_play_public_no_login_fetcher
good 👍,,5,2026-09-20,play_store,18.16.1,en,1,450d4228-15c4-4cfd-9b32-5efb0f8c0824,Groww,com.nextbillion.groww,google_play_public_no_login_fetcher
good,,5,2026-09-20,play_store,18.17.3,en,0,7ef19716-5166-47c9-95fd-c61383444f10,Groww,com.nextbillion.groww,google_play_public_no_login_fetcher
good yes please do the needful at the end of this year I was just kidding don't take tension,,5,2026-09-20,play_store,18.15.1,en,0,7a2509be-7abc-4f8f-937f-8a6449d73bf6,Groww,com.nextbillion.groww,google_play_public_no_login_fetcher
best for lerner,,1,2026-09-20,play_store,18.17.3,en,0,9e5b7607-92cf-4e88-b105-e5d1e7e6e18c,Groww,com.nextbillion.groww,google_play_public_no_login_fetcher
Nice 👍,,5,2026-09-20,play_store,18.17.3,en,0,82253615-19c4-4620-ad2c-ad5dea6d24c5,Groww,com.nextbillion.groww,google_play_public_no_login_fetcher
good,,5,2026-09-20,play_store,18.17.3,en,0,e3e31d89-4bf5-49e8-9a57-3b3b4134a92d,Groww,com.nextbillion.groww,google_play_public_no_login_fetcher
good,,5,2026-09-20,play_store,18.17.3,en,0,10a62a76-69e8-4249-990e-b60498293b77,Groww,com.nextbillion.groww,google_play_public_no_login_fetcher
This is best app,,5,2026-09-20,play_store,18.14.2,en,0,6537fab8-7fd8-47ab-9cb4-cf832efcb096,Groww,com.nextbillion.groww,google_play_public_no_login_fetcher
Very good,,4,2026-09-20,play_store,18.17.3,en,0,9b0a0d76-bb94-4cf7-ae35-683ee2b87c56,Groww,com.nextbillion.groww,google_play_public_no_login_fetcher
Bawal Chiz hai bey maza aajata hai,,5,2026-09-20,play_store,18.17.3,en,0,926fa4f1-8a87-4f7d-b323-31f155a167db,Groww,com.nextbillion.groww,google_play_public_no_login_fetcher
very easy and very very good app,,5,2026-09-20,play_store,18.16.1,en,0,975b00f0-6d9a-40b2-8c57-eb082dd0eef0,Groww,com.nextbillion.groww,google_play_public_no_login_fetcher
good 👍🏻,,5,2026-09-20,play_store,18.17.3,en,0,a0e118b9-9875-4c77-bb07-669b0d3b503f,Groww,com.nextbillion.groww,google_play_public_no_login_fetcher
good app,,5,2026-09-20,play_store,18.16.1,en,0,04ad8cb0-0ff3-4d90-ae64-66fa96929371,Groww,com.nextbillion.groww,google_play_public_no_login_fetcher
very good,,5,2026-09-20,play_store,,en,0,f4dffcd9-d52e-40ea-8a6c-bf54c3fb7050,Groww,com.nextbillion.groww,google_play_public_no_login_fetcher
good,,5,2026-09-20,play_store,18.16.1,en,0,be34677b-0abc-4193-a069-0907105dcce0,Groww,com.nextbillion.groww,google_play_public_no_login_fetcher
supper,,5,2026-09-20,play_store,18.17.3,en,0,302eb27e-2b42-4e27-95f9-9bdb69ddb5c9,Groww,com.nextbillion.groww,google_play_public_no_login_fetcher
Mention Not.,,5,2026-09-20,play_store,18.13.2,en,0,7477fa40-87f7-4ca8-8546-74df40173b4f,Groww,com.nextbillion.groww,google_play_public_no_login_fetcher
best 👌,,5,2026-09-20,play_store,18.17.3,en,0,21eb4b5a-e3e1-4c77-80ad-6496e006d8de,Groww,com.nextbillion.groww,google_play_public_no_login_fetcher
It is very nice and easy to use app,,5,2026-09-19,play_store,18.16.1,en,0,9d874465-9771-440d-b24b-2bc68af44b9d,Groww,com.nextbillion.groww,google_play_public_no_login_fetcher
good,,5,2026-09-19,play_store,18.16.1,en,1,d567fd59-d415-4982-b06b-051f6f3b96be,Groww,com.nextbillion.groww,google_play_public_no_login_fetcher
good 👍,,5,2026-09-19,play_store,18.17.3,en,1,5f981c36-e6df-4b9a-a654-a7925d587a0c,Groww,com.nextbillion.groww,google_play_public_no_login_fetcher
nice 👍,,5,2026-09-19,play_store,18.17.3,en,0,e9a818af-cc5d-4d09-a584-c681f6abb3e0,Groww,com.nextbillion.groww,google_play_public_no_login_fetcher
easy to investment site,,4,2026-09-19,play_store,18.17.3,en,1,26e5ccbe-5ae7-41f9-b3e0-b8005f6609b9,Groww,com.nextbillion.groww,google_play_public_no_login_fetcher
nice good 👍,,5,2026-09-19,play_store,18.17.3,en,1,7d8afe51-18a9-4617-9293-585d361d31b4,Groww,com.nextbillion.groww,google_play_public_no_login_fetcher
nice work,,5,2026-09-19,play_store,18.17.3,en,0,eaf51d44-e32f-4e4e-86f5-7e4e0c7dd710,Groww,com.nextbillion.groww,google_play_public_no_login_fetcher
osam,,5,2026-09-19,play_store,18.17.3,en,0,7271c4ff-9b5d-468a-b1e7-2d84ea82b65c,Groww,com.nextbillion.groww,google_play_public_no_login_fetcher
good,,5,2026-09-19,play_store,18.17.3,en,0,e38fff22-7c91-4bef-9088-93117f6388be,Groww,com.nextbillion.groww,google_play_public_no_login_fetcher
"Mainu koi trading sikha Sakda va yr ,paise nai mere kol dosto, mnu dss deo kive trading ch km krida",,3,2026-09-19,play_store,,en,0,2dbd2263-349f-4d36-ba05-24c5b7639572,Groww,com.nextbillion.groww,google_play_public_no_login_fetcher
very good 👍😊,,5,2026-09-19,play_store,18.17.3,en,0,5d1ff40e-45c5-4a7e-996e-db2e40c32ed0,Groww,com.nextbillion.groww,google_play_public_no_login_fetcher
Deteriorating Experience day by day. earlier we were able to tell in a glance how much profit or revenue has increased of a company. now we have to click each bar individually to find out.,,2,2026-09-19,play_store,18.17.3,en,1,d09ac4e9-18bb-4922-a2c0-f607205dfb4c,Groww,com.nextbillion.groww,google_play_public_no_login_fetcher
nuralam,,1,2026-09-19,play_store,,en,1,db03d7e7-18fa-4c1d-95b9-7f4684cffa71,Groww,com.nextbillion.groww,google_play_public_no_login_fetcher
good 👍,,5,2026-09-19,play_store,18.17.3,en,0,793c5905-d1ab-4d86-a888-78e3980c03a1,Groww,com.nextbillion.groww,google_play_public_no_login_fetcher
convenient.. really like it,,5,2026-09-19,play_store,18.17.3,en,0,380e94e9-fb9c-4c1f-9b33-f83937cfb262,Groww,com.nextbillion.groww,google_play_public_no_login_fetcher
"pathetic experience. Setting up the account is so bad. It fetched my name from PAN details and auto-filled my father's name instead of my name. But I was not able to correct it. when I raised this query with customer support both through voice and chat, automated answers only thrown which didn't solve my problem. my account is still in my father's name. Pathetic.",,1,2026-09-19,play_store,,en,1,08f74b19-e246-4ad6-ad04-6fb6844b18bc,Groww,com.nextbillion.groww,google_play_public_no_login_fetcher
osm,,5,2026-09-19,play_store,18.17.3,en,0,39d22ed2-4975-4a0a-ad1d-3fe0a8f7ae31,Groww,com.nextbillion.groww,google_play_public_no_login_fetcher
"Need to provide ""last added"" feature to my stock portfolio also, just like ""sort by"" in watchlist",,4,2026-09-19,play_store,18.18.0,en,2,75bc4336-54f3-4e19-99d9-df6bc9549cd5,Groww,com.nextbillion.groww,google_play_public_no_login_fetcher
very good,,5,2026-09-19,play_store,18.17.3,en,0,cf620a1e-e53e-4961-ab08-d654eb1df926,Groww,com.nextbillion.groww,google_play_public_no_login_fetcher
yeh jitne sare broker app hai na sale milkar hum logo ko bhikari bana dega government ko band karna hoga yeh sab app ko nhi toh mentally frustrated ho jaoge government ko action lena hoga,,1,2026-09-19,play_store,17.74,en,1,68a51fe9-dd9f-4d0a-801e-bb5b0ae4c673,Groww,com.nextbillion.groww,google_play_public_no_login_fetcher
nice,,5,2026-09-19,play_store,18.16.1,en,0,554475f7-2cbb-4353-9a26-d54fc4b26d52,Groww,com.nextbillion.groww,google_play_public_no_login_fetcher
very good 👍🏻,,5,2026-09-19,play_store,18.17.3,en,0,b893748d-0d54-444f-91e0-d3f41b2c75ee,Groww,com.nextbillion.groww,google_play_public_no_login_fetcher
My trust on grow,,5,2026-09-19,play_store,18.17.3,en,0,d3356c4a-c15a-4f7d-aef8-5946460aee27,Groww,com.nextbillion.groww,google_play_public_no_login_fetcher
on the future,,5,2026-09-19,play_store,18.17.3,en,0,c051b88c-bd80-4fd1-979f-2e76f21077d7,Groww,com.nextbillion.groww,google_play_public_no_login_fetcher
👍,,5,2026-09-19,play_store,18.17.3,en,0,475e7cde-39f8-49e3-b91b-628a1eb37fca,Groww,com.nextbillion.groww,google_play_public_no_login_fetcher
best,,5,2026-09-19,play_store,18.16.1,en,0,e4114a3c-a582-486b-be87-c31c7c35f18d,Groww,com.nextbillion.groww,google_play_public_no_login_fetcher
good,,5,2026-09-19,play_store,18.16.1,en,0,026fec82-0788-46c2-9dbf-a0322264d2b6,Groww,com.nextbillion.groww,google_play_public_no_login_fetcher
Good Job 👍🏻,,5,2026-09-19,play_store,,en,0,d70a5781-d985-42fe-8f46-f5857ea8f8d2,Groww,com.nextbillion.groww,google_play_public_no_login_fetcher
positive Life,,5,2026-09-19,play_store,18.16.1,en,0,838da4f1-b38b-48ff-a53f-f7c4704b75e8,Groww,com.nextbillion.groww,google_play_public_no_login_fetcher
This App is Really Very Good!! UI is So Easy!!!,,5,2026-09-19,play_store,18.17.3,en,0,9989f992-030a-4e68-8522-5585f6930177,Groww,com.nextbillion.groww,google_play_public_no_login_fetcher
good,,5,2026-09-19,play_store,18.16.1,en,0,9405147e-12ac-4c7d-a8b4-cbbe94214ca8,Groww,com.nextbillion.groww,google_play_public_no_login_fetcher
good,,5,2026-09-19,play_store,18.16.1,en,1,82f3ad9f-688b-44e4-aaba-588a5f25c420,Groww,com.nextbillion.groww,google_play_public_no_login_fetcher
nowadays you guys seems like fraud Beaware guys specially if you are pledging your stocks they suddenly change haircut on a particular stock Even if your pledged stocks are doing great you can be in deep financial trouble if you are doing mtf using pledged balance,,1,2026-09-19,play_store,,en,1,35c395d6-7f44-4e00-81b3-f0bbf57f9787,Groww,com.nextbillion.groww,google_play_public_no_login_fetcher
best trading app,,5,2026-09-19,play_store,,en,1,b7b25bee-8f99-4a49-bdb6-03e8cb6b9f1c,Groww,com.nextbillion.groww,google_play_public_no_login_fetcher
update to volume candle in function in treding view application .,,3,2026-09-19,play_store,18.17.3,en,2,59bc79ce-4a07-4614-af1e-c58cbdf08e0f,Groww,com.nextbillion.groww,google_play_public_no_login_fetcher
super,,5,2026-09-19,play_store,18.17.3,en,0,82e7f479-7957-40c9-ac43-9de873d8d5a9,Groww,com.nextbillion.groww,google_play_public_no_login_fetcher
"it's èasy ,user friendly and it's charges are costly.",,4,2026-09-19,play_store,18.16.1,en,0,44e920cf-5a36-4105-ad9d-ab81e072bee6,Groww,com.nextbillion.groww,google_play_public_no_login_fetcher
Indus very nice,,5,2026-09-19,play_store,18.17.3,en,0,1ab2b500-cdd9-41d6-a94e-b7248e2be4eb,Groww,com.nextbillion.groww,google_play_public_no_login_fetcher
Don't Install ever. Fake Promise.I can't withdraw my money from my wallet and other than how I can say it deserves in mobile space.,,1,2026-09-19,play_store,18.16.1,en,1,170b1207-195c-4ab8-b422-8e9133b66aba,Groww,com.nextbillion.groww,google_play_public_no_login_fetcher
very good,,5,2026-09-19,play_store,18.16.1,en,0,ec4948d2-17bd-4192-83b7-7b20f479d85d,Groww,com.nextbillion.groww,google_play_public_no_login_fetcher
nice 👍,,3,2026-09-19,play_store,,en,1,5deda810-9d59-40b3-9cdc-1472adfbabdf,Groww,com.nextbillion.groww,google_play_public_no_login_fetcher
good,,5,2026-09-19,play_store,18.16.1,en,0,a1990d1d-a929-4320-a64c-c14ecc465fb3,Groww,com.nextbillion.groww,google_play_public_no_login_fetcher
good 👍,,5,2026-09-19,play_store,18.17.3,en,0,17b2e861-c8d1-40dc-b8f5-99bd9af442cf,Groww,com.nextbillion.groww,google_play_public_no_login_fetcher
very good app. A user friendly app. I like the app very much. One more things should be inducted in the app which is OPEN INTEREST AND CHANGE IN OPEN INTEREST BAR should be available for option trading.,,5,2026-09-19,play_store,18.17.3,en,0,79a5db6d-edcf-4de7-9448-976ba2baa5bf,Groww,com.nextbillion.groww,google_play_public_no_login_fetcher
awasome app,,5,2026-09-19,play_store,18.16.1,en,0,abfa537a-e9fe-46f5-a569-ae2fd97edad5,Groww,com.nextbillion.groww,google_play_public_no_login_fetcher
"updated 19sep26 latest experience. Incorrect external fund Investment values & useless support ​Groww's external fund import is broken. It defaults to displaying the date-of-import value as invested amount, ruining portfolio accuracy. CAS statements show correct data, yet Groww fails to parse it. Support tickets are closed with canned, automated replies without resolving the issue. Basic portfolio filtering and sorting tools are missing. Importing funds is useless if invested values are wrong.",,1,2026-09-19,play_store,18.17.3,en,4,54937f05-0997-4ce6-9df6-a27bbfab9093,Groww,com.nextbillion.groww,google_play_public_no_login_fetcher
sometimes it lag,,4,2026-09-19,play_store,18.17.3,en,1,f5d85309-e146-4572-9f7d-87e6f3eec9ac,Groww,com.nextbillion.groww,google_play_public_no_login_fetcher
nice app,,5,2026-09-19,play_store,18.17.3,en,0,9e39a574-f7b0-4451-8698-45d2b692626e,Groww,com.nextbillion.groww,google_play_public_no_login_fetcher
very good,,5,2026-09-19,play_store,18.17.3,en,0,c2bfda5e-51f4-49bb-8865-826fe83fa0f9,Groww,com.nextbillion.groww,google_play_public_no_login_fetcher
good 👍,,5,2026-09-19,play_store,18.13.2,en,0,4df3f94a-92d9-4e6b-9d22-295e7b8afef9,Groww,com.nextbillion.groww,google_play_public_no_login_fetcher
world class...... amazing,,5,2026-09-19,play_store,18.15.1,en,0,8ef85ac0-c4f5-4b58-9ea0-4fe4b46202af,Groww,com.nextbillion.groww,google_play_public_no_login_fetcher
bahut achcha hai,,5,2026-09-19,play_store,18.17.3,en,0,de1a2543-c571-4471-b79e-c35d7934f713,Groww,com.nextbillion.groww,google_play_public_no_login_fetcher
😭😭😭😭😭😭,,5,2026-09-19,play_store,18.17.3,en,0,d76b39d7-44eb-4016-ae72-285279f67752,Groww,com.nextbillion.groww,google_play_public_no_login_fetcher
good,,5,2026-09-19,play_store,18.17.3,en,0,113ca783-ebb8-4632-a4bc-7db75a8fd63b,Groww,com.nextbillion.groww,google_play_public_no_login_fetcher
"they should improve 1 thing, the account money in groww should be able to transfer in bank account on saturday and sunday!",,1,2026-09-19,play_store,,en,1,cd40ff58-c114-4208-9fa2-38b56dde2557,Groww,com.nextbillion.groww,google_play_public_no_login_fetcher
very good,,5,2026-09-19,play_store,18.17.3,en,0,2ecf85f8-33ca-41f9-ac48-9e3e7a537477,Groww,com.nextbillion.groww,google_play_public_no_login_fetcher
that's good app and support,,4,2026-09-19,play_store,18.16.1,en,1,9c327f72-be98-426c-bfba-f15f45b0baf6,Groww,com.nextbillion.groww,google_play_public_no_login_fetcher
good,,5,2026-09-19,play_store,18.17.3,en,0,8df2d67d-7727-46ce-a485-fced5efefac0,Groww,com.nextbillion.groww,google_play_public_no_login_fetcher
nice,,5,2026-09-19,play_store,18.17.3,en,0,7810165f-4f52-4bc9-a13d-ab175bc4d90f,Groww,com.nextbillion.groww,google_play_public_no_login_fetcher
Good charts and basic research tools: Useful for someone who wants to manage investments without a complicated interface,,5,2026-09-19,play_store,18.17.3,en,0,c2db32b1-6c93-4043-9f11-768c879b14c7,Groww,com.nextbillion.groww,google_play_public_no_login_fetcher
good,,5,2026-09-19,play_store,18.16.1,en,0,5319484b-3c40-45bc-a4c6-5c655828e4f8,Groww,com.nextbillion.groww,google_play_public_no_login_fetcher
☺️,,5,2026-09-19,play_store,18.17.3,en,0,46b735a7-f964-4673-93e2-eea1c6732f75,Groww,com.nextbillion.groww,google_play_public_no_login_fetcher
good,,5,2026-09-19,play_store,18.16.1,en,0,a91d2e99-4308-415e-b4f5-b97b41331e81,Groww,com.nextbillion.groww,google_play_public_no_login_fetcher
"Big name, small vision 3rd class quality, compare to other",,1,2026-09-19,play_store,18.17.3,en,0,e552ef66-4b7a-4b9d-bc8e-4e324206b374,Groww,com.nextbillion.groww,google_play_public_no_login_fetcher
this is best investment platform,,5,2026-09-19,play_store,18.16.1,en,0,4ce0c48a-e516-4056-8f09-19a5d13507d0,Groww,com.nextbillion.groww,google_play_public_no_login_fetcher
good application and program,,5,2026-09-19,play_store,18.13.2,en,0,9c7f1092-f26c-4964-ad88-db8ecd32ac75,Groww,com.nextbillion.groww,google_play_public_no_login_fetcher
osm,,5,2026-09-19,play_store,18.17.3,en,0,dce9384b-76f6-4471-a853-f4f62e9de038,Groww,com.nextbillion.groww,google_play_public_no_login_fetcher
Nice,,5,2026-09-19,play_store,18.16.1,en,0,d00f96b2-6dc3-4d63-b2de-2c3929287500,Groww,com.nextbillion.groww,google_play_public_no_login_fetcher
super 👍,,5,2026-09-19,play_store,18.13.2,en,0,189e347e-1b3e-4a63-982e-36483eb7196c,Groww,com.nextbillion.groww,google_play_public_no_login_fetcher
nice user friendly,,5,2026-09-19,play_store,18.17.3,en,0,927f867c-0ba5-4cac-ab69-dedaaf1c2ccf,Groww,com.nextbillion.groww,google_play_public_no_login_fetcher
nice,,5,2026-09-19,play_store,18.17.3,en,0,eb4be67a-86d7-47ce-8a3b-ee0c471933d6,Groww,com.nextbillion.groww,google_play_public_no_login_fetcher
ok,,5,2026-09-19,play_store,18.17.3,en,0,26f03f69-3b66-43b2-b6e4-75d5b068a02b,Groww,com.nextbillion.groww,google_play_public_no_login_fetcher
good app,,5,2026-09-19,play_store,18.17.3,en,0,e5c1f7a8-303f-4ef0-b67f-e161f6a6bffd,Groww,com.nextbillion.groww,google_play_public_no_login_fetcher
good,,5,2026-09-19,play_store,18.14.1,en,0,940e98ad-a6bf-4c33-a094-10631fa79798,Groww,com.nextbillion.groww,google_play_public_no_login_fetcher
good 👍🏻,,5,2026-09-19,play_store,18.17.3,en,0,9e398a92-4e92-497c-8ee8-d49e405bee75,Groww,com.nextbillion.groww,google_play_public_no_login_fetcher
good well,,5,2026-09-19,play_store,18.14.1,en,0,37208b7e-dc04-4a6a-84fb-68a7c67f9ca4,Groww,com.nextbillion.groww,google_play_public_no_login_fetcher
Very easy to handle,,5,2026-09-19,play_store,18.17.3,en,0,c4949e0f-e9f8-4787-ad9a-9e5726265005,Groww,com.nextbillion.groww,google_play_public_no_login_fetcher
user friendly,,5,2026-09-19,play_store,18.16.1,en,0,1b805ed8-46ef-4a37-9053-d477584a81d7,Groww,com.nextbillion.groww,google_play_public_no_login_fetcher
nice,,5,2026-09-19,play_store,18.17.3,en,0,e3f4d5c4-164f-453f-b170-feff98951d5f,Groww,com.nextbillion.groww,google_play_public_no_login_fetcher
nice,,5,2026-09-19,play_store,17.95.2,en,0,3d7ae7ec-dccf-4579-a80a-524d7618816d,Groww,com.nextbillion.groww,google_play_public_no_login_fetcher
osmosis app,,5,2026-09-19,play_store,18.4.3,en,0,75c128f1-de20-4211-81aa-726d1919c66e,Groww,com.nextbillion.groww,google_play_public_no_login_fetcher
very nice,,5,2026-09-19,play_store,18.17.3,en,0,73d6f7a7-79fc-4745-a184-f62db96fb735,Groww,com.nextbillion.groww,google_play_public_no_login_fetcher
good,,5,2026-09-19,play_store,18.17.3,en,0,c849bcc1-2497-4c7c-9b53-7b34cf6f7c1c,Groww,com.nextbillion.groww,google_play_public_no_login_fetcher
very good,,4,2026-09-19,play_store,18.17.3,en,1,761c4b37-786d-47a9-944a-53b5cbdb7fa3,Groww,com.nextbillion.groww,google_play_public_no_login_fetcher
nice 👍,,5,2026-09-19,play_store,18.17.3,en,0,6254d167-094b-4eb6-827d-ef3edb779ce5,Groww,com.nextbillion.groww,google_play_public_no_login_fetcher
good 😊,,4,2026-09-19,play_store,18.16.1,en,1,6de488b8-dfaa-4a4c-8056-4f2a95a1d57f,Groww,com.nextbillion.groww,google_play_public_no_login_fetcher
op,,1,2026-09-19,play_store,,en,0,d0e3f556-eead-4e39-aac2-516ab11d0673,Groww,com.nextbillion.groww,google_play_public_no_login_fetcher
यह बहुत ही खराब है फालतू के चार्ज बहुत ज्यादा लगती है कमोडिटी ट्रेन में कई बार मेरे पैसे को ब्लॉक किया है पहले अच्छा था मैं 5 साल से use कर रहा हूं लेकिन आप बहुत ही खराब हो गया है,,1,2026-09-19,play_store,18.17.3,en,0,90e816bb-4070-4fcc-ac92-cbaa711cf79f,Groww,com.nextbillion.groww,google_play_public_no_login_fetcher
nice,,5,2026-09-19,play_store,18.17.3,en,0,99052aa1-ae8d-42c0-8465-b2ab6ce445d2,Groww,com.nextbillion.groww,google_play_public_no_login_fetcher
marvelous,,5,2026-09-19,play_store,18.15.1,en,0,2be61a83-eb8c-401f-926b-32995398ad3d,Groww,com.nextbillion.groww,google_play_public_no_login_fetcher
not able to change to primary account. Add or Remove are not working,,4,2026-09-19,play_store,18.17.3,en,1,3ce5aad4-4ccf-428a-85aa-764648730033,Groww,com.nextbillion.groww,google_play_public_no_login_fetcher
excellent,,5,2026-09-19,play_store,18.11.1,en,0,666ac6ac-7be4-4e82-8ebc-8a5c68462426,Groww,com.nextbillion.groww,google_play_public_no_login_fetcher
3 years good 👍👍👍👍,,5,2026-09-19,play_store,18.17.3,en,0,bddb5c92-81c6-4caf-b4c1-d74a8d7018c8,Groww,com.nextbillion.groww,google_play_public_no_login_fetcher
Good,,5,2026-09-19,play_store,18.15.0,en,0,8485cea6-4cf1-4bae-b37b-ca255f1bc8cf,Groww,com.nextbillion.groww,google_play_public_no_login_fetcher
very helpful groww app thankyu,,5,2026-09-19,play_store,18.17.3,en,0,a5b8837c-4c04-4a68-9abc-b4b97bb4532c,Groww,com.nextbillion.groww,google_play_public_no_login_fetcher
best,,5,2026-09-19,play_store,18.17.3,en,0,c0ab9474-e13b-4129-aabb-23ed5f459e6a,Groww,com.nextbillion.groww,google_play_public_no_login_fetcher
Good,,4,2026-09-19,play_store,18.17.3,en,0,5f77dccc-0f88-4d32-8294-781698afdcf0,Groww,com.nextbillion.groww,google_play_public_no_login_fetcher
good,,5,2026-09-19,play_store,18.17.3,en,0,71751301-fda1-4344-9546-14141abd6950,Groww,com.nextbillion.groww,google_play_public_no_login_fetcher
"The third class customer care services they never received a call .groww automatic execute the orders and put you in minus if have gane profit,guys be careful.",,4,2026-09-19,play_store,18.17.3,en,0,dfb2d248-8afa-4a4e-b76f-32dcc970834c,Groww,com.nextbillion.groww,google_play_public_no_login_fetcher
best performer,,5,2026-09-19,play_store,18.17.3,en,0,55647442-0067-4bf3-8ae4-b5b2bb9b9822,Groww,com.nextbillion.groww,google_play_public_no_login_fetcher
wow,,5,2026-09-19,play_store,18.16.1,en,0,7e36af22-62ce-4e99-a130-c10269160f5d,Groww,com.nextbillion.groww,google_play_public_no_login_fetcher
"Very Disappointing Experience with Groww I bought shares for ₹200 and held them for 5–6 days. When the share price reached ₹220, I sold them expecting to receive my profit. However, after the transaction and deductions, I received only around ₹177 in my wallet. I understand that taxes and other charges may apply, but the deductions were very disappointing and were not clear enough to me. I bought at ₹200, sold at ₹220 after 5–6 days, yet the final amount I received was even lower than my origi",,1,2026-09-19,play_store,18.17.3,en,1,fcb0057c-a76c-492e-b953-eda2273139ef,Groww,com.nextbillion.groww,google_play_public_no_login_fetcher
ok,,5,2026-09-18,play_store,18.16.1,en,0,68a5d775-4735-42fa-8761-b6020ce2708b,Groww,com.nextbillion.groww,google_play_public_no_login_fetcher
good experience,,4,2026-09-18,play_store,18.17.3,en,0,bd4d9e54-b650-4a54-b032-e2bb3ade7207,Groww,com.nextbillion.groww,google_play_public_no_login_fetcher
good 👍👍,,5,2026-09-18,play_store,18.17.3,en,0,d3ba2aa2-c372-4dd4-96a9-ed903645cdaf,Groww,com.nextbillion.groww,google_play_public_no_login_fetcher
good,,5,2026-09-18,play_store,18.16.1,en,0,62e5162a-0493-458e-aa5a-0b3fa6c9ebae,Groww,com.nextbillion.groww,google_play_public_no_login_fetcher
for bigger,,5,2026-09-18,play_store,18.17.3,en,0,e6e5bcff-8c9d-4c40-82d6-e0bc2a1139f0,Groww,com.nextbillion.groww,google_play_public_no_login_fetcher
good,,4,2026-09-18,play_store,18.17.3,en,1,18757f8f-934c-4169-8200-aa74a489d1e0,Groww,com.nextbillion.groww,google_play_public_no_login_fetcher
nice,,5,2026-09-18,play_store,18.17.3,en,0,3fb7aa5a-93eb-4f8b-97bf-0e50ab0e70cf,Groww,com.nextbillion.groww,google_play_public_no_login_fetcher
Very irritating app,,4,2026-09-18,play_store,18.17.3,en,1,84af40e9-3070-422d-abdf-e6fc02f53f00,Groww,com.nextbillion.groww,google_play_public_no_login_fetcher
I absolutely love the simplicity of the app. way better than other brokers out there. extremely easy to use and navigate.,,5,2026-09-18,play_store,18.17.3,en,0,00405d61-2da4-407c-af7d-837de1c2f852,Groww,com.nextbillion.groww,google_play_public_no_login_fetcher
best app for trading 👌,,4,2026-09-18,play_store,18.17.3,en,1,f946382d-d958-4426-be16-d5cb6bdbf437,Groww,com.nextbillion.groww,google_play_public_no_login_fetcher
good 👍,,5,2026-09-18,play_store,18.17.3,en,0,4ad3ddb9-74b7-4cf4-85ae-59158ae774a5,Groww,com.nextbillion.groww,google_play_public_no_login_fetcher
op,,5,2026-09-18,play_store,18.17.3,en,0,28952689-dbc3-4070-a04c-5d2d1c8e38c5,Groww,com.nextbillion.groww,google_play_public_no_login_fetcher
best app for share market learn,,5,2026-09-18,play_store,,en,0,4b6f0d57-5b47-479c-b9ae-c0d20f48592b,Groww,com.nextbillion.groww,google_play_public_no_login_fetcher
gooy,,5,2026-09-18,play_store,18.15.1,en,0,4ddf9163-3628-4ea6-bb3d-0e0d74ced943,Groww,com.nextbillion.groww,google_play_public_no_login_fetcher
nice 💰💰,,5,2026-09-18,play_store,,en,0,97f96acc-da38-4a96-ab43-84411c9fb79f,Groww,com.nextbillion.groww,google_play_public_no_login_fetcher
excellent,,5,2026-09-18,play_store,18.17.3,en,0,6b9bb9c4-9bd0-4225-91c1-d70e2b330816,Groww,com.nextbillion.groww,google_play_public_no_login_fetcher
grow is not a name it's orginaly grow,,5,2026-09-18,play_store,18.16.1,en,0,4d3a8b03-45b9-4dd3-9fd4-3177cfaa2ee7,Groww,com.nextbillion.groww,google_play_public_no_login_fetcher
Good,,5,2026-09-18,play_store,18.17.3,en,0,30efd37f-91e8-498c-92a5-f3e5e6a4f0b7,Groww,com.nextbillion.groww,google_play_public_no_login_fetcher
top,,5,2026-09-18,play_store,18.16.1,en,0,c898e554-aa59-4828-b1df-eb671a9fb3d9,Groww,com.nextbillion.groww,google_play_public_no_login_fetcher
I have a suggestion that Mobile number change karne ke liye bina login ke bhi online koi option hona chahiye,,5,2026-09-18,play_store,,en,0,3a28b149-284b-4f84-8565-10ebd79c5a05,Groww,com.nextbillion.groww,google_play_public_no_login_fetcher
good 👍😊,,5,2026-09-18,play_store,18.17.3,en,0,02a28d42-574f-4dd1-a742-a0e098451cf9,Groww,com.nextbillion.groww,google_play_public_no_login_fetcher
kripya upcoming IPO ke review groww ke narater aleena rais and Nishant Kumar se hi karwaye. resion-very helpful video and language thank you,,5,2026-09-18,play_store,18.17.3,en,0,a58f096d-10b3-4e80-b5d5-50b9650c7ee2,Groww,com.nextbillion.groww,google_play_public_no_login_fetcher
good,,4,2026-09-18,play_store,18.16.1,en,1,8c2e515b-d280-40e7-a3ec-369de414d92d,Groww,com.nextbillion.groww,google_play_public_no_login_fetcher
excellent,,5,2026-09-18,play_store,18.17.3,en,0,bce2f191-e724-4426-9e6d-3a7c5705c02b,Groww,com.nextbillion.groww,google_play_public_no_login_fetcher
होम पेज पर जो लोन का ऑप्शन है वहां यूपीआई का ऑप्शन दीजिए और इस ऐप में वैसे भी लोन नहीं मिलता है दूसरे अप का लिंक आता है,,5,2026-09-18,play_store,18.17.3,en,0,50d45f3f-0777-45ca-91a1-b7769d3ff7bb,Groww,com.nextbillion.groww,google_play_public_no_login_fetcher
😻😻🩵💙,,5,2026-09-18,play_store,18.17.3,en,0,1a787be1-a342-4252-9caf-0864dda4939f,Groww,com.nextbillion.groww,google_play_public_no_login_fetcher
good,,5,2026-09-18,play_store,18.17.3,en,0,63e67222-bdfe-44c3-b72e-d83511725de6,Groww,com.nextbillion.groww,google_play_public_no_login_fetcher
Nice way to earn more money,,5,2026-09-18,play_store,18.17.3,en,0,b6f05bbf-7959-4296-bc76-1426fe96673e,Groww,com.nextbillion.groww,google_play_public_no_login_fetcher
good,,4,2026-09-18,play_store,18.15.1,en,0,359af6b1-3bfe-41af-adc4-86c6cbf1cf1e,Groww,com.nextbillion.groww,google_play_public_no_login_fetcher
nok,,5,2026-09-18,play_store,,en,0,212d68d0-c1a9-4998-b65c-08fb73d45df5,Groww,com.nextbillion.groww,google_play_public_no_login_fetcher
your operations in stocks right .If your not assist in time there is no way its useful or helpful.  I have tried 3 time through call i have been in hold of 10 - 15 minutes after that also didn't get call back . Then i have started chat option i have sent a message in 4 pm got my reply in 6 pm . If you need screen shots i can provide Great service groww..,,1,2026-09-18,play_store,18.17.3,en,0,dd491cad-335a-446d-94c9-8bde9a283553,Groww,com.nextbillion.groww,google_play_public_no_login_fetcher
good 👍,,5,2026-09-18,play_store,18.17.3,en,0,8a40f9e8-669d-4a00-a2a8-4f96393cd77f,Groww,com.nextbillion.groww,google_play_public_no_login_fetcher
helping,,5,2026-09-18,play_store,18.17.3,en,0,98be7df1-c376-4934-aca4-b86ce220c98e,Groww,com.nextbillion.groww,google_play_public_no_login_fetcher
nice,,5,2026-09-18,play_store,18.17.3,en,0,5bef31cf-2f89-4776-983e-632dd3501c0a,Groww,com.nextbillion.groww,google_play_public_no_login_fetcher
"This app should be banned."" Fraud is always honored in India Fake Trading Platform! This app uses fake charts and manipulated data to make you lose money. They demand extra ""taxes"" or ""fees"" when you ask for a withdrawal and then stop responding. Stay far away! 100% Fraud App! They steal your money under the guise of trading investments. Customer support is useless and only exists to trap more of your money. Save yourself and avoid downloading this Brokerage is also charged on top of that.",,1,2026-09-18,play_store,18.16.1,en,2,8b4e9c54-a918-4564-b48f-6f23068a73a2,Groww,com.nextbillion.groww,google_play_public_no_login_fetcher
what an app 💀💀,,5,2026-09-18,play_store,,en,0,681c987e-a13d-4c39-86c7-6aa68b188e2b,Groww,com.nextbillion.groww,google_play_public_no_login_fetcher
lodu app,,1,2026-09-18,play_store,,en,1,8f66e2e6-9e26-4547-9e88-d13b4ae5e92b,Groww,com.nextbillion.groww,google_play_public_no_login_fetcher
absolutely perfect,,5,2026-09-18,play_store,18.17.3,en,0,7da95596-d920-4a89-ab43-80c0f8ee4004,Groww,com.nextbillion.groww,google_play_public_no_login_fetcher
good,,4,2026-09-18,play_store,,en,0,7856b419-c669-43d0-9988-bb6484554edf,Groww,com.nextbillion.groww,google_play_public_no_login_fetcher
supar,,5,2026-09-18,play_store,18.16.1,en,0,477896b0-4b39-4b08-862c-e9726ff22cb3,Groww,com.nextbillion.groww,google_play_public_no_login_fetcher
good app,,5,2026-09-18,play_store,,en,0,270ee7fc-e572-4e2a-a6cd-a0fac50e139d,Groww,com.nextbillion.groww,google_play_public_no_login_fetcher
ok,,5,2026-09-18,play_store,18.17.3,en,0,ca4e69a9-cfab-4992-9729-b5b6978255cb,Groww,com.nextbillion.groww,google_play_public_no_login_fetcher
good,,5,2026-09-18,play_store,18.15.1,en,0,a9a68f51-0bf9-41b3-96da-306b1aef7197,Groww,com.nextbillion.groww,google_play_public_no_login_fetcher
mein ne ipo mein apply Kiya mere paise 2 bar cut hue mein ne ek bar apply Kiya tha and sabse badi problem mein ne cancel hone k bad Paisa aaya nai 3 din ho gye,,1,2026-09-18,play_store,18.17.3,en,0,cadbd017-15e9-46e8-9583-c089175ceafa,Groww,com.nextbillion.groww,google_play_public_no_login_fetcher
There Should be 1. Demat Number portability service and 2. SLBM option like Dhan app,,4,2026-09-18,play_store,18.16.1,en,0,0000751d-75b8-44eb-9e4d-be124bf4a45b,Groww,com.nextbillion.groww,google_play_public_no_login_fetcher
Glitch full App,,1,2026-09-18,play_store,18.17.3,en,0,828a289b-87d8-418c-b17f-1e6a8d2908a0,Groww,com.nextbillion.groww,google_play_public_no_login_fetcher
very easy and simple,,5,2026-09-18,play_store,18.17.3,en,0,509acf1a-d707-4096-8e9d-c1934c270f2f,Groww,com.nextbillion.groww,google_play_public_no_login_fetcher
ok,,5,2026-09-18,play_store,18.17.3,en,0,7e860319-e362-4a4a-b227-37f8f83be4d0,Groww,com.nextbillion.groww,google_play_public_no_login_fetcher
best,,5,2026-09-18,play_store,18.17.3,en,0,88605008-9b38-44f6-8030-2a02263e9224,Groww,com.nextbillion.groww,google_play_public_no_login_fetcher
owsm,,5,2026-09-18,play_store,18.17.3,en,0,bce5759a-eb28-4451-8b33-c28567176a96,Groww,com.nextbillion.groww,google_play_public_no_login_fetcher
good,,4,2026-09-18,play_store,18.17.3,en,1,b3fa8639-198e-4a91-8091-ee49909ad7d6,Groww,com.nextbillion.groww,google_play_public_no_login_fetcher
ok,,1,2026-09-18,play_store,18.17.3,en,0,0709bb5e-0064-4a39-a184-01a2a912ea2e,Groww,com.nextbillion.groww,google_play_public_no_login_fetcher
Doesn't have enough support agent to solve any queries.,,1,2026-09-18,play_store,18.16.1,en,0,9c4cbc22-ac7c-4980-8db7-e67f91857161,Groww,com.nextbillion.groww,google_play_public_no_login_fetcher
one problem ddpi pin free of cost another broker and groww is charge for ddpi pin this is not valid,,5,2026-09-18,play_store,18.16.1,en,0,c8ea376e-1d05-48c1-a567-731c65e5888d,Groww,com.nextbillion.groww,google_play_public_no_login_fetcher
"withdrawal process not instant, app earn many charges but withdrawal process is pending, don't expect this app fast process",,1,2026-09-18,play_store,,en,0,3cb06a31-ebce-4ebd-a982-344fbb999c10,Groww,com.nextbillion.groww,google_play_public_no_login_fetcher
goodapp,,5,2026-09-18,play_store,18.17.3,en,0,ece63b8a-4862-4d60-a356-c1c7775d3eb2,Groww,com.nextbillion.groww,google_play_public_no_login_fetcher
bahut bakwas company hai Guru pahle to fund deti Hai mtf mein share lene ke liye bad mein mines karti hai,,1,2026-09-18,play_store,18.17.3,en,0,ec84b24a-e142-424d-a77b-a82f873adfde,Groww,com.nextbillion.groww,google_play_public_no_login_fetcher
okay,,5,2026-09-18,play_store,18.17.3,en,0,f4a5ddd2-82a5-4c3d-96c5-6bfc839fa024,Groww,com.nextbillion.groww,google_play_public_no_login_fetcher
nice 🤩,,5,2026-09-18,play_store,18.15.0,en,0,9c3f194c-201a-4c80-9904-3f2414a97e4c,Groww,com.nextbillion.groww,google_play_public_no_login_fetcher
best platform and service,,4,2026-09-18,play_store,18.16.1,en,0,40d86501-5282-4210-b6a0-138c18451ae4,Groww,com.nextbillion.groww,google_play_public_no_login_fetcher
"Worst for trading or chart reading. Use this only for SIPs. It literally gave me an alert saying that the stock had reached my target, but when I checked the chart on my PC, the price was still 100 points below that target. Can you believe this? 🤬🤬👎🏻👎🏻👎🏻👎🏻👎🏻",,1,2026-09-18,play_store,18.17.3,en,1,bb351464-0689-48da-b6a6-1200443ba4bc,Groww,com.nextbillion.groww,google_play_public_no_login_fetcher
"This is the worst app.Buying is one price, Buy is another. If you buy, the price falls, if you sell, the price rises. No one should download this app, which is full of fraud and deceit.",,1,2026-09-18,play_store,18.17.3,en,1,4eb33c96-bfb6-45f0-b652-5e1c94d9d6a9,Groww,com.nextbillion.groww,google_play_public_no_login_fetcher
good 👍,,5,2026-09-18,play_store,18.17.3,en,0,acb8b5be-5760-4d53-b758-f56377b6360c,Groww,com.nextbillion.groww,google_play_public_no_login_fetcher
5 star,,4,2026-09-18,play_store,18.17.3,en,0,c96d985d-7132-4686-baa6-e7209d232dfb,Groww,com.nextbillion.groww,google_play_public_no_login_fetcher
5 4W2 se 3rdth 6+91 95993 18832,,1,2026-09-18,play_store,,en,0,1b45bffe-596f-46e7-8034-b0975de38116,Groww,com.nextbillion.groww,google_play_public_no_login_fetcher
provide an option to modify the ipo application.,,1,2026-09-18,play_store,18.17.3,en,1,e081dcf5-97d1-46b2-9262-3e499f57c072,Groww,com.nextbillion.groww,google_play_public_no_login_fetcher
harmful,,5,2026-09-18,play_store,18.17.3,en,0,420683e1-acdb-424f-a546-0eb1314f9a47,Groww,com.nextbillion.groww,google_play_public_no_login_fetcher
after the last update it is very very slow. please fix as soon as possible,,3,2026-09-18,play_store,,en,1,45b1b8cd-9bae-4547-a2e2-f7ee0dbf53b8,Groww,com.nextbillion.groww,google_play_public_no_login_fetcher
"I've been using this App for 3years and I do not have any complain on other things but from yesterday the App start working slow and I thought it was my device but even if I cleared up the space for it there was still hanging and I almost lost from my trading..apart from hanging I do not have any complain,it was beginner friendly and easy to enter and exit.",,3,2026-09-18,play_store,18.17.3,en,2,2cc15a0a-4f02-463f-9932-0ce754b700e2,Groww,com.nextbillion.groww,google_play_public_no_login_fetcher
ok,,5,2026-09-18,play_store,18.17.3,en,0,9efc7dc0-72fd-4f98-9ada-cda842dd82e1,Groww,com.nextbillion.groww,google_play_public_no_login_fetcher
very easily and bileiver,,5,2026-09-18,play_store,18.17.3,en,0,5466d81f-4b35-4f75-9075-0d669e1db62e,Groww,com.nextbillion.groww,google_play_public_no_login_fetcher
Best,,5,2026-09-18,play_store,18.17.3,en,0,e4d7e0ca-aa58-46c5-9b50-f203133f6b5d,Groww,com.nextbillion.groww,google_play_public_no_login_fetcher
customer service is terrible they will never receive the call and will never reply you back in chat. I faced this multiple times.,,1,2026-09-18,play_store,,en,0,5b52c32c-7aed-4205-a6f5-ac4647e56b83,Groww,com.nextbillion.groww,google_play_public_no_login_fetcher
nice,,5,2026-09-18,play_store,18.17.3,en,0,aa04c79f-5e0f-458c-9ccb-b3876b05a86a,Groww,com.nextbillion.groww,google_play_public_no_login_fetcher
DEMONIC BROKERAGE OF RS.110.45 DEDUCTED OUT OF RS.230 PROFIT IN GROWW BYST TRADE.. UNREASONABLE,,3,2026-09-18,play_store,18.17.3,en,5,5ef1531e-312e-40a2-9c18-9ff603a76027,Groww,com.nextbillion.groww,google_play_public_no_login_fetcher
good app for bignner,,5,2026-09-18,play_store,18.17.3,en,0,6c5fb0f5-e640-486f-8018-74bc3b710885,Groww,com.nextbillion.groww,google_play_public_no_login_fetcher
good 👍😊,,5,2026-09-18,play_store,18.17.3,en,0,ab89b198-6c96-4ea5-add7-8f1bcfdde0bd,Groww,com.nextbillion.groww,google_play_public_no_login_fetcher
good,,4,2026-09-18,play_store,18.17.3,en,1,808d130c-37e2-45fa-80bc-c5737bdb70d8,Groww,com.nextbillion.groww,google_play_public_no_login_fetcher
good,,5,2026-09-18,play_store,18.17.3,en,0,dc464936-d2d9-4287-84fa-a28b70412bdf,Groww,com.nextbillion.groww,google_play_public_no_login_fetcher
"this app has the worst agent helpers, it says it will take only 5 mins to connect will agent BUT IT TAKES MORE THAN AN HOUR AND I HATE THIS, IT IS THE MOST USELESS APP 🥀",,1,2026-09-18,play_store,18.17.3,en,0,686be681-e168-47b9-85aa-068e656a623e,Groww,com.nextbillion.groww,google_play_public_no_login_fetcher
good,,5,2026-09-18,play_store,18.17.3,en,0,ae132864-22df-4361-b03d-999b07abf2e5,Groww,com.nextbillion.groww,google_play_public_no_login_fetcher
sexy,,5,2026-09-18,play_store,18.17.3,en,0,8f5f24b3-1895-40a8-bd79-1aba28348672,Groww,com.nextbillion.groww,google_play_public_no_login_fetcher
Don't have option to provide 0 rating. Such an waste. They provide MTF and didn't show about interest on that.Their platform is complex as I can't sell shares immediately. Going to uninstall and pick Angelone,,1,2026-09-18,play_store,18.17.3,en,2,05576dac-98cb-4788-bcf6-086dbc7cc8c4,Groww,com.nextbillion.groww,google_play_public_no_login_fetcher
good 👍,,5,2026-09-18,play_store,18.17.3,en,0,241c9e18-b8ca-4462-bf02-eacb850ddcda,Groww,com.nextbillion.groww,google_play_public_no_login_fetcher
very bad app,,1,2026-09-18,play_store,18.17.3,en,0,0d505282-4437-49c1-b218-f0d5b9c6d7b4,Groww,com.nextbillion.groww,google_play_public_no_login_fetcher
very Easy,,5,2026-09-18,play_store,18.16.1,en,0,9bd2aa71-7764-4744-b6bc-8ca13222a705,Groww,com.nextbillion.groww,google_play_public_no_login_fetcher
great 👍,,5,2026-09-18,play_store,18.17.3,en,0,664de717-cbf5-45ee-b568-ae514888b309,Groww,com.nextbillion.groww,google_play_public_no_login_fetcher
good,,5,2026-09-18,play_store,18.17.3,en,0,7561da97-753f-4865-9bf8-e393facf0bb2,Groww,com.nextbillion.groww,google_play_public_no_login_fetcher
very nice app,,5,2026-09-18,play_store,18.16.1,en,0,35a6c5ab-77f4-40c7-b4ab-cfa0e7e547a6,Groww,com.nextbillion.groww,google_play_public_no_login_fetcher
bahut nuksan mai hai.hamlog thora Paisa lagye hai.umid mai hai ki aaj nikal punji wapas hoga.,,5,2026-09-18,play_store,18.17.3,en,0,3d9e5eb9-5946-45e3-b4a1-0761d456dd93,Groww,com.nextbillion.groww,google_play_public_no_login_fetcher
very much app for new lernner,,3,2026-09-18,play_store,18.16.1,en,0,836bcf6c-62d0-41e3-b702-3f670f834c2e,Groww,com.nextbillion.groww,google_play_public_no_login_fetcher
Good app. on treading time instant withdraw. good app.,,5,2026-09-18,play_store,18.17.3,en,1,7a9ad63a-9f23-48fe-afbb-0a93c1fb5aef,Groww,com.nextbillion.groww,google_play_public_no_login_fetcher
good,,4,2026-09-18,play_store,18.17.3,en,1,c378eaba-9d94-4afe-9fe6-f311a7ee3210,Groww,com.nextbillion.groww,google_play_public_no_login_fetcher
very convenient to use,,5,2026-09-18,play_store,18.17.3,en,1,079e7ea8-e4b1-41cd-a23b-ff129e88b597,Groww,com.nextbillion.groww,google_play_public_no_login_fetcher
"Extremely frustrated with Groww. First, my stop-loss order got triggered incorrectly at a higher price (₹148.18) when the actual market price was at ₹146.90, causing me a direct financial loss. Second, their customer support is practically non-existent—I have been trying to call them continuously for over 20 minutes and nobody is picking up the call. Highly unreliable platform for active trading. Pathetic service and zero accountability for technical glitches!",,1,2026-09-18,play_store,18.17.3,en,2,70cb8a38-7127-4f3f-8fc6-91de5df3397b,Groww,com.nextbillion.groww,google_play_public_no_login_fetcher
good good,,5,2026-09-18,play_store,18.17.3,en,1,ee947f2e-f22f-46a3-b4ad-55cb924294a7,Groww,com.nextbillion.groww,google_play_public_no_login_fetcher
ನಮ್ಮಂತ ಸಣ್ಣ ವ್ಯಾಪಾರಿಗಳಿಗೆ ತುಂಬಾ ಅನುಕೂಲ ವಾಗಿದೆ,,5,2026-09-18,play_store,18.16.1,en,1,21bd96b8-6b77-4a33-8605-99cfc62986f7,Groww,com.nextbillion.groww,google_play_public_no_login_fetcher
i like this,,5,2026-09-18,play_store,18.17.3,en,1,0241f97f-d479-4352-b463-90a2ef2dd62a,Groww,com.nextbillion.groww,google_play_public_no_login_fetcher
Transparent and easy to use,,5,2026-09-18,play_store,18.17.3,en,0,018160fd-e7f3-4e39-aed0-d47ceb34eec9,Groww,com.nextbillion.groww,google_play_public_no_login_fetcher
Best app,,5,2026-09-18,play_store,18.17.3,en,0,29c1a220-84f8-4e18-ad20-fd63006bb004,Groww,com.nextbillion.groww,google_play_public_no_login_fetcher
good 😊,,5,2026-09-18,play_store,18.16.1,en,0,7c4a70de-0794-41dd-8347-cde11a442de9,Groww,com.nextbillion.groww,google_play_public_no_login_fetcher
ss app,,5,2026-09-18,play_store,18.17.3,en,0,e6975b4a-d101-4890-b867-c386979a1c74,Groww,com.nextbillion.groww,google_play_public_no_login_fetcher
1. view 1 total holding Qty ... total investment/ Current value total profit/ loss % 2. view 2 total holding QTY today's profit/ loss % today's profit/loss (Amount) holding Interface page should view IIFL CAPITAL'S HOLDING INTERFACE IS 👌 PERFECT,,4,2026-09-18,play_store,18.17.3,en,1,2bf77f31-c50d-4e2c-ae4a-77240b4e4a34,Groww,com.nextbillion.groww,google_play_public_no_login_fetcher
GOOD APPLICATION,,5,2026-09-18,play_store,18.17.3,en,0,65377e23-5a81-4c28-8b2d-a2b8d83ac4db,Groww,com.nextbillion.groww,google_play_public_no_login_fetcher
good service,,5,2026-09-18,play_store,18.17.3,en,0,c4604628-d455-4ca4-bda0-813f514d1f02,Groww,com.nextbillion.groww,google_play_public_no_login_fetcher
nice,,5,2026-09-18,play_store,18.17.3,en,0,589c0cb9-4d20-44fd-a95c-158df68eaa04,Groww,com.nextbillion.groww,google_play_public_no_login_fetcher
very very nice,,5,2026-09-18,play_store,18.17.3,en,0,18e750a0-8701-400e-8a1c-4c97e260e74c,Groww,com.nextbillion.groww,google_play_public_no_login_fetcher
v good,,5,2026-09-18,play_store,18.17.3,en,0,2dce83f8-9722-4747-ae43-b8d365bf1483,Groww,com.nextbillion.groww,google_play_public_no_login_fetcher
my money isnt settled from yesterday no email reply no call receive using it from 4 years better to quit,,1,2026-09-18,play_store,18.17.3,en,0,989b6881-0527-44a9-93e4-6f9591bc853c,Groww,com.nextbillion.groww,google_play_public_no_login_fetcher
Good,,5,2026-09-18,play_store,18.17.3,en,0,ec1b2aa4-83eb-4dc3-8c35-5e6ee1909270,Groww,com.nextbillion.groww,google_play_public_no_login_fetcher
very good,,5,2026-09-18,play_store,18.17.3,en,0,5e784ea3-ceed-4b88-abd5-f464d3f55c81,Groww,com.nextbillion.groww,google_play_public_no_login_fetcher
best application and very helpful,,4,2026-09-18,play_store,18.17.3,en,1,b91dd0fe-44c2-4efe-a32e-615b577675a9,Groww,com.nextbillion.groww,google_play_public_no_login_fetcher
"groww totally fraud app h....mene mcx option me 16 or 17 sep 2026 ko profit book kiya wo add nhi kiya or na report me show ho rha h.....or jo position active h wo bhi totally galat show kr rha h.... customer care par call lgta nhi h, customer ko pateshan krte h...me FIR krunga groww p..or saare account close krunga mere fmly ke",,1,2026-09-18,play_store,18.17.3,en,0,8fcc1330-f92b-4fc1-811e-ed1418cfba52,Groww,com.nextbillion.groww,google_play_public_no_login_fetcher
good,,1,2026-09-18,play_store,18.17.3,en,0,384d0999-73e3-440b-9ad0-8f9d74e9677b,Groww,com.nextbillion.groww,google_play_public_no_login_fetcher
ok,,5,2026-09-18,play_store,18.17.3,en,0,c5600777-4ea0-40e6-8f3a-2c538b317d46,Groww,com.nextbillion.groww,google_play_public_no_login_fetcher
bahut gatiya costumer service h is app ki profit add tak nhi hota bekar h app😡🤬,,1,2026-09-18,play_store,18.16.1,en,0,0a534bfc-e497-40bd-9493-e4f2475a45aa,Groww,com.nextbillion.groww,google_play_public_no_login_fetcher
awesome 👍,,5,2026-09-18,play_store,18.17.3,en,0,640c4bec-87a7-4eb1-a0b0-b8b309132000,Groww,com.nextbillion.groww,google_play_public_no_login_fetcher
good,,5,2026-09-18,play_store,18.17.3,en,0,2eb6abce-6d39-4cbc-981d-e48b10d9307f,Groww,com.nextbillion.groww,google_play_public_no_login_fetcher
good,,5,2026-09-18,play_store,18.17.3,en,0,58562ed7-ab99-445b-a006-6fb6778f9cfd,Groww,com.nextbillion.groww,google_play_public_no_login_fetcher
good service work,,5,2026-09-18,play_store,18.17.3,en,0,bca9caba-9399-48ac-9da1-60ad247adb9f,Groww,com.nextbillion.groww,google_play_public_no_login_fetcher
GFD error coming in commodity because this face losses customer care is not supporting worst experience.,,1,2026-09-18,play_store,18.17.3,en,3,efd20984-7d14-4ec5-a934-ba2645f240e8,Groww,com.nextbillion.groww,google_play_public_no_login_fetcher
excellent,,5,2026-09-18,play_store,18.17.3,en,0,6864167a-e1b2-4866-b032-7eb83cbf51df,Groww,com.nextbillion.groww,google_play_public_no_login_fetcher
bunch of idiots sitting in customer support..18/9/2026..10:20am 270 natural gas mini f&o mcx system didn't show of my open position that's why.. I got 200 ₹ loss in my position..😡 plz provide notification Mark specific section when updated even every month update in Groww app 3rd class policy.,,1,2026-09-18,play_store,18.17.3,en,1,64ac94f3-72bb-4f27-9572-7f9cc9d98c86,Groww,com.nextbillion.groww,google_play_public_no_login_fetcher
automatic order execute loss today very bad,,1,2026-09-18,play_store,18.17.3,en,0,b5ec76a6-2c95-4fd4-a88a-c7fa81c8cb17,Groww,com.nextbillion.groww,google_play_public_no_login_fetcher
morning se natural gas ke liye sell ke liye apply kiya tha 7000 profit tha to ... lekin ye third class application wala sell hi nahi hone diya ..call request bhi kiya nahi uthate busy ...support me chat karo to wait 20 minute ..lekin no response ... Kitna heavy charge leta hai service charge ke naam per aur brokerage ke naam per daily ka 4000 fir bhi itna poor service de raha hai isliye galti se bhi download mat karo aur use mat karo Varna aapka Paisa lutega yah company wala,,1,2026-09-18,play_store,18.17.3,en,0,cbffdcbf-8be0-40d1-8abd-d9cc1805abcb,Groww,com.nextbillion.groww,google_play_public_no_login_fetcher
Good,,5,2026-09-18,play_store,18.16.1,en,0,687655c0-ab03-40c3-94f1-635218a64ebb,Groww,com.nextbillion.groww,google_play_public_no_login_fetcher
bakwas app hai inka charge bahut jyada hai koi fresher hai starting me kam share hi kharidega kharine pr 10 aur bechne pr 30,,1,2026-09-18,play_store,18.17.3,en,0,01d9c2da-575e-46b5-9e7a-d5ce3019a168,Groww,com.nextbillion.groww,google_play_public_no_login_fetcher
good,,5,2026-09-18,play_store,18.17.3,en,0,1da56f00-be29-4f37-b83d-2ce61491a699,Groww,com.nextbillion.groww,google_play_public_no_login_fetcher
vari good nice 👍,,5,2026-09-18,play_store,18.16.1,en,0,30febf37-0dc3-47bd-a41a-1a48cc597dd8,Groww,com.nextbillion.groww,google_play_public_no_login_fetcher
good experience,,5,2026-09-18,play_store,18.17.3,en,0,4e3294ba-6599-40f2-abda-4bb384597c5c,Groww,com.nextbillion.groww,google_play_public_no_login_fetcher
the ui is getting clumsy witb each feature and business update.,,1,2026-09-18,play_store,18.16.1,en,0,baca416e-20e8-44cd-b7ab-6df67f5c921d,Groww,com.nextbillion.groww,google_play_public_no_login_fetcher
exilent,,5,2026-09-18,play_store,18.17.3,en,0,034b7793-7169-4ebb-a746-71f71ef9c39c,Groww,com.nextbillion.groww,google_play_public_no_login_fetcher
okk,,5,2026-09-18,play_store,18.17.3,en,0,0fcde33d-14a8-42d5-a34c-f8bf4894a500,Groww,com.nextbillion.groww,google_play_public_no_login_fetcher
this app is not for beginners and a small investor because they charge brokrage more than other broker,,1,2026-09-18,play_store,18.17.3,en,0,d478dd5d-67f2-485f-91cc-45dcd1716f85,Groww,com.nextbillion.groww,google_play_public_no_login_fetcher
good👍,,5,2026-09-18,play_store,18.17.3,en,0,17cee40f-fe15-4b9c-b4e5-7a6a1169b622,Groww,com.nextbillion.groww,google_play_public_no_login_fetcher
good,,4,2026-09-18,play_store,18.17.3,en,1,da2a056e-1f9d-46fa-9204-9555a2d98b0f,Groww,com.nextbillion.groww,google_play_public_no_login_fetcher
good 👍,,5,2026-09-18,play_store,18.17.3,en,0,394d72a8-7db6-42f0-b762-caaa49bc622e,Groww,com.nextbillion.groww,google_play_public_no_login_fetcher
easy software,,5,2026-09-18,play_store,18.17.3,en,0,b42a6cf5-95f4-4764-849a-a3e288510021,Groww,com.nextbillion.groww,google_play_public_no_login_fetcher
A brokrage pack should hav been introduced,,5,2026-09-18,play_store,18.17.3,en,1,e98cfca8-037c-439a-bbb4-bba86c278577,Groww,com.nextbillion.groww,google_play_public_no_login_fetcher
sabse bekar customer care service trying to connect for more than half an hour and still waiting to connect to them on calling chatting no one replied,,1,2026-09-18,play_store,18.17.3,en,0,918d661d-76cb-4495-9566-7b5aef25a01d,Groww,com.nextbillion.groww,google_play_public_no_login_fetcher
"I am unable to see my FnO position, it has also not been squared off..",,1,2026-09-18,play_store,17.95.2,en,0,427f556e-ba3a-47e2-888e-6904ee7fa83b,Groww,com.nextbillion.groww,google_play_public_no_login_fetcher
when you guys will make it better for ipad users?,,5,2026-09-18,play_store,,en,0,034045cd-ef00-435d-9452-eec4542287d8,Groww,com.nextbillion.groww,google_play_public_no_login_fetcher
bekar h maine kal trending ki uske bad aaj mera Paisa block kar diya ye galat h ab hame koi trend lena h aaj to ham wait kare amount aane ka mera amount upas kro,,2,2026-09-18,play_store,18.17.3,en,2,47e81b83-005e-47be-a3cc-ad02c26fce96,Groww,com.nextbillion.groww,google_play_public_no_login_fetcher
ALL my position s have gone who is responsible for money,,4,2026-09-18,play_store,18.17.3,en,0,3c0cb7c5-3d26-4716-b79c-979a5eb0afa0,Groww,com.nextbillion.groww,google_play_public_no_login_fetcher
bhot hi ghatiya app hai.jab work karna chahiye tab nhi hota hai.aur kabhi2 postion bhi show ni hoti hai.no active position show hota hai.aur selling krne me sell nhi hota h apne according krte h ye app sell.not working properly??,,1,2026-09-18,play_store,,en,0,bdbab092-fa60-4f0b-884b-cd1f5b621861,Groww,com.nextbillion.groww,google_play_public_no_login_fetcher
very disappointed with the customer care service. my f&o positions suddenly showing 13 lakhs negative and even stopped showing current positions. unable contact customer support over call or chat. very worst service. don't trust any more,,1,2026-09-18,play_store,18.17.3,en,0,94dd72c7-4c1e-4e93-b78c-c038fdc993d9,Groww,com.nextbillion.groww,google_play_public_no_login_fetcher
super,,5,2026-09-18,play_store,18.6.1,en,0,aaef6763-beae-4630-b48b-c381528cd458,Groww,com.nextbillion.groww,google_play_public_no_login_fetcher
great business app,,5,2026-09-18,play_store,17.95.2,en,0,8441d7b6-98de-4c1b-ae89-8ac96886d202,Groww,com.nextbillion.groww,google_play_public_no_login_fetcher
app not showing my fno positions of commodities section,,1,2026-09-18,play_store,18.17.3,en,0,89a170eb-7e41-4bc3-af26-d59634159570,Groww,com.nextbillion.groww,google_play_public_no_login_fetcher
good,,5,2026-09-18,play_store,18.17.3,en,0,9edbd472-4ffc-4cb0-b59d-f465da559c8c,Groww,com.nextbillion.groww,google_play_public_no_login_fetcher
achcha hai but Jo Banda trade Kare tabhi asal aur target donon sath mein honi chahie aur apne aap Banda set kar le,,5,2026-09-18,play_store,18.17.3,en,0,af9ba16a-0823-41d9-9978-20ead037551b,Groww,com.nextbillion.groww,google_play_public_no_login_fetcher
I am grow with groww,,5,2026-09-18,play_store,18.17.3,en,0,40594287-2a65-4109-b478-dbd596f349fd,Groww,com.nextbillion.groww,google_play_public_no_login_fetcher
good,,4,2026-09-18,play_store,18.16.1,en,0,95abe83d-0e48-4fd7-b3c3-17a45be46809,Groww,com.nextbillion.groww,google_play_public_no_login_fetcher
good app,,5,2026-09-18,play_store,18.17.3,en,0,bca8d9e3-e429-4ee8-98f3-b64e24f0f0ce,Groww,com.nextbillion.groww,google_play_public_no_login_fetcher
nice,,5,2026-09-18,play_store,18.15.1,en,0,a8a25c67-30e3-4d9f-a786-29bf23368160,Groww,com.nextbillion.groww,google_play_public_no_login_fetcher
never download this application this application is fraud with customer & customer service not response. yesterday I have total amount 49600 I will total loss & charges 12650 now I have -757 why he will not answer or question. I request all Never download this application,,1,2026-09-18,play_store,18.17.3,en,3,7ca82a90-39c3-4572-bc9c-b3b1313c1d11,Groww,com.nextbillion.groww,google_play_public_no_login_fetcher
good,,5,2026-09-18,play_store,18.15.1,en,0,e334c54d-b716-4189-9db7-c297d13dd52d,Groww,com.nextbillion.groww,google_play_public_no_login_fetcher
this aap not a update realtime price and slow update & process 01 month try coustomer carire continue but 01 hours called but nothing attend call this aap is very poor,,1,2026-09-18,play_store,18.17.3,en,6,bda1c9c9-6f20-4cd8-aacd-64a327e7f159,Groww,com.nextbillion.groww,google_play_public_no_login_fetcher
high brokerage,,2,2026-09-18,play_store,18.17.3,en,1,f038b63f-89b9-419c-abbf-ed38a856183f,Groww,com.nextbillion.groww,google_play_public_no_login_fetcher
Iqbal Hashmi... Naim,,3,2026-09-18,play_store,18.14.1,en,0,382dca84-0f79-4120-b15c-effd8b0f8cf3,Groww,com.nextbillion.groww,google_play_public_no_login_fetcher
Very Good🥰,,5,2026-09-18,play_store,18.17.3,en,0,b4a4e0c4-f44c-4ccd-91a0-2618ecf288dc,Groww,com.nextbillion.groww,google_play_public_no_login_fetcher
"poor services, order placing gets stuck. many times loss booked due to platform inconvenience. even customer support works poorly. & now also they will write back like to send feedback on email. then what. nothing",,1,2026-09-18,play_store,18.17.3,en,3,46213f42-2b45-46a0-b4ee-e06f7bec05bb,Groww,com.nextbillion.groww,google_play_public_no_login_fetcher
Copy Trading features lekar aao,,5,2026-09-18,play_store,,en,0,9b045a62-57c2-4e7a-8c14-668a518c8ecc,Groww,com.nextbillion.groww,google_play_public_no_login_fetcher
good,,5,2026-09-18,play_store,18.16.1,en,0,d2aea7d2-1345-4995-a2af-469d59365f48,Groww,com.nextbillion.groww,google_play_public_no_login_fetcher
Faster and easy handles,,4,2026-09-18,play_store,18.10.1,en,0,6d07287a-dd9f-4985-99f1-6eec45403a10,Groww,com.nextbillion.groww,google_play_public_no_login_fetcher
very nice 👍,,5,2026-09-18,play_store,18.17.3,en,0,a79a2ae6-2e15-4192-bfd8-3b12ed2b6aed,Groww,com.nextbillion.groww,google_play_public_no_login_fetcher
good,,5,2026-09-18,play_store,,en,0,fb5289d2-0dad-431e-ae5e-1211d89be30d,Groww,com.nextbillion.groww,google_play_public_no_login_fetcher
good,,5,2026-09-18,play_store,18.17.3,en,1,f2067715-ff21-4af4-bdbe-e54cf8ff786b,Groww,com.nextbillion.groww,google_play_public_no_login_fetcher
super,,5,2026-09-18,play_store,18.16.1,en,0,fa9444ad-9fc6-45ce-bdb4-bec1b054f8b0,Groww,com.nextbillion.groww,google_play_public_no_login_fetcher
tarst,,3,2026-09-18,play_store,18.16.1,en,0,ada7c374-5584-40b9-842f-a85d23f94e33,Groww,com.nextbillion.groww,google_play_public_no_login_fetcher
grow must grow,,5,2026-09-18,play_store,18.17.3,en,0,5eb7c201-e43c-4575-8597-bb94aedc5031,Groww,com.nextbillion.groww,google_play_public_no_login_fetcher
I have a suggestion. If someone trades with a single lot or a fix low capital like 10 to 20k in F&O. The brokerage charge should be 10 Rupees. Bcoz there are so many charges other than the brokerage. How much will someone earn in single lot. If you reduce the brokerage for low capital trade. It will help a lot.,,5,2026-09-18,play_store,,en,0,509c9ebf-fa55-4c0a-b2da-473c890d8108,Groww,com.nextbillion.groww,google_play_public_no_login_fetcher
very good............,,5,2026-09-18,play_store,18.16.1,en,0,5aa37db0-b46a-4894-9198-1b08c91e6e2b,Groww,com.nextbillion.groww,google_play_public_no_login_fetcher
"if you know how to handle wealth, you got it.",,5,2026-09-17,play_store,18.16.1,en,0,2a201173-7a0f-4504-84b4-6ff8314d1659,Groww,com.nextbillion.groww,google_play_public_no_login_fetcher
Maavaishali,,5,2026-09-17,play_store,,en,0,fd8d614a-95c6-4929-8aa7-fce92edaf356,Groww,com.nextbillion.groww,google_play_public_no_login_fetcher
"Smoothest onboarding, it's a financial app with better login and onboarding than notes apps out there",,5,2026-09-17,play_store,18.17.3,en,1,d9e30a72-046a-45fb-86de-a7f681623832,Groww,com.nextbillion.groww,google_play_public_no_login_fetcher
good service,,4,2026-09-17,play_store,18.17.3,en,0,93a4ef87-693c-4464-97fe-6fd42be1d6a7,Groww,com.nextbillion.groww,google_play_public_no_login_fetcher
good using,,5,2026-09-17,play_store,18.17.3,en,0,62ad133d-b9c3-4175-a0c9-fc54da4e146e,Groww,com.nextbillion.groww,google_play_public_no_login_fetcher
🙊,,5,2026-09-17,play_store,18.17.3,en,0,43e39dd6-be43-4d15-bfba-59b597a6af86,Groww,com.nextbillion.groww,google_play_public_no_login_fetcher
nice,,5,2026-09-17,play_store,18.17.3,en,0,fadfb0ef-d922-4ea2-a6c3-ffd1c9e777bb,Groww,com.nextbillion.groww,google_play_public_no_login_fetcher
Very easy interface,,5,2026-09-17,play_store,18.17.3,en,0,6cf0e1e2-dcd4-41e9-b88f-3780e78527f4,Groww,com.nextbillion.groww,google_play_public_no_login_fetcher
"service not good, charges high...interface laging..",,1,2026-09-17,play_store,18.17.3,en,0,e0b0d593-1498-42af-a984-df41824ac5dd,Groww,com.nextbillion.groww,google_play_public_no_login_fetcher
too much service charges.......so many hidden charges....customer service wrost...they will respond after after death or mkt hours close....,,1,2026-09-17,play_store,18.17.3,en,0,977ac19c-b8a7-4709-aef3-4c0c059210e9,Groww,com.nextbillion.groww,google_play_public_no_login_fetcher
good,,5,2026-09-17,play_store,18.10.1,en,0,b364b50b-b136-4f51-8856-1efb413007f6,Groww,com.nextbillion.groww,google_play_public_no_login_fetcher
good,,5,2026-09-17,play_store,18.17.3,en,0,80d66304-f26f-4145-a2b1-878d07568a39,Groww,com.nextbillion.groww,google_play_public_no_login_fetcher
"Worst experience I ever had on any demat platform. I brought unlisted shares and Grow support took one month just to reflect in my demat amount, despite providing them the exact data and after that new issue now I am unable to sell those shares and customer support is pathetic, always delay in response.",,1,2026-09-17,play_store,18.17.3,en,2,b12179ab-f1a6-43fe-ae83-3960d45af983,Groww,com.nextbillion.groww,google_play_public_no_login_fetcher
nice,,5,2026-09-17,play_store,18.17.3,en,0,42a8cccd-5211-4ce5-93eb-ba7fa0bd5e3a,Groww,com.nextbillion.groww,google_play_public_no_login_fetcher
nice,,5,2026-09-17,play_store,18.15.1,en,0,6740d32a-4199-4703-a729-693c9da20575,Groww,com.nextbillion.groww,google_play_public_no_login_fetcher
fine,,5,2026-09-17,play_store,18.17.3,en,0,0cb8cbae-e0c0-4823-ac93-08dbb894462c,Groww,com.nextbillion.groww,google_play_public_no_login_fetcher
nice groww apps,,5,2026-09-17,play_store,18.17.3,en,0,195bbf12-5a86-435e-a2ca-85c041c90f7e,Groww,com.nextbillion.groww,google_play_public_no_login_fetcher
awesome,,5,2026-09-17,play_store,18.16.1,en,0,1bea8dfb-f5bb-443f-93c2-a7abc2ce66e1,Groww,com.nextbillion.groww,google_play_public_no_login_fetcher
ok,,4,2026-09-17,play_store,18.17.3,en,1,1faeed9f-50b4-4cee-a9f1-817f857448d7,Groww,com.nextbillion.groww,google_play_public_no_login_fetcher
superb and faster,,5,2026-09-17,play_store,18.17.3,en,0,e57ce1f1-ddbf-4cfe-9c9f-4aa1e807c556,Groww,com.nextbillion.groww,google_play_public_no_login_fetcher
good 👍,,5,2026-09-17,play_store,18.17.3,en,0,221d1353-a0b7-4680-be47-fe822965161e,Groww,com.nextbillion.groww,google_play_public_no_login_fetcher
Good,,5,2026-09-17,play_store,18.12.1,en,0,5d47c6fc-3a7d-413f-a97a-34d3c0dc383a,Groww,com.nextbillion.groww,google_play_public_no_login_fetcher
groww app is best for investment,,3,2026-09-17,play_store,18.17.3,en,0,56a3e205-9748-4b4a-acae-00bd26706679,Groww,com.nextbillion.groww,google_play_public_no_login_fetcher
good app,,5,2026-09-17,play_store,18.17.3,en,0,e46eaddf-e163-4d07-bfb2-308a8187531c,Groww,com.nextbillion.groww,google_play_public_no_login_fetcher
brokrej charge thoda kam kar lo bhi taki profit ho,,1,2026-09-17,play_store,,en,0,9f4c514d-d1b9-4ec5-bae0-4968bb5b1d35,Groww,com.nextbillion.groww,google_play_public_no_login_fetcher
"Great app! Fast, smart, and very helpful. I really enjoy using groww",,5,2026-09-17,play_store,18.17.3,en,0,389771a5-ae15-48e0-a2cd-e1d004f1ee2d,Groww,com.nextbillion.groww,google_play_public_no_login_fetcher
best app trending,,5,2026-09-17,play_store,18.17.3,en,0,c6e37129-40b7-42c1-96a9-ffc9702e6d8e,Groww,com.nextbillion.groww,google_play_public_no_login_fetcher
Awesome 👍,,5,2026-09-17,play_store,18.17.3,en,0,5b9d1511-1512-4dcf-b349-feb3a54a658d,Groww,com.nextbillion.groww,google_play_public_no_login_fetcher
"I don't have words to describe how pathetic customer care service offers by Groww. When you call them first AI bot will talk to you then it connects to some person, the real game starts here to pick a call you have to wait More than 20 minutes...I don't know how they justify this. Very very Disappointed with it.",,1,2026-09-17,play_store,18.16.1,en,1,35dda269-2f1c-4eec-b441-f7481c8c1eea,Groww,com.nextbillion.groww,google_play_public_no_login_fetcher
Very nice,,5,2026-09-17,play_store,18.17.3,en,0,c4cdaf08-3be4-46c2-8063-43b3908e747d,Groww,com.nextbillion.groww,google_play_public_no_login_fetcher
Grow is perfect plotfarm for trading. very user friendly.,,5,2026-09-17,play_store,18.17.3,en,0,f976cf5d-a2cc-4086-99e0-30008e9763ab,Groww,com.nextbillion.groww,google_play_public_no_login_fetcher
Indroduce drag sl and target while trading,,1,2026-09-17,play_store,18.17.3,en,1,eb541733-368c-4cdb-b325-b121c3aad706,Groww,com.nextbillion.groww,google_play_public_no_login_fetcher
५years,,5,2026-09-17,play_store,18.16.1,en,0,97cc090e-b8a2-4b49-bd89-f4027322ab60,Groww,com.nextbillion.groww,google_play_public_no_login_fetcher
very good,,5,2026-09-17,play_store,18.17.3,en,0,783a77f9-24c7-48af-82da-c4cd6d5905da,Groww,com.nextbillion.groww,google_play_public_no_login_fetcher
good,,5,2026-09-17,play_store,18.17.3,en,0,69b67189-90e1-4894-b62e-889ed0fcb575,Groww,com.nextbillion.groww,google_play_public_no_login_fetcher
Risky App!! Pathetic Misguiding Cusomer Support Team. Dont map your precious money with such Apps!!,,1,2026-09-17,play_store,,en,0,87c6d0e7-05a3-4789-9829-da8016e9fb30,Groww,com.nextbillion.groww,google_play_public_no_login_fetcher
groww is the best,,1,2026-09-17,play_store,18.16.1,en,0,bb19e14b-f3b0-43e5-b76f-2cf545fcc31d,Groww,com.nextbillion.groww,google_play_public_no_login_fetcher
"Frustrated..No customer support.. Shifting to another platform. Account opening form filled for my minor daughter on 5th September but no response from the GROWW team, followed the process. When tried to contact through given contact waiting was 5 min even after 5 min call disconnected. Tried with chat channel also but no response.. complaint raised thrice through email still no response.. no communication about the status of new account opening.. frustrated",,1,2026-09-17,play_store,18.17.3,en,0,d59c592a-edf3-4618-9b28-1143224bb356,Groww,com.nextbillion.groww,google_play_public_no_login_fetcher
very bad experience you never profit im groww app. last year losse 58000rs and brokrage and other charge 78000rs now think. They cheat public,,2,2026-09-17,play_store,18.17.3,en,1,fd046832-8584-4012-b33e-d96958f068f8,Groww,com.nextbillion.groww,google_play_public_no_login_fetcher
"latest figures of P&L not showing in report previously it used to show but after 7th September no updation, how can we do trading without knowing the exact amount",,1,2026-09-17,play_store,18.17.3,en,1,eec5fe80-f12c-4356-bc93-47f1f95f595a,Groww,com.nextbillion.groww,google_play_public_no_login_fetcher
good,,5,2026-09-17,play_store,18.16.1,en,0,40d5a7a8-087b-479f-9562-27eb8bec9940,Groww,com.nextbillion.groww,google_play_public_no_login_fetcher
very good app,,5,2026-09-17,play_store,18.10.1,en,0,72ccd9b8-8da0-481e-832a-020ec2b8f6fd,Groww,com.nextbillion.groww,google_play_public_no_login_fetcher
nice aap,,5,2026-09-17,play_store,18.17.3,en,0,b6516857-5358-4484-b9fa-96550a376cb5,Groww,com.nextbillion.groww,google_play_public_no_login_fetcher
very good 👍,,5,2026-09-17,play_store,18.16.1,en,0,7dd67eac-88fe-428a-9e34-c7da0a4b443c,Groww,com.nextbillion.groww,google_play_public_no_login_fetcher
Suroj Hembram thank you sir,,5,2026-09-17,play_store,18.17.3,en,0,3062b5d7-67b3-4661-8928-5a179dd70657,Groww,com.nextbillion.groww,google_play_public_no_login_fetcher
Very good for all people but cannot be used family money you earn and trade for own his money,,5,2026-09-17,play_store,18.17.3,en,1,786edc6f-3ed7-43ec-a26d-b4aa93ec469e,Groww,com.nextbillion.groww,google_play_public_no_login_fetcher
now app has lag issue app took 3 to 4 second to do any work on it most irritating app is ever use for trading,,1,2026-09-17,play_store,,en,0,572d01a2-c326-4e3c-8ed6-25705534b031,Groww,com.nextbillion.groww,google_play_public_no_login_fetcher
okay,,4,2026-09-17,play_store,18.16.1,en,0,9163b1c8-d22a-4315-9a7f-77048dab51bd,Groww,com.nextbillion.groww,google_play_public_no_login_fetcher
nice,,5,2026-09-17,play_store,18.17.3,en,0,3a71c58b-0230-4ad3-b3df-bc7ac51d1737,Groww,com.nextbillion.groww,google_play_public_no_login_fetcher
thank you,,5,2026-09-17,play_store,18.17.3,en,0,e8b48cfb-55ff-4f40-b79f-8943c34c37ae,Groww,com.nextbillion.groww,google_play_public_no_login_fetcher
super,,5,2026-09-17,play_store,18.16.1,en,0,b37e313b-7006-4a0c-aa02-52f12b05bf7a,Groww,com.nextbillion.groww,google_play_public_no_login_fetcher
good tranding app,,5,2026-09-17,play_store,18.16.1,en,0,4fb6c7ea-147f-49b4-83f7-a4c6bf6f0512,Groww,com.nextbillion.groww,google_play_public_no_login_fetcher
awesome 👍👍👍,,5,2026-09-17,play_store,18.17.3,en,0,15e8d909-77aa-4d2a-84ae-a13cd4ed0ca8,Groww,com.nextbillion.groww,google_play_public_no_login_fetcher
good,,5,2026-09-17,play_store,18.17.3,en,0,a78b6111-bd90-4ae5-8bb0-47f459e78fff,Groww,com.nextbillion.groww,google_play_public_no_login_fetcher
very much,,5,2026-09-17,play_store,18.15.1,en,0,8c8c94e7-3b21-4e79-b7b7-b44bd0694c4b,Groww,com.nextbillion.groww,google_play_public_no_login_fetcher
very good,,5,2026-09-17,play_store,18.16.1,en,0,9aeccd8f-2c73-44ff-9406-fe4a4ced580a,Groww,com.nextbillion.groww,google_play_public_no_login_fetcher
nice earning platform,,5,2026-09-17,play_store,18.17.3,en,0,cf59e7b6-c6d4-471d-ae74-0f97789206ad,Groww,com.nextbillion.groww,google_play_public_no_login_fetcher
bht jada bekar haii bhai kon kon sy charg cut kr leteh hii y log ek bhi ₹ ka investment mt kro delet kro duneya bhr k charges haii wo bhi apko bina btaye cut kiye jate h warning bhi ni na hi show hota h sirf cut hote h fraud krte h,,1,2026-09-17,play_store,18.17.3,en,0,d029e7b1-beee-4677-b5ff-f005c98f68da,Groww,com.nextbillion.groww,google_play_public_no_login_fetcher
ok,,5,2026-09-17,play_store,18.16.1,en,0,5f6e8139-b297-4157-8741-182029face0b,Groww,com.nextbillion.groww,google_play_public_no_login_fetcher
its my pleasure to inform that easy to understand and handle the GROWW app for new customers.,,5,2026-09-17,play_store,18.17.3,en,1,3cbbfce3-9238-4e7b-a05b-e639fbe67866,Groww,com.nextbillion.groww,google_play_public_no_login_fetcher
worst,,1,2026-09-17,play_store,18.16.1,en,0,d0790c3c-2da6-42d4-b4bc-f4e8474f8e7d,Groww,com.nextbillion.groww,google_play_public_no_login_fetcher
great,,5,2026-09-17,play_store,18.17.3,en,0,5a331e1c-ebd9-4fee-a97b-8c4675e03f06,Groww,com.nextbillion.groww,google_play_public_no_login_fetcher
deepu Gour mast aap h,,5,2026-09-17,play_store,18.17.3,en,0,90893a42-4c85-4a7d-8e57-65027c12c005,Groww,com.nextbillion.groww,google_play_public_no_login_fetcher
Bahut hidden charges lagate hai... alag alag reason se charges cut karte hai... customer support achcha nahi hai bahut late response karta hai...,,1,2026-09-17,play_store,18.17.3,en,0,cf4bf948-5c83-4f74-a2ab-45cf3a7966c0,Groww,com.nextbillion.groww,google_play_public_no_login_fetcher
ok,,5,2026-09-17,play_store,18.16.1,en,0,f487019e-c599-4431-a310-1f4224701424,Groww,com.nextbillion.groww,google_play_public_no_login_fetcher
Right now grow is best app for treding,,5,2026-09-17,play_store,18.17.3,en,0,597da2e1-fd0b-4a88-b4fa-000eccfae4f0,Groww,com.nextbillion.groww,google_play_public_no_login_fetcher
good,,5,2026-09-17,play_store,18.17.3,en,0,d788f959-1dbe-4c89-996e-658e47119cbe,Groww,com.nextbillion.groww,google_play_public_no_login_fetcher
it's easy to understand,,5,2026-09-17,play_store,18.17.3,en,0,59ca35bf-fdb6-4b95-9abe-fa92607431fe,Groww,com.nextbillion.groww,google_play_public_no_login_fetcher
good 👍,,5,2026-09-17,play_store,18.16.1,en,0,54cab8df-db17-4c4a-bb98-32758ca075b6,Groww,com.nextbillion.groww,google_play_public_no_login_fetcher
Fraud wasted app GROWW brokerage looters. No new features. Best app is SAHI app low brokerage order execution is easy SL TP is on screen,,1,2026-09-17,play_store,18.17.3,en,0,e700e8eb-91ae-43ae-92cc-9ac86b644c49,Groww,com.nextbillion.groww,google_play_public_no_login_fetcher
happy 😃,,5,2026-09-17,play_store,18.16.1,en,0,2dce0335-d2f9-4030-8df9-46888d1d8fdf,Groww,com.nextbillion.groww,google_play_public_no_login_fetcher
Good,,5,2026-09-17,play_store,18.17.3,en,0,473a744f-e34d-4d0e-9cbd-dc05c3db1058,Groww,com.nextbillion.groww,google_play_public_no_login_fetcher
Very Wonderful Experience,,5,2026-09-17,play_store,18.16.1,en,0,8e5009b0-4cd0-4841-af7b-518d31a71198,Groww,com.nextbillion.groww,google_play_public_no_login_fetcher
good,,4,2026-09-17,play_store,18.16.1,en,0,0f876f78-c156-4f76-9a4b-175068fef4c1,Groww,com.nextbillion.groww,google_play_public_no_login_fetcher
good,,5,2026-09-17,play_store,18.17.3,en,0,5b1aed03-10a3-483f-90be-28a65c70987e,Groww,com.nextbillion.groww,google_play_public_no_login_fetcher
"groww app F and O always struck, glitches,slow moments very bad, very worst app always lag",,1,2026-09-17,play_store,18.16.1,en,1,24607b05-ee98-499a-bf09-acbeecdb83a4,Groww,com.nextbillion.groww,google_play_public_no_login_fetcher
very good apps,,5,2026-09-17,play_store,18.17.3,en,0,db6b2ecf-5a95-449b-aeaf-80e6d0cb0730,Groww,com.nextbillion.groww,google_play_public_no_login_fetcher
mast,,5,2026-09-17,play_store,18.17.3,en,0,d3d107e8-6379-4f09-9ee2-f3330c82ddcf,Groww,com.nextbillion.groww,google_play_public_no_login_fetcher
FIVE STAR ⭐✨⭐⭐⭐⭐,,5,2026-09-17,play_store,18.17.3,en,0,9230141b-8f28-4edc-b49f-e9f3a70feb5f,Groww,com.nextbillion.groww,google_play_public_no_login_fetcher
to be improved,,5,2026-09-17,play_store,18.17.3,en,0,bee0417e-2ab5-40cf-8fdd-5424f43bed81,Groww,com.nextbillion.groww,google_play_public_no_login_fetcher
good 👍,,5,2026-09-17,play_store,18.17.3,en,0,f18a68f5-7171-4ecf-8d83-2cdbec626444,Groww,com.nextbillion.groww,google_play_public_no_login_fetcher
nice,,5,2026-09-17,play_store,,en,0,22f3dffa-3e6e-4ab9-ac4a-083006526ebf,Groww,com.nextbillion.groww,google_play_public_no_login_fetcher
best app so far .,,5,2026-09-17,play_store,18.17.3,en,0,e8faad35-5f5a-46d4-9cc3-82148089ac70,Groww,com.nextbillion.groww,google_play_public_no_login_fetcher
money,,5,2026-09-17,play_store,18.17.3,en,0,a463000e-e1f7-43c7-b482-5a1e019a7af6,Groww,com.nextbillion.groww,google_play_public_no_login_fetcher
user-friendly,,5,2026-09-17,play_store,18.17.3,en,0,6894d714-db06-4d82-a2d9-3b24e905fcf6,Groww,com.nextbillion.groww,google_play_public_no_login_fetcher
good,,5,2026-09-17,play_store,18.16.1,en,0,f3aafa60-3c4d-4740-8a7d-7543b3792ecd,Groww,com.nextbillion.groww,google_play_public_no_login_fetcher
good,,5,2026-09-17,play_store,18.17.3,en,0,b0fc8ae6-7be7-41b6-b799-50bc19743132,Groww,com.nextbillion.groww,google_play_public_no_login_fetcher
How many times Should I update the app whenever I open it asking for an update even though it is already updated is it an app or something. I'm totally disappointed with this application.,,2,2026-09-17,play_store,18.17.3,en,2,ae4c74e3-af61-4854-a40a-423b890b32ae,Groww,com.nextbillion.groww,google_play_public_no_login_fetcher
I got losses because stop loss & trilling not working properly it's happened many more time I completed but still no solution the employees only for taking brokerage charges not for costomer services only take brokerage charges & costomer go to hell the sebi must take action against groww they are not able for single star also,,1,2026-09-17,play_store,,en,0,6f807469-67d7-4143-9267-edb65d6c1e6f,Groww,com.nextbillion.groww,google_play_public_no_login_fetcher
Amazing and it will be amazing for if you use it wisely,,5,2026-09-17,play_store,18.17.3,en,0,4257169d-b75d-4303-8882-9c68c68fdb74,Groww,com.nextbillion.groww,google_play_public_no_login_fetcher
good app,,5,2026-09-17,play_store,18.17.3,en,0,d59431a2-9401-40d7-af09-8d256c5ad64f,Groww,com.nextbillion.groww,google_play_public_no_login_fetcher
nice,,5,2026-09-17,play_store,18.17.3,en,0,be9ddb5a-3d46-4b37-939c-4ccdc1db8232,Groww,com.nextbillion.groww,google_play_public_no_login_fetcher
thank you,,5,2026-09-17,play_store,18.16.1,en,0,105f97b8-f08c-4d6b-a293-0622bb85e619,Groww,com.nextbillion.groww,google_play_public_no_login_fetcher
good for stock,,5,2026-09-17,play_store,18.17.3,en,0,b44ecc5e-4f27-41be-9f87-c8d9ffddf141,Groww,com.nextbillion.groww,google_play_public_no_login_fetcher
supervisor,,5,2026-09-17,play_store,18.17.3,en,0,c946edfc-4935-4228-aee3-144bebff1caa,Groww,com.nextbillion.groww,google_play_public_no_login_fetcher
"they rollout update 3 times in a week , what the hell, why they do so much keep updated ???. what nonsense 😒",,1,2026-09-17,play_store,18.17.3,en,0,acf054a5-c926-439f-91af-f62e18e3048a,Groww,com.nextbillion.groww,google_play_public_no_login_fetcher
mind blowing for trade,,5,2026-09-17,play_store,18.17.3,en,1,9a8aefb4-ebac-4424-8324-ea563c93bf3b,Groww,com.nextbillion.groww,google_play_public_no_login_fetcher
very good,,5,2026-09-17,play_store,18.16.1,en,0,e15fdcea-562e-4044-9b75-805c5bedcd4a,Groww,com.nextbillion.groww,google_play_public_no_login_fetcher
very bed aap dot use,,1,2026-09-17,play_store,18.17.3,en,0,58eb1a5a-a53f-408d-ae13-96814c37573e,Groww,com.nextbillion.groww,google_play_public_no_login_fetcher
groww best aap he,,5,2026-09-17,play_store,18.17.3,en,0,6d70e096-9eb6-4da9-b009-7015bf07fb8f,Groww,com.nextbillion.groww,google_play_public_no_login_fetcher
good,,5,2026-09-17,play_store,18.17.3,en,0,d12bdd64-0aa4-438f-9ba9-5bcff88403a2,Groww,com.nextbillion.groww,google_play_public_no_login_fetcher
best,,5,2026-09-17,play_store,18.16.1,en,1,c46624e1-c714-4181-bfb5-50572a9fe60c,Groww,com.nextbillion.groww,google_play_public_no_login_fetcher
"I have been using Groww for around 5 years, and based on my overall experience, I believe the app is quite good for investing in shares and market analysis. However, I am giving 1 star because of my recent experience with customer support. Despite being a long-time user, I was disappointed with the way my issue was handled and the support I received. For F&O trading, I also feel Groww is not very suitable due to higher brokerage charges and issues related to auto square-off/auto-sequencing. So,",,1,2026-09-17,play_store,,en,0,ac19bed4-f048-48dc-8b30-d8f9bf67c529,Groww,com.nextbillion.groww,google_play_public_no_login_fetcher
good,,5,2026-09-17,play_store,18.16.1,en,0,a6ffef19-7a0d-4279-82c2-863f1ef963eb,Groww,com.nextbillion.groww,google_play_public_no_login_fetcher
very good,,5,2026-09-17,play_store,18.17.3,en,0,df95c915-16cb-42ab-831b-648151de2859,Groww,com.nextbillion.groww,google_play_public_no_login_fetcher
ok,,5,2026-09-17,play_store,18.16.1,en,0,3480f2bb-4854-4b49-9fbe-ef5170500666,Groww,com.nextbillion.groww,google_play_public_no_login_fetcher
Good,,5,2026-09-17,play_store,18.17.3,en,1,1ddbc8f6-e386-4845-86fb-7b2c3e24cf64,Groww,com.nextbillion.groww,google_play_public_no_login_fetcher
good,,5,2026-09-17,play_store,18.17.3,en,0,e6e11148-50c0-49c3-8b25-5f7b54f38eba,Groww,com.nextbillion.groww,google_play_public_no_login_fetcher
ok,,5,2026-09-17,play_store,18.17.3,en,0,65b531ef-6bf3-499c-84ab-487296975eed,Groww,com.nextbillion.groww,google_play_public_no_login_fetcher
user friendly,,5,2026-09-17,play_store,18.16.1,en,0,bb6fec8b-6052-4918-8b01-c8d823f7c19d,Groww,com.nextbillion.groww,google_play_public_no_login_fetcher
this is not good service & not clear it's to charge service's,,2,2026-09-17,play_store,,en,0,102f7a30-65f2-4eee-b3dd-c67ff66713ef,Groww,com.nextbillion.groww,google_play_public_no_login_fetcher
Good,,5,2026-09-17,play_store,18.16.1,en,0,f79f2dd8-bca9-493c-88ce-83a1dfd221de,Groww,com.nextbillion.groww,google_play_public_no_login_fetcher
excellent,,5,2026-09-17,play_store,18.17.3,en,0,b2f8da9d-b195-4366-ae89-c162644681dc,Groww,com.nextbillion.groww,google_play_public_no_login_fetcher
please add Pinescript option for customised Indicator so that we don't depend on other platforms for chart reading groww app is very good app need some improvement in pinescript code for customised indicator hope it will be resolved soon thanks,,4,2026-09-17,play_store,,en,0,69c1a00c-ab12-453e-8789-07fc89fd908b,Groww,com.nextbillion.groww,google_play_public_no_login_fetcher
best trader appp,,5,2026-09-17,play_store,18.16.1,en,0,e0ef1cd6-d787-45fa-8fae-a17420993df4,Groww,com.nextbillion.groww,google_play_public_no_login_fetcher
good,,5,2026-09-17,play_store,18.16.1,en,0,7961732d-c09c-4262-8caa-c29628beb318,Groww,com.nextbillion.groww,google_play_public_no_login_fetcher
very quick,,5,2026-09-17,play_store,18.16.1,en,0,fe16b9a1-ffc3-4ea7-972e-05cc1eb7ca26,Groww,com.nextbillion.groww,google_play_public_no_login_fetcher
super,,5,2026-09-17,play_store,18.16.1,en,0,da9a9d51-a5e9-4f5d-ab53-fdb9a8a81e6f,Groww,com.nextbillion.groww,google_play_public_no_login_fetcher
worst customer support,,1,2026-09-17,play_store,18.16.1,en,0,39aee639-d541-483d-aa5b-aa760045d50f,Groww,com.nextbillion.groww,google_play_public_no_login_fetcher
paroking mera bahut liya gya ik liye gya is liya hame bahut kast hai is liya sara paisa widra kiye hum,,5,2026-09-17,play_store,18.17.3,en,0,a0e7dd6e-15cd-445a-be99-c49caf09f830,Groww,com.nextbillion.groww,google_play_public_no_login_fetcher
I m not trying to download the app,,1,2026-09-17,play_store,16.29,en,0,65271939-cb52-4d97-99b8-1f407ba56ab7,Groww,com.nextbillion.groww,google_play_public_no_login_fetcher
ग्रो अप में स्केल मोड पर लिमिट प्राइस ऑर्डर डालने का ऑप्शन दे बाकी ठीक है तब मैं आपको फाइव स्टार रिव्यू दूंगा,,3,2026-09-17,play_store,18.17.3,en,0,a659f33b-7367-4648-b9c0-d7d602caff0d,Groww,com.nextbillion.groww,google_play_public_no_login_fetcher
good,,5,2026-09-17,play_store,18.17.3,en,0,f1f4ac5f-b266-4b43-aa8a-6da600241346,Groww,com.nextbillion.groww,google_play_public_no_login_fetcher
multiple options are available to all and it is easy to use.,,5,2026-09-17,play_store,18.16.1,en,0,a806fccf-4ce1-43a3-b0e7-e034106fce6e,Groww,com.nextbillion.groww,google_play_public_no_login_fetcher
kuch dino se bahut bekar chal rahi hai application market ik jagah ruki dikhata hai kai bar,,1,2026-09-17,play_store,18.17.3,en,0,cc32e892-260f-484a-b136-12f9d30bc158,Groww,com.nextbillion.groww,google_play_public_no_login_fetcher
nice 👍,,5,2026-09-17,play_store,18.17.3,en,0,b9e73e5d-219a-40b2-a06c-39f917bf241d,Groww,com.nextbillion.groww,google_play_public_no_login_fetcher
goood,,4,2026-09-17,play_store,18.16.1,en,0,213b21fa-5f1b-4b4c-89ac-d4b92515466c,Groww,com.nextbillion.groww,google_play_public_no_login_fetcher
nice,,5,2026-09-17,play_store,18.16.1,en,0,e7d26469-e7a2-4d02-836a-881ea368a081,Groww,com.nextbillion.groww,google_play_public_no_login_fetcher
The worst app always demands documentation,,1,2026-09-17,play_store,18.7.0,en,0,f6edf5ab-7fed-480e-9df5-1aeca6feeba5,Groww,com.nextbillion.groww,google_play_public_no_login_fetcher
thank,,5,2026-09-17,play_store,18.16.1,en,0,a576fef0-3993-4b2d-9a5b-793d9ed8f359,Groww,com.nextbillion.groww,google_play_public_no_login_fetcher
very good,,5,2026-09-17,play_store,18.17.3,en,0,df86e2bd-2d2e-4b1b-9d3c-8624819eb6f7,Groww,com.nextbillion.groww,google_play_public_no_login_fetcher
good but need to improve in coustom care services,,4,2026-09-17,play_store,18.16.1,en,0,f8dc85df-1e32-4af9-8f34-197fb15f6413,Groww,com.nextbillion.groww,google_play_public_no_login_fetcher
best groww app good app 🤍👍🏻,,4,2026-09-17,play_store,18.17.3,en,0,17c67a84-df34-4ae1-b8a4-5cdb485350d8,Groww,com.nextbillion.groww,google_play_public_no_login_fetcher
"Absolutely useless update loop😠 I am extremely frustrated with this app. Every single time you push an update, all of my technical indicators and chart setups (RSI, MACD, Moving Averages) are completely wiped out! It is infuriating to have to manually re-configure and re-apply my entire technical analysis layout every couple of weeks just because of a basic app update.",,2,2026-09-17,play_store,18.17.3,en,4,359fd132-d3e9-45a5-8d14-5da12981a551,Groww,com.nextbillion.groww,google_play_public_no_login_fetcher
excellent performance,,5,2026-09-17,play_store,18.17.3,en,0,552bbe52-b825-464e-8e34-a53929e2c3a7,Groww,com.nextbillion.groww,google_play_public_no_login_fetcher
nice.,,5,2026-09-17,play_store,18.17.3,en,1,e5daee87-eada-42ea-8088-b8fa006ebe20,Groww,com.nextbillion.groww,google_play_public_no_login_fetcher
easy operation,,5,2026-09-17,play_store,18.17.3,en,0,14dbec06-1983-4533-857b-44934a42c189,Groww,com.nextbillion.groww,google_play_public_no_login_fetcher
that's great 👍 aap,,5,2026-09-17,play_store,18.11.1,en,0,a3471b8c-e9fd-4ced-a5b2-b8fdd54745ce,Groww,com.nextbillion.groww,google_play_public_no_login_fetcher
App is excellent. I have a suggestion. Please give a 'Select all' option in set alert so that deletion of alerts will be easy,,5,2026-09-17,play_store,,en,0,e1f52585-24e3-4b43-90a9-1932c4703aa0,Groww,com.nextbillion.groww,google_play_public_no_login_fetcher
good,,5,2026-09-17,play_store,18.17.3,en,0,0ab47e7d-62dc-4816-ab14-816608c52068,Groww,com.nextbillion.groww,google_play_public_no_login_fetcher
fraud app. stop loss doesn't work in mtf,,1,2026-09-17,play_store,18.17.3,en,0,094d87f4-4791-43e2-aa00-73189280885c,Groww,com.nextbillion.groww,google_play_public_no_login_fetcher
good,,5,2026-09-17,play_store,18.16.1,en,0,57c5afc0-c95c-4698-beb8-772b9d2b6dde,Groww,com.nextbillion.groww,google_play_public_no_login_fetcher
very good service for groww,,4,2026-09-17,play_store,18.16.1,en,0,2756a964-c3b0-4797-a8d5-428710fdbc81,Groww,com.nextbillion.groww,google_play_public_no_login_fetcher
good,,5,2026-09-17,play_store,18.9.0,en,0,54e50747-d902-4e57-8ba4-87de0dc80c6d,Groww,com.nextbillion.groww,google_play_public_no_login_fetcher
super,,5,2026-09-17,play_store,18.17.3,en,0,d1b79495-c96c-4ac3-8581-02aa0706a367,Groww,com.nextbillion.groww,google_play_public_no_login_fetcher
very good feature,,5,2026-09-17,play_store,18.16.1,en,0,bcd22d10-8b26-4bc6-931b-8de4d4a12dd7,Groww,com.nextbillion.groww,google_play_public_no_login_fetcher
good,,5,2026-09-17,play_store,18.17.3,en,0,7529f16f-3cf0-4e54-b1ee-f9a93a943c2f,Groww,com.nextbillion.groww,google_play_public_no_login_fetcher
बहुत अच्छा,,5,2026-09-17,play_store,18.17.3,en,0,65117e3b-196c-481c-919d-48cb190bd910,Groww,com.nextbillion.groww,google_play_public_no_login_fetcher
very useful market app,,5,2026-09-17,play_store,18.6.1,en,0,d977966d-ca82-4c43-a283-6570e2a899a3,Groww,com.nextbillion.groww,google_play_public_no_login_fetcher
good working,,5,2026-09-17,play_store,18.16.1,en,0,5367b6ab-ee69-44e0-8ca4-8c6e4ef3128b,Groww,com.nextbillion.groww,google_play_public_no_login_fetcher
broker charge bohat hai,,1,2026-09-17,play_store,18.17.3,en,0,736e2e1e-b92c-4753-ac03-249087e0dc60,Groww,com.nextbillion.groww,google_play_public_no_login_fetcher
good 👍,,5,2026-09-17,play_store,18.13.2,en,0,d81bea33-07c7-45f9-8298-536b4313d509,Groww,com.nextbillion.groww,google_play_public_no_login_fetcher
"Groww is a simple, user-friendly and convenient investment app. It is easy to use for mutual funds, stocks and tracking investments. The interface is clean and helpful, especially for beginners. Overall, a good experience with Groww. 👍⭐",,5,2026-09-17,play_store,18.16.1,en,2,68414fe4-e990-48f4-839e-f49f1dd7172f,Groww,com.nextbillion.groww,google_play_public_no_login_fetcher
सुपर,,5,2026-09-17,play_store,18.17.3,en,0,373d03f4-16cf-4b5c-8f99-9447d596967f,Groww,com.nextbillion.groww,google_play_public_no_login_fetcher
Faster,,5,2026-09-17,play_store,18.17.3,en,0,a75f5c79-6b75-4bce-9cfc-26b04aa4082a,Groww,com.nextbillion.groww,google_play_public_no_login_fetcher
best,,5,2026-09-17,play_store,18.17.3,en,0,96f2bb32-2588-4ab2-9e3e-64197fd5a40a,Groww,com.nextbillion.groww,google_play_public_no_login_fetcher
very good app,,5,2026-09-17,play_store,18.15.1,en,0,e064c3e7-5427-4bf2-840e-f53b6bc9b51b,Groww,com.nextbillion.groww,google_play_public_no_login_fetcher
very good,,5,2026-09-17,play_store,18.16.1,en,0,9f68c25e-375a-4933-83a8-73120a313c42,Groww,com.nextbillion.groww,google_play_public_no_login_fetcher
"superb 😑,crore times better then ange one , tq growww",,5,2026-09-17,play_store,18.17.3,en,1,d7483f7d-3a68-4e38-8ecb-76ff6d603445,Groww,com.nextbillion.groww,google_play_public_no_login_fetcher
nice app,,5,2026-09-17,play_store,18.16.1,en,0,ee31f08d-5eff-4210-98f8-fcb6a8a741b2,Groww,com.nextbillion.groww,google_play_public_no_login_fetcher
okay,,5,2026-09-17,play_store,18.17.3,en,0,c10d3858-636a-4cf6-b12d-c520b5636220,Groww,com.nextbillion.groww,google_play_public_no_login_fetcher
good,,5,2026-09-17,play_store,18.17.3,en,0,f7ee4f5f-1c35-41b5-92c0-8b5f6ca9d524,Groww,com.nextbillion.groww,google_play_public_no_login_fetcher
good for treating,,5,2026-09-17,play_store,18.16.1,en,0,27774ba1-3451-4d7d-b8ca-4e02eaeeec89,Groww,com.nextbillion.groww,google_play_public_no_login_fetcher
easy UI for beginners but high brokerage charges,,3,2026-09-17,play_store,18.17.3,en,0,dc10c815-9ea9-44ef-abdb-65cc7b5379cd,Groww,com.nextbillion.groww,google_play_public_no_login_fetcher
good,,5,2026-09-17,play_store,18.17.3,en,0,0e125895-bacb-43f3-a921-121f3ae1e203,Groww,com.nextbillion.groww,google_play_public_no_login_fetcher
good app,,5,2026-09-17,play_store,18.17.3,en,0,10d974ee-578e-4380-958b-8d43d93ef56c,Groww,com.nextbillion.groww,google_play_public_no_login_fetcher
super friendly 💚,,5,2026-09-17,play_store,18.16.1,en,0,12b724a5-d76a-4164-9d9e-b1c29f306262,Groww,com.nextbillion.groww,google_play_public_no_login_fetcher
goog,,5,2026-09-17,play_store,18.17.3,en,0,5f50779e-0b57-42d5-b3cb-7d488b3147be,Groww,com.nextbillion.groww,google_play_public_no_login_fetcher
ok,,5,2026-09-17,play_store,18.16.1,en,0,540b1b63-04f7-4d30-9e16-343896eb51d5,Groww,com.nextbillion.groww,google_play_public_no_login_fetcher
very fantastic app & good experience,,5,2026-09-17,play_store,18.16.1,en,0,1287cb8b-58e5-4564-8a45-7abb6dd8c3f6,Groww,com.nextbillion.groww,google_play_public_no_login_fetcher
good,,5,2026-09-17,play_store,18.17.3,en,0,608c8957-b90f-4249-ae82-e25796019bfc,Groww,com.nextbillion.groww,google_play_public_no_login_fetcher
ver good 👍,,5,2026-09-17,play_store,18.17.3,en,1,062ccd9a-8ec8-4762-9763-6070c176b78e,Groww,com.nextbillion.groww,google_play_public_no_login_fetcher
"Dear Groww Team,I am a regular user of your platform and appreciate how easy you have made investing. I want to share some feedback to help improve the app:What is great:Simple UI: The app is very easy to navigate, even for beginners.Charges: Zero AMC and commission-free mutual funds are amazing features.All-in-one: Getting stocks, mutual funds, and UPI in one place is very convenient.",,5,2026-09-17,play_store,18.17.3,en,2,18e84944-4ead-4696-b545-5d245da9fb8e,Groww,com.nextbillion.groww,google_play_public_no_login_fetcher
I am not able to swtich profiles after the recent update.,,4,2026-09-17,play_store,18.17.3,en,2,c71aa6b9-9c30-4ab7-9d9b-5703964c9575,Groww,com.nextbillion.groww,google_play_public_no_login_fetcher
nice aap,,5,2026-09-17,play_store,18.17.3,en,0,ded2afff-7796-4037-887e-60eef5bd1989,Groww,com.nextbillion.groww,google_play_public_no_login_fetcher
very good,,5,2026-09-17,play_store,18.17.3,en,0,99bb8a5a-5cd9-4bce-93e8-03c34a952c78,Groww,com.nextbillion.groww,google_play_public_no_login_fetcher
bast Nice,,5,2026-09-17,play_store,18.16.1,en,0,8569a590-9264-47be-a7e0-c8a91b575c21,Groww,com.nextbillion.groww,google_play_public_no_login_fetcher
"I’m not sure what’s going on with the Groww app. My September investment in one of my mutual funds has disappeared, even though the NAV was already credited. Additionally, I’m facing an issue where two folios are being created for my SIP, despite my Demat account having been closed over a year ago. I’ve contacted Groww support multiple times, but the issue is still not resolved. Very disappointing experience.",,1,2026-09-17,play_store,18.17.3,en,1,236b0231-4c2b-495d-bd16-c5a936a96b1f,Groww,com.nextbillion.groww,google_play_public_no_login_fetcher
TRADING APP,,5,2026-09-17,play_store,18.17.3,en,1,29ec8a74-d40b-4111-a1b8-be81b51f33fe,Groww,com.nextbillion.groww,google_play_public_no_login_fetcher
Good 👍,,5,2026-09-17,play_store,18.16.1,en,0,0870e1c8-6ce2-4df3-965e-520130ed9074,Groww,com.nextbillion.groww,google_play_public_no_login_fetcher
Hello Groww App Team Please Update The App Tradingview Chart Multiple Chart And Drag On Drop Target And Stoploss Option Please Reply My Com.,,5,2026-09-17,play_store,18.17.3,en,0,d9c3cc98-6372-4d92-97ee-04a383628345,Groww,com.nextbillion.groww,google_play_public_no_login_fetcher
nice,,5,2026-09-17,play_store,18.17.3,en,1,0ffd1106-fd80-4197-b98a-06c5e0f63e36,Groww,com.nextbillion.groww,google_play_public_no_login_fetcher
excellent 👍,,5,2026-09-17,play_store,18.17.3,en,1,5c0c02fa-1846-4174-9d8c-38699a4c4761,Groww,com.nextbillion.groww,google_play_public_no_login_fetcher
good,,5,2026-09-17,play_store,18.17.3,en,0,126a8035-5a4c-4406-a9c7-c3cf7d130c8c,Groww,com.nextbillion.groww,google_play_public_no_login_fetcher
Very Good App,,5,2026-09-16,play_store,18.17.3,en,1,6f19a00c-9baa-43a6-b8a8-119949fbc5d4,Groww,com.nextbillion.groww,google_play_public_no_login_fetcher
Good app to invest in stocks for beginners,,4,2026-09-16,play_store,18.16.1,en,0,8897f734-e99d-4a92-9fa9-b24643df1f83,Groww,com.nextbillion.groww,google_play_public_no_login_fetcher
Best App For Trading,,4,2026-09-16,play_store,18.16.1,en,0,090f4bc4-c0eb-4b7c-b772-e1c9d6433254,Groww,com.nextbillion.groww,google_play_public_no_login_fetcher
khub sundor,,5,2026-09-16,play_store,18.17.3,en,0,d26f1471-8127-4c85-94d7-43de2a3a524c,Groww,com.nextbillion.groww,google_play_public_no_login_fetcher
good,,3,2026-09-16,play_store,18.16.1,en,0,140b094f-facc-4ccf-b039-880ffc9c2c95,Groww,com.nextbillion.groww,google_play_public_no_login_fetcher
❤️❤️,,5,2026-09-16,play_store,18.16.1,en,0,3f2513bf-e9d9-4439-9971-9469d841340d,Groww,com.nextbillion.groww,google_play_public_no_login_fetcher
Groww App Is Very Simple And Smooth Interface 💕😘,,5,2026-09-16,play_store,,en,0,e90a320d-39c3-4cf0-80da-c61e119b1b3d,Groww,com.nextbillion.groww,google_play_public_no_login_fetcher
best,,5,2026-09-16,play_store,18.17.3,en,0,0542f21b-2abd-4887-ad82-490af7bec4a1,Groww,com.nextbillion.groww,google_play_public_no_login_fetcher
"Very Friendly Interface I am using it since 2020, You should must explore it, there is many investments and trading options are availabe inside and also a good custommer support here, its make it India's leading Trading and Investing plateform. Choose ''Groww'' to grow your wealth😊",,5,2026-09-16,play_store,18.17.3,en,1,b2b01650-3c00-4daa-94da-c9b9443e82c8,Groww,com.nextbillion.groww,google_play_public_no_login_fetcher
good,,5,2026-09-16,play_store,18.17.3,en,1,428e2c78-6894-4143-9bfd-7bda7220c7eb,Groww,com.nextbillion.groww,google_play_public_no_login_fetcher
very much,,1,2026-09-16,play_store,18.13.2,en,0,77da367b-e1a8-47bc-b43b-5bbc9417c188,Groww,com.nextbillion.groww,google_play_public_no_login_fetcher
good,,5,2026-09-16,play_store,18.16.1,en,0,f69dc29c-7cea-41bf-a785-532797f6e9f4,Groww,com.nextbillion.groww,google_play_public_no_login_fetcher
Very nice 👍,,5,2026-09-16,play_store,18.16.1,en,0,36fb2c2c-7a17-42e0-bfdc-b7b996595a25,Groww,com.nextbillion.groww,google_play_public_no_login_fetcher
good,,5,2026-09-16,play_store,18.17.3,en,0,24fc6f0b-6f5b-4ed2-abe9-f9a9280fed0f,Groww,com.nextbillion.groww,google_play_public_no_login_fetcher
Nice,,5,2026-09-16,play_store,18.10.1,en,0,0909d60a-9014-49a4-9195-54a84db544b3,Groww,com.nextbillion.groww,google_play_public_no_login_fetcher
exlent app,,5,2026-09-16,play_store,18.17.3,en,0,e3860bdf-0396-46e4-8d8a-8564980e7908,Groww,com.nextbillion.groww,google_play_public_no_login_fetcher
very bad trading application not use very slowly app,,1,2026-09-16,play_store,18.17.3,en,1,35081a4e-92d0-4667-8d05-62d62277f4c2,Groww,com.nextbillion.groww,google_play_public_no_login_fetcher
best aap,,5,2026-09-16,play_store,,en,0,6c0de439-2fbf-41a8-b504-8ca5d81a6cbc,Groww,com.nextbillion.groww,google_play_public_no_login_fetcher
do not understand this app.,,5,2026-09-16,play_store,18.17.3,en,0,9832c098-973c-4669-9160-0b032368f89b,Groww,com.nextbillion.groww,google_play_public_no_login_fetcher
good,,5,2026-09-16,play_store,18.16.1,en,0,4227bbf9-8b7d-42da-89c9-3249086e3a58,Groww,com.nextbillion.groww,google_play_public_no_login_fetcher
Best for trading,,5,2026-09-16,play_store,18.16.1,en,1,d9a88afd-f322-4d9c-a225-eb50fc6fa8f1,Groww,com.nextbillion.groww,google_play_public_no_login_fetcher
Good,,5,2026-09-16,play_store,18.15.0,en,0,c7ee5c1a-ac3f-4cff-9c51-fdaa8695ad78,Groww,com.nextbillion.groww,google_play_public_no_login_fetcher
excellent,,5,2026-09-16,play_store,18.17.3,en,1,b9f6f97e-45c6-4af5-8f61-0490495d450d,Groww,com.nextbillion.groww,google_play_public_no_login_fetcher
excellent,,5,2026-09-16,play_store,18.17.3,en,1,175595c3-1691-4e94-8a13-66196d1aec9b,Groww,com.nextbillion.groww,google_play_public_no_login_fetcher
Verified but still verifying again n again...not moving further bank verification page...,,5,2026-09-16,play_store,18.17.3,en,0,136ca687-77fe-43f5-affc-e81efbcb7aa0,Groww,com.nextbillion.groww,google_play_public_no_login_fetcher
very nice 👍.,,5,2026-09-16,play_store,18.16.1,en,0,9ca41426-dcb9-446b-9c71-e3b9df518e58,Groww,com.nextbillion.groww,google_play_public_no_login_fetcher
ok,,5,2026-09-16,play_store,18.17.3,en,0,4169bb74-3fa4-44f3-918f-b2dbee22d40d,Groww,com.nextbillion.groww,google_play_public_no_login_fetcher
good,,5,2026-09-16,play_store,18.16.1,en,0,8ce5efb7-95ed-41c8-b1b0-59d4cb3b0c2e,Groww,com.nextbillion.groww,google_play_public_no_login_fetcher
very good App for investment,,5,2026-09-16,play_store,18.17.3,en,1,db98cef1-f1f3-4b8f-88aa-1666c97c1e92,Groww,com.nextbillion.groww,google_play_public_no_login_fetcher
good,,5,2026-09-16,play_store,18.16.1,en,0,1b996862-e0ab-4e57-bf90-1ca2ec58e187,Groww,com.nextbillion.groww,google_play_public_no_login_fetcher
bahut bura mere 160 rupay mar liye,,1,2026-09-16,play_store,18.16.1,en,0,1690c18e-c3ee-4092-acb0-27c0a6e68997,Groww,com.nextbillion.groww,google_play_public_no_login_fetcher
good,,5,2026-09-16,play_store,18.16.1,en,0,55258cc1-142b-47ee-b062-d8450356bbde,Groww,com.nextbillion.groww,google_play_public_no_login_fetcher
"A good app, I have been using it for a long time.",,5,2026-09-16,play_store,18.16.1,en,0,d97430da-c9ae-4e89-8020-f4b838eb2b3e,Groww,com.nextbillion.groww,google_play_public_no_login_fetcher
super 👍,,5,2026-09-16,play_store,,en,0,8564669d-2a0d-477d-befb-55f01ff318fe,Groww,com.nextbillion.groww,google_play_public_no_login_fetcher
"commodity trading chart price and order price are different why, baised by big bull on trading day. Volume graph doesn't work on tranding day. trading charges are too high also.",,1,2026-09-16,play_store,,en,0,9057b0b3-8197-4302-96f1-ed7cdbdcb6b2,Groww,com.nextbillion.groww,google_play_public_no_login_fetcher
"My bank account has been blocked due to an unexpected transaction from Groww. I did not initiate or withdraw any money, yet funds were automatically credited to my account. It has been almost a month, and my account is still blocked. As a result, my EMI and SIP payments cannot be processed, and I may not receive my salary. This has caused serious financial stress. Please investigate this issue urgently, clarify why the transaction occurred, and help resolve the matter at the earliest.",,1,2026-09-16,play_store,18.17.3,en,3,4b9a15df-0e1d-4104-b236-296344af258b,Groww,com.nextbillion.groww,google_play_public_no_login_fetcher
im lost,,5,2026-09-16,play_store,18.17.3,en,0,a7d5ffea-908c-4b5f-8502-2aff9c514d65,Groww,com.nextbillion.groww,google_play_public_no_login_fetcher
good app,,5,2026-09-16,play_store,18.16.1,en,0,16cdafd0-daf4-4465-978a-408e75103224,Groww,com.nextbillion.groww,google_play_public_no_login_fetcher
nice,,5,2026-09-16,play_store,18.17.3,en,0,8437cec4-45ff-4976-8af9-05a0d17be263,Groww,com.nextbillion.groww,google_play_public_no_login_fetcher
great app but you have to update this app every week.. please do something team!,,2,2026-09-16,play_store,18.17.3,en,2,63e586c9-7ee4-43db-9204-17512ef05e18,Groww,com.nextbillion.groww,google_play_public_no_login_fetcher
"“Groww app is very easy to use and user-friendly. Investment, tracking and transactions are simple and convenient. Overall, a great experience with Groww. Highly recommended!” ⭐⭐⭐⭐⭐",,5,2026-09-16,play_store,18.14.2,en,1,4a850a84-1134-46d0-a262-98042ee69453,Groww,com.nextbillion.groww,google_play_public_no_login_fetcher
thank you very much for your wishes 🙏,,5,2026-09-16,play_store,18.17.3,en,1,3e872dc0-6809-409e-a6a3-66d49ee8f5c9,Groww,com.nextbillion.groww,google_play_public_no_login_fetcher
Good App,,5,2026-09-16,play_store,18.17.3,en,1,3e6a03be-5739-446e-a701-4846ef1dbfce,Groww,com.nextbillion.groww,google_play_public_no_login_fetcher
Nice,,5,2026-09-16,play_store,18.17.3,en,0,9c3f9f44-0d7a-46f2-b27c-758a56a4448b,Groww,com.nextbillion.groww,google_play_public_no_login_fetcher
good,,5,2026-09-16,play_store,18.16.1,en,0,2c1bc602-6284-4fee-953f-4bd6c6e87e60,Groww,com.nextbillion.groww,google_play_public_no_login_fetcher
બેસ્ટ,,5,2026-09-16,play_store,18.16.1,en,0,aa7384f4-f8a7-41ce-98b6-771b05be23b6,Groww,com.nextbillion.groww,google_play_public_no_login_fetcher
very good,,5,2026-09-16,play_store,18.14.2,en,0,98e1c0f8-aacc-43fb-9857-5376f7261250,Groww,com.nextbillion.groww,google_play_public_no_login_fetcher
Now this app works like mutual fund agent.. investment doing in this app goes like regular plan... really cheater app..😡😡,,1,2026-09-16,play_store,18.17.3,en,1,68b623a7-25df-461a-8e1c-53def789eb6d,Groww,com.nextbillion.groww,google_play_public_no_login_fetcher
good,,4,2026-09-16,play_store,,en,0,3b9120d2-24e2-4609-aedd-9d0ac06f8e1a,Groww,com.nextbillion.groww,google_play_public_no_login_fetcher
Delete,,5,2026-09-16,play_store,17.88,en,0,71c31b39-f9c9-4ac4-87fa-71bc7d4d9020,Groww,com.nextbillion.groww,google_play_public_no_login_fetcher
customer support system to low. my money not withdraw last 20 days but customer says tomorrow 10 am withdrawing funds. West money so cheap sarvice 10 times raised a ticket not solved my problem,,1,2026-09-16,play_store,18.17.3,en,0,c1ecafca-afd5-4ef2-b9d3-4498710d2a16,Groww,com.nextbillion.groww,google_play_public_no_login_fetcher
nice enjoy,,5,2026-09-16,play_store,18.16.1,en,0,c1fe8ce9-1dbe-4054-a0e2-bc3c9147a311,Groww,com.nextbillion.groww,google_play_public_no_login_fetcher
good 💯,,5,2026-09-16,play_store,18.17.3,en,0,b5d726ef-ea9e-49d8-9ed3-08591f4517ba,Groww,com.nextbillion.groww,google_play_public_no_login_fetcher
goooooooood,,5,2026-09-16,play_store,18.16.1,en,0,032929a3-6207-4fb9-8fd2-cc58ffe2e15f,Groww,com.nextbillion.groww,google_play_public_no_login_fetcher
ok,,5,2026-09-16,play_store,18.16.1,en,0,dabf5bb4-ae04-4da8-9c80-036a7cfad966,Groww,com.nextbillion.groww,google_play_public_no_login_fetcher
name Shyam munduiya the best to you in ahr,,5,2026-09-16,play_store,18.17.3,en,1,f2fc0d61-a88c-4e5d-b0aa-29c24046151c,Groww,com.nextbillion.groww,google_play_public_no_login_fetcher
EXCELLENT,,5,2026-09-16,play_store,18.17.3,en,1,07cf0876-fba5-4677-8d8b-93a88fbafa06,Groww,com.nextbillion.groww,google_play_public_no_login_fetcher
awesome,,5,2026-09-16,play_store,18.17.3,en,1,3159873e-f7be-44b8-88fc-303c0e65da0b,Groww,com.nextbillion.groww,google_play_public_no_login_fetcher
good 👍,,5,2026-09-16,play_store,18.16.1,en,1,e2471a32-5855-47fd-8009-af9f9c1d5ddb,Groww,com.nextbillion.groww,google_play_public_no_login_fetcher
nice,,5,2026-09-16,play_store,18.16.1,en,0,721e68e1-ea84-43fd-a9f1-0518a11052f7,Groww,com.nextbillion.groww,google_play_public_no_login_fetcher
Superb,,5,2026-09-16,play_store,18.16.1,en,0,eb423562-4b42-41f9-8adf-04acf6fc8575,Groww,com.nextbillion.groww,google_play_public_no_login_fetcher
Nice app for trading,,5,2026-09-16,play_store,18.17.3,en,0,ed57c3d5-8c01-4434-8732-f63a405ce0e8,Groww,com.nextbillion.groww,google_play_public_no_login_fetcher
nice aap ❤️❤️❤️,,5,2026-09-16,play_store,18.17.3,en,0,5e7825ce-f420-4c91-8d87-8fff128d4dbc,Groww,com.nextbillion.groww,google_play_public_no_login_fetcher
👌👌,,5,2026-09-16,play_store,18.16.1,en,0,dac5e50e-9649-4c82-91b1-b47648956ec3,Groww,com.nextbillion.groww,google_play_public_no_login_fetcher
Excellent,,5,2026-09-16,play_store,18.16.1,en,0,204cf68c-1b6f-446b-b060-f292cf266eb1,Groww,com.nextbillion.groww,google_play_public_no_login_fetcher
very good 👍,,5,2026-09-16,play_store,18.17.3,en,0,7ea3ae19-bfb7-462b-b4ac-12f3399f53f8,Groww,com.nextbillion.groww,google_play_public_no_login_fetcher
"Thanks for adding the account switch feature. But there is one more thing you should do this this account settings like chart, sorting for share should not reset when account is switched Dear Groww Tea, This is requested to you please ad an option in this app to switch account as of now every time I need to logout and again login this will reset all chart settings. so add a feature that just one click switch account and all settings remaining same for a user if he handle their family account.",,4,2026-09-16,play_store,18.16.1,en,16,4705e73c-01e5-4b68-980c-581b59d2de02,Groww,com.nextbillion.groww,google_play_public_no_login_fetcher
very good,,5,2026-09-16,play_store,18.17.3,en,0,b4666a6d-40d0-4523-861c-3f7101d06edc,Groww,com.nextbillion.groww,google_play_public_no_login_fetcher
good app 👌,,5,2026-09-16,play_store,18.17.3,en,0,4de606a6-db77-4f8c-90ff-3f9d8dc0e54e,Groww,com.nextbillion.groww,google_play_public_no_login_fetcher
good,,5,2026-09-16,play_store,18.17.3,en,0,461cc471-aab2-4f06-9cb1-8039a04802d5,Groww,com.nextbillion.groww,google_play_public_no_login_fetcher
"money transfer is too low, takes too long irritate",,1,2026-09-16,play_store,,en,0,8abd2931-8eb6-46b4-99b0-8aabbebee9e9,Groww,com.nextbillion.groww,google_play_public_no_login_fetcher
good,,5,2026-09-16,play_store,18.17.3,en,0,f9e06220-4487-494c-9cbc-4a897634a295,Groww,com.nextbillion.groww,google_play_public_no_login_fetcher
very good 👍,,5,2026-09-16,play_store,18.17.3,en,0,854cf60e-a983-4ba3-a925-791a20463adf,Groww,com.nextbillion.groww,google_play_public_no_login_fetcher
User friendly app. I like more. My favourite app. Thank you. Regards,,5,2026-09-16,play_store,18.17.3,en,0,e3a9c848-21ec-4411-88a8-1115ddd35324,Groww,com.nextbillion.groww,google_play_public_no_login_fetcher
10 $ off,,5,2026-09-16,play_store,,en,0,b854a43e-4957-47bd-b651-8d37d583efcf,Groww,com.nextbillion.groww,google_play_public_no_login_fetcher
very good experience with grow,,5,2026-09-16,play_store,18.17.3,en,0,c1043d86-88e7-4974-81ec-79617d20b70e,Groww,com.nextbillion.groww,google_play_public_no_login_fetcher
mast,,5,2026-09-16,play_store,18.16.1,en,0,6a84f3c1-2a5f-44a2-a92c-b615d723ce71,Groww,com.nextbillion.groww,google_play_public_no_login_fetcher
brokrage rate is too High 😴,,1,2026-09-16,play_store,,en,0,c1600311-40b3-4994-9152-26aaf6fa3c0c,Groww,com.nextbillion.groww,google_play_public_no_login_fetcher
wow,,5,2026-09-16,play_store,18.16.1,en,0,e5a44456-296c-4488-9a75-8031964fb790,Groww,com.nextbillion.groww,google_play_public_no_login_fetcher
too lagging problem have taking time for order pl place improvement neede,,1,2026-09-16,play_store,18.16.1,en,0,f05cb393-06e4-4513-8800-bd08b18be3e3,Groww,com.nextbillion.groww,google_play_public_no_login_fetcher
okay,,5,2026-09-16,play_store,18.17.3,en,0,c28969b2-a203-49eb-8280-4e93bbd908c2,Groww,com.nextbillion.groww,google_play_public_no_login_fetcher
but broker charge is n More comparatively other,,5,2026-09-16,play_store,18.17.3,en,0,bd15827e-28d0-4eba-85bc-0ec8b2f84a4f,Groww,com.nextbillion.groww,google_play_public_no_login_fetcher
👍,,5,2026-09-16,play_store,18.16.1,en,0,230664ce-ddc8-4964-991c-a8b351e9ed69,Groww,com.nextbillion.groww,google_play_public_no_login_fetcher
bad,,1,2026-09-16,play_store,18.16.1,en,0,ce1fa4f3-68ae-4525-913f-5eddc5384ea2,Groww,com.nextbillion.groww,google_play_public_no_login_fetcher
good,,5,2026-09-16,play_store,18.16.1,en,0,445b8d0d-5068-492c-9f30-cd99f9282aeb,Groww,com.nextbillion.groww,google_play_public_no_login_fetcher
ok,,5,2026-09-16,play_store,18.17.3,en,0,ae0a600f-361b-420a-b416-f370a9f0191c,Groww,com.nextbillion.groww,google_play_public_no_login_fetcher
good,,4,2026-09-16,play_store,18.13.2,en,0,120da432-ce91-4fc1-a73f-6979604470ac,Groww,com.nextbillion.groww,google_play_public_no_login_fetcher
"A very good app for beginners to have a deep insight of trading on stocks, mutual funds, IPO etc.",,4,2026-09-16,play_store,18.17.3,en,1,4bf98867-3402-4100-a56a-b7de43e4d13a,Groww,com.nextbillion.groww,google_play_public_no_login_fetcher
good,,5,2026-09-16,play_store,18.17.3,en,0,94a133cd-2c76-441f-8936-d7df0f4a49cc,Groww,com.nextbillion.groww,google_play_public_no_login_fetcher
good,,5,2026-09-16,play_store,18.17.3,en,0,8e0643c8-f47b-4f97-901a-1abb8855424f,Groww,com.nextbillion.groww,google_play_public_no_login_fetcher
good 👍,,4,2026-09-16,play_store,18.17.3,en,1,857093b0-395e-463b-9aee-e2d0138d95dd,Groww,com.nextbillion.groww,google_play_public_no_login_fetcher
very good,,5,2026-09-16,play_store,18.16.1,en,0,4cbd40f3-6dfa-4e50-bb44-02948af68889,Groww,com.nextbillion.groww,google_play_public_no_login_fetcher
Good,,5,2026-09-16,play_store,18.13.2,en,0,548a6317-49fd-4629-aa70-d0f280db9a4c,Groww,com.nextbillion.groww,google_play_public_no_login_fetcher
good,,5,2026-09-16,play_store,18.17.3,en,0,8e33e698-0059-448f-b87d-1eb02e92727a,Groww,com.nextbillion.groww,google_play_public_no_login_fetcher
good service,,5,2026-09-16,play_store,18.17.3,en,1,6da8cd1c-ce30-47b1-b860-aaf7c8af507d,Groww,com.nextbillion.groww,google_play_public_no_login_fetcher
ખુબ સુંદર,,5,2026-09-16,play_store,18.17.3,en,0,c2ceeecc-e963-4810-a604-b515fbc37d63,Groww,com.nextbillion.groww,google_play_public_no_login_fetcher
👍 nice,,5,2026-09-16,play_store,18.16.1,en,1,4d4dd50c-301d-4e6b-90c6-22261bc5883a,Groww,com.nextbillion.groww,google_play_public_no_login_fetcher
no thanks🙏,,5,2026-09-16,play_store,18.16.1,en,0,fa93bec9-77ae-47a0-b788-a6b17d86596c,Groww,com.nextbillion.groww,google_play_public_no_login_fetcher
😄,,5,2026-09-16,play_store,18.17.3,en,0,a1eca8a6-f1f8-4f26-a7c8-33115b1df6ad,Groww,com.nextbillion.groww,google_play_public_no_login_fetcher
super,,5,2026-09-16,play_store,18.17.3,en,0,757018e8-236d-465c-abfb-f05caacc0458,Groww,com.nextbillion.groww,google_play_public_no_login_fetcher
good,,4,2026-09-16,play_store,18.15.1,en,0,cf931ff1-2768-4225-89d5-c4fb7cf93acd,Groww,com.nextbillion.groww,google_play_public_no_login_fetcher
Excellent for beginners,,5,2026-09-16,play_store,18.16.1,en,0,e0804348-e92f-49a4-ab7c-7f5773d0d221,Groww,com.nextbillion.groww,google_play_public_no_login_fetcher
very fast aap,,5,2026-09-16,play_store,18.17.3,en,0,6bfd8b13-4762-4ba6-80ad-7155a2f3b9c4,Groww,com.nextbillion.groww,google_play_public_no_login_fetcher
"If the name has already been updated on the PAN card, the updated details should ideally be fetched and updated automatically in the system. Why do we have to fill out a separate form and submit documents again? This makes the process unnecessarily lengthy and inconvenient for the user.",,5,2026-09-16,play_store,18.16.1,en,3,f9170dec-ec08-46aa-a2a7-6f7a9958cd71,Groww,com.nextbillion.groww,google_play_public_no_login_fetcher
excellent,,5,2026-09-16,play_store,18.16.1,en,0,7d236f66-6f5a-4658-84c8-63eb85b14f3b,Groww,com.nextbillion.groww,google_play_public_no_login_fetcher
very nice app,,5,2026-09-16,play_store,18.16.1,en,0,fac4be3c-933c-4b18-9c5a-c6f771c17253,Groww,com.nextbillion.groww,google_play_public_no_login_fetcher
Good,,5,2026-09-16,play_store,18.16.1,en,0,ab75fa97-abce-4a86-9987-4a9f4a9eaf27,Groww,com.nextbillion.groww,google_play_public_no_login_fetcher
not bad,,4,2026-09-16,play_store,18.17.3,en,1,0718fb6a-8e7a-46bc-81d9-054a45e52430,Groww,com.nextbillion.groww,google_play_public_no_login_fetcher
🤟👑osm,,5,2026-09-16,play_store,18.17.3,en,0,8ec17864-09a6-4b2f-8695-16c99309b938,Groww,com.nextbillion.groww,google_play_public_no_login_fetcher
Good,,5,2026-09-16,play_store,18.16.1,en,0,3e574d7d-427c-43ad-8033-ee4f7bc96d98,Groww,com.nextbillion.groww,google_play_public_no_login_fetcher
good,,5,2026-09-16,play_store,18.16.1,en,0,7fd15051-451a-443c-ae00-0a6997be4e4d,Groww,com.nextbillion.groww,google_play_public_no_login_fetcher
a good demate acount,,4,2026-09-16,play_store,18.16.1,en,0,5f993950-5aec-49be-969d-d202bf3db889,Groww,com.nextbillion.groww,google_play_public_no_login_fetcher
Bad service no useful,,1,2026-09-16,play_store,18.12.1,en,1,a326084d-632b-4ae0-8af8-7ea52506db6c,Groww,com.nextbillion.groww,google_play_public_no_login_fetcher
Don't use this app fraud fellows app,,1,2026-09-16,play_store,,en,0,b3e1dc14-a672-48b7-a12c-64d3971a9082,Groww,com.nextbillion.groww,google_play_public_no_login_fetcher
very good and easy interface,,5,2026-09-16,play_store,,en,0,ee3971ab-e6b3-4df3-820f-a9fbb210ea4f,Groww,com.nextbillion.groww,google_play_public_no_login_fetcher
profit,,5,2026-09-16,play_store,18.16.1,en,0,c786e83b-74af-4063-bc5d-cdcbe634f297,Groww,com.nextbillion.groww,google_play_public_no_login_fetcher
Good,,5,2026-09-16,play_store,18.17.3,en,0,367de749-d3b0-4bfd-8059-ddab02b2a73c,Groww,com.nextbillion.groww,google_play_public_no_login_fetcher
good,,5,2026-09-16,play_store,18.17.3,en,1,0c9d9877-8a3b-43e2-aba4-996eaac1dc5f,Groww,com.nextbillion.groww,google_play_public_no_login_fetcher
good,,5,2026-09-16,play_store,,en,0,c496ffd9-45ba-4159-80bc-6d488969294e,Groww,com.nextbillion.groww,google_play_public_no_login_fetcher
Good,,5,2026-09-16,play_store,18.17.3,en,0,5465645c-fe03-422b-90f4-cb3f49220ea8,Groww,com.nextbillion.groww,google_play_public_no_login_fetcher
good,,5,2026-09-16,play_store,18.17.3,en,0,50bdf4d8-0a7d-49d3-8948-0f49a4f8b901,Groww,com.nextbillion.groww,google_play_public_no_login_fetcher
very good,,5,2026-09-16,play_store,18.16.1,en,0,f69cbbd8-316f-4a23-a047-e654b173ca3f,Groww,com.nextbillion.groww,google_play_public_no_login_fetcher
lots of bugs. very slow in the mobile chart.,,1,2026-09-16,play_store,18.17.3,en,1,2e8268e8-81a5-47ee-89c4-3b314417b8ca,Groww,com.nextbillion.groww,google_play_public_no_login_fetcher
trade exicution easy for beginners and app speed,,5,2026-09-16,play_store,18.16.1,en,0,0fbd3e9d-64ae-4f3e-a4af-678ec7c1fdfa,Groww,com.nextbillion.groww,google_play_public_no_login_fetcher
all orvar best,,5,2026-09-16,play_store,18.17.3,en,0,fd46e5e3-aa0a-4253-86f8-718460d79a30,Groww,com.nextbillion.groww,google_play_public_no_login_fetcher
very very good,,5,2026-09-16,play_store,18.16.1,en,1,4e541798-7981-48e3-9bf9-0d4b1c14697e,Groww,com.nextbillion.groww,google_play_public_no_login_fetcher
very good app,,5,2026-09-16,play_store,18.16.1,en,0,ad1e8daa-f2d4-4778-8f7d-cfb7d08eb2ce,Groww,com.nextbillion.groww,google_play_public_no_login_fetcher
nice,,5,2026-09-16,play_store,18.17.3,en,1,6e3197df-681a-4279-a08a-db80b07ea1e2,Groww,com.nextbillion.groww,google_play_public_no_login_fetcher
good,,5,2026-09-16,play_store,18.16.1,en,0,e76252ee-183d-4d43-a757-1e8404ba8e44,Groww,com.nextbillion.groww,google_play_public_no_login_fetcher
"ये लोग brokrege charge कितना काट ना है वो तो बताएगै लेकिन, DP charge ,CDSL DP charge, exchange ट्रांजेक्शन चार्ज कितना कटना है, वो कभी नही बताया जायेगा ।",,1,2026-09-16,play_store,18.16.1,en,0,15525e21-69c1-4d8b-94d1-de1eeba785f7,Groww,com.nextbillion.groww,google_play_public_no_login_fetcher
"after update app is hanged, not working at all.",,1,2026-09-16,play_store,18.17.3,en,0,09246848-b340-464c-b3c8-ae3df8e023fa,Groww,com.nextbillion.groww,google_play_public_no_login_fetcher
good,,5,2026-09-16,play_store,18.17.3,en,1,9b9105aa-4240-4aad-80d5-e43ba0929891,Groww,com.nextbillion.groww,google_play_public_no_login_fetcher
mast he,,4,2026-09-16,play_store,18.16.1,en,0,e0530de7-7504-4fdc-9ab4-e87f90a45135,Groww,com.nextbillion.groww,google_play_public_no_login_fetcher
hasta la vista baby,,5,2026-09-16,play_store,18.17.3,en,0,271b0df2-3cb1-488b-ad01-1683bca3087b,Groww,com.nextbillion.groww,google_play_public_no_login_fetcher
very good 👍,,5,2026-09-16,play_store,18.17.3,en,0,2010c96b-28c5-45ac-b0d9-2ba8a07472c3,Groww,com.nextbillion.groww,google_play_public_no_login_fetcher
good,,5,2026-09-16,play_store,18.16.1,en,0,3347521b-e44d-48ab-95e1-3acf2e96a323,Groww,com.nextbillion.groww,google_play_public_no_login_fetcher
badhiya hai baba badhiya hai,,4,2026-09-16,play_store,18.16.1,en,0,adf656da-757a-4693-a686-18905ccd7c92,Groww,com.nextbillion.groww,google_play_public_no_login_fetcher
nice 👍,,5,2026-09-16,play_store,18.16.1,en,0,c3f94c7c-19ce-47b1-986d-12cdfdfe6f15,Groww,com.nextbillion.groww,google_play_public_no_login_fetcher
good,,5,2026-09-16,play_store,18.17.3,en,0,c8c4e399-8515-4428-9244-c7fa2e4b8675,Groww,com.nextbillion.groww,google_play_public_no_login_fetcher
realy good,,5,2026-09-16,play_store,18.17.3,en,0,f642bf8f-251d-4aa1-980e-e5f6500a29a8,Groww,com.nextbillion.groww,google_play_public_no_login_fetcher
it is good pralfrom of the finance,,5,2026-09-16,play_store,18.16.1,en,0,dfb2eda2-86a1-441d-8fe8-e23660d7df0d,Groww,com.nextbillion.groww,google_play_public_no_login_fetcher
very fine,,5,2026-09-16,play_store,18.16.1,en,0,8388011b-c773-4fe4-9f29-f5d59930faae,Groww,com.nextbillion.groww,google_play_public_no_login_fetcher
awesome app till date,,5,2026-09-16,play_store,18.17.3,en,0,2d7300a5-8636-440e-aa2b-dac48b235e38,Groww,com.nextbillion.groww,google_play_public_no_login_fetcher
nice,,5,2026-09-16,play_store,18.16.1,en,0,52e5b5b9-83e8-491d-a74c-573cbdb33099,Groww,com.nextbillion.groww,google_play_public_no_login_fetcher
dont us app is custmuar service is use less my acount balance aotomatkly less,,1,2026-09-16,play_store,,en,0,546060e9-47b5-441e-b25a-044ec4470755,Groww,com.nextbillion.groww,google_play_public_no_login_fetcher
good,,5,2026-09-16,play_store,18.16.1,en,0,e720a852-8309-4ffb-98f4-43e767c253c5,Groww,com.nextbillion.groww,google_play_public_no_login_fetcher
yah Mujhe sikhane Mein Bada Achcha Laga Hai aur yah Badi kam ki chij hai abhi group ko load Karen aur share market Mein Kaise paise lagaen mutual fund aur bahut sari jankariyan Hain Iske andar market ke bare mein acchi Jankari Hai Ek Hi Jagah Paisa lagane ka option Mil Jata Hai aapko इधर-उधर Jana Nahin Padta aur sachmuch mein bahut surakshit hai aap Chahe to ise Play Store se kar sakte hain ki bahut se free hai ismein Koi risk Nahin Hai aur Har tarike ke liye jo hai paragraph dikhata hai jisse s,,5,2026-09-16,play_store,18.17.3,en,0,1fe21443-cb05-4b5e-9f43-99619b7c6aec,Groww,com.nextbillion.groww,google_play_public_no_login_fetcher
nice platform,,5,2026-09-16,play_store,18.17.3,en,0,525588bc-d35d-44ff-988c-70ce69e35f6c,Groww,com.nextbillion.groww,google_play_public_no_login_fetcher
good supporters app,,5,2026-09-16,play_store,18.16.1,en,0,b1cbb030-337e-4cd6-bc51-0562fbb7eb9c,Groww,com.nextbillion.groww,google_play_public_no_login_fetcher
good job,,5,2026-09-16,play_store,18.13.2,en,0,101feb53-c6a5-46bc-b6d9-ce11fb7ce098,Groww,com.nextbillion.groww,google_play_public_no_login_fetcher
nice 👍,,5,2026-09-16,play_store,18.17.3,en,0,3e8bb565-0391-4a2a-a44d-5b150421ffe9,Groww,com.nextbillion.groww,google_play_public_no_login_fetcher
good,,5,2026-09-16,play_store,18.16.1,en,0,0b7e62bd-9211-431e-b166-ed6ce4930a15,Groww,com.nextbillion.groww,google_play_public_no_login_fetcher
💐🙏💐 🌺🌼🌷,,5,2026-09-16,play_store,18.17.3,en,0,481f1108-2449-4ca7-a410-3b992316fe9a,Groww,com.nextbillion.groww,google_play_public_no_login_fetcher
very nice app,,5,2026-09-16,play_store,18.16.1,en,0,eddee653-fc30-464c-a7fb-e8d4f58924c8,Groww,com.nextbillion.groww,google_play_public_no_login_fetcher
best,,3,2026-09-16,play_store,17.94.1,en,0,0e587a80-e87b-4c3c-b3e9-b2e4dd1d62ba,Groww,com.nextbillion.groww,google_play_public_no_login_fetcher
i like,,5,2026-09-16,play_store,18.16.1,en,0,add997f9-cbeb-49d0-823b-c437e304ba69,Groww,com.nextbillion.groww,google_play_public_no_login_fetcher
super 💯,,5,2026-09-16,play_store,18.16.1,en,0,78ed0e83-c862-477e-816a-b64a0309224c,Groww,com.nextbillion.groww,google_play_public_no_login_fetcher
good,,5,2026-09-16,play_store,18.16.1,en,0,2454c642-481f-4d05-acb9-0270d7ad3a06,Groww,com.nextbillion.groww,google_play_public_no_login_fetcher
best,,5,2026-09-16,play_store,18.16.1,en,0,0a280e98-06d7-4ef7-a097-9a48b519d386,Groww,com.nextbillion.groww,google_play_public_no_login_fetcher
good 👍,,5,2026-09-16,play_store,18.15.1,en,0,0668e69a-efd3-47e6-a56e-8b81eaa90774,Groww,com.nextbillion.groww,google_play_public_no_login_fetcher
"A very simplified app, does not require a lot of procedures. All processes are very fluent.",,5,2026-09-16,play_store,18.16.1,en,0,441ab716-7436-408c-9e84-de6002b3ad54,Groww,com.nextbillion.groww,google_play_public_no_login_fetcher
good app,,5,2026-09-16,play_store,,en,0,6cce436b-1de1-45cc-b128-bbe0e8cf20ab,Groww,com.nextbillion.groww,google_play_public_no_login_fetcher
West,,5,2026-09-16,play_store,18.17.3,en,0,02b41adb-5ba6-4c21-8424-25dfe41299f2,Groww,com.nextbillion.groww,google_play_public_no_login_fetcher
nice app,,5,2026-09-16,play_store,18.16.1,en,1,c0ed598d-a7e8-4c52-8e74-5c0679e0850a,Groww,com.nextbillion.groww,google_play_public_no_login_fetcher
good,,3,2026-09-16,play_store,,en,0,de83e648-d1e4-406c-b856-b22157374f92,Groww,com.nextbillion.groww,google_play_public_no_login_fetcher
Expiry dates are not visible after update.,,5,2026-09-16,play_store,,en,0,91c7666b-4aee-4c8a-afc1-f30edac8258a,Groww,com.nextbillion.groww,google_play_public_no_login_fetcher
very good 😊,,5,2026-09-15,play_store,18.16.1,en,0,d9a17ae4-7b26-4185-9db9-590d7d21c50a,Groww,com.nextbillion.groww,google_play_public_no_login_fetcher
"Groww is a good trading and investment app for retail investors. The platform is simple and easy to use, and the brokerage charges are relatively low. It is especially helpful for beginners and small retail traders who want to keep their trading costs low. Overall, a user-friendly app with competitive charges.",,3,2026-09-15,play_store,18.17.3,en,3,b77fd4ef-86b8-4ab9-996a-61e65a859eff,Groww,com.nextbillion.groww,google_play_public_no_login_fetcher
💗,,5,2026-09-15,play_store,18.17.3,en,0,59e806a7-baff-44e5-885d-e2bda058314d,Groww,com.nextbillion.groww,google_play_public_no_login_fetcher
Good,,5,2026-09-15,play_store,18.17.3,en,0,1a912305-7f21-42ff-afd8-f7779034fec7,Groww,com.nextbillion.groww,google_play_public_no_login_fetcher
very High charges,,1,2026-09-15,play_store,18.16.1,en,0,c4bf0d0b-db4c-4bee-9a45-3a66b1af68fc,Groww,com.nextbillion.groww,google_play_public_no_login_fetcher
good 👍,,5,2026-09-15,play_store,18.16.1,en,1,a8e5018c-dbca-4ec1-ba60-cf2782de5641,Groww,com.nextbillion.groww,google_play_public_no_login_fetcher
Please give the option of scalping in commodity trading segment also.,,1,2026-09-15,play_store,18.16.1,en,1,75daba41-8472-4dd2-95d8-49898c535938,Groww,com.nextbillion.groww,google_play_public_no_login_fetcher
Transaction report total wrong fraud app I have stock is holding transaction is indraday 😔😔😔😔😔😔,,1,2026-09-15,play_store,,en,0,eabc45ac-7944-4173-845f-812188d55f17,Groww,com.nextbillion.groww,google_play_public_no_login_fetcher
excellent,,5,2026-09-15,play_store,18.14.1,en,0,9fa60160-4fba-420a-bee7-87fee0680977,Groww,com.nextbillion.groww,google_play_public_no_login_fetcher
nice,,5,2026-09-15,play_store,18.16.1,en,0,20938d31-56cd-4484-a43a-e0c6e7b67433,Groww,com.nextbillion.groww,google_play_public_no_login_fetcher
Good app for tranding,,5,2026-09-15,play_store,18.16.1,en,0,3288571e-4c6d-4845-8279-17cf0a1c4099,Groww,com.nextbillion.groww,google_play_public_no_login_fetcher
fine,,4,2026-09-15,play_store,18.16.1,en,0,a36b2f5f-858c-400f-bc8a-f8781bfb0329,Groww,com.nextbillion.groww,google_play_public_no_login_fetcher
upi Autopay లొ revoked notification వస్తె బాగుంటుంది,,5,2026-09-15,play_store,,en,0,7036635f-d9d4-4b60-8967-0f9e4ab070e8,Groww,com.nextbillion.groww,google_play_public_no_login_fetcher
Good for all,,5,2026-09-15,play_store,18.16.1,en,0,b9a1ee2a-cc24-4fb2-92e3-68011731c44b,Groww,com.nextbillion.groww,google_play_public_no_login_fetcher
mandat issue many time status not updated,,2,2026-09-15,play_store,18.17.3,en,1,85b1b6f0-13ac-47c8-b0eb-4ce2d40cdaf4,Groww,com.nextbillion.groww,google_play_public_no_login_fetcher
nice 👍,,5,2026-09-15,play_store,18.17.3,en,0,5a6b32fb-4883-4b3a-bf71-b2fe35fccf06,Groww,com.nextbillion.groww,google_play_public_no_login_fetcher
very good aap,,5,2026-09-15,play_store,18.16.1,en,0,fa23f482-3451-4e5a-bf6d-f6d676449390,Groww,com.nextbillion.groww,google_play_public_no_login_fetcher
bahut hi acha app lga investment ke liye,,5,2026-09-15,play_store,18.16.1,en,0,6492479c-d671-4e9b-814f-8ec48e61a8fc,Groww,com.nextbillion.groww,google_play_public_no_login_fetcher
nice,,5,2026-09-15,play_store,18.17.3,en,0,c77d605c-41ee-4221-a319-4fca11b756e5,Groww,com.nextbillion.groww,google_play_public_no_login_fetcher
excellent,,5,2026-09-15,play_store,18.16.1,en,0,bddbc279-8958-4932-9245-4a172480dff3,Groww,com.nextbillion.groww,google_play_public_no_login_fetcher
very nice and,,5,2026-09-15,play_store,18.17.3,en,0,67c656b4-a6e5-4886-a9f9-719ba7619d0e,Groww,com.nextbillion.groww,google_play_public_no_login_fetcher
Nice experience with groww,,5,2026-09-15,play_store,18.16.1,en,0,bd1bb7c3-4705-4a33-a13b-321742d66f6e,Groww,com.nextbillion.groww,google_play_public_no_login_fetcher
I would rate you 5 star if you introduce a feature mentioning BE stocks like we get in Kite App. so that we can avoid the T2T stocks effectively I purchased the stock on Friday and Today I was getting 10k profit but the stock being T2T I was not able to sell it,,3,2026-09-15,play_store,18.17.3,en,2,c1bf0bd9-1f2c-4253-a2ca-47c3ed29ebf1,Groww,com.nextbillion.groww,google_play_public_no_login_fetcher
Good groww inwistment,,5,2026-09-15,play_store,18.16.1,en,0,224f593b-1054-4b25-a058-c860029f30c5,Groww,com.nextbillion.groww,google_play_public_no_login_fetcher
supar,,5,2026-09-15,play_store,18.17.3,en,0,78c12c2d-a44c-4c7b-9391-f5f99a4e1a05,Groww,com.nextbillion.groww,google_play_public_no_login_fetcher
nice,,4,2026-09-15,play_store,18.16.1,en,0,a1d3550d-0569-4bb5-a1a6-3307cb7e54e2,Groww,com.nextbillion.groww,google_play_public_no_login_fetcher
not good,,1,2026-09-15,play_store,18.17.3,en,0,d01ff45c-2f0f-4344-baab-7bdaa62d9380,Groww,com.nextbillion.groww,google_play_public_no_login_fetcher
The best Treding app,,5,2026-09-15,play_store,18.17.3,en,0,dff22def-fbbe-4e12-b239-f09d3206f599,Groww,com.nextbillion.groww,google_play_public_no_login_fetcher
good,,5,2026-09-15,play_store,18.16.1,en,0,478c70eb-b4b1-4dd8-952e-b6ef83e2f178,Groww,com.nextbillion.groww,google_play_public_no_login_fetcher
did you like this offer,,3,2026-09-15,play_store,,en,1,15695db9-7312-431e-9a70-e75dfd855831,Groww,com.nextbillion.groww,google_play_public_no_login_fetcher
be happy 😊,,5,2026-09-15,play_store,16.89,en,0,063d5b8c-0d1b-46bb-861c-fc8b3d5e3271,Groww,com.nextbillion.groww,google_play_public_no_login_fetcher
good groww,,5,2026-09-15,play_store,18.16.1,en,0,49f43641-3136-47ed-8f49-0e9900d29b18,Groww,com.nextbillion.groww,google_play_public_no_login_fetcher
good,,5,2026-09-15,play_store,18.16.1,en,0,4c93ac7a-6360-4dca-9d0d-869cc3d53e82,Groww,com.nextbillion.groww,google_play_public_no_login_fetcher
good,,5,2026-09-15,play_store,18.16.1,en,0,94db9308-5317-4ff1-a6cd-a1a1b5835f7c,Groww,com.nextbillion.groww,google_play_public_no_login_fetcher
good must use,,5,2026-09-15,play_store,18.15.1,en,0,48babbfd-2d21-4576-adb9-56f8b09e926d,Groww,com.nextbillion.groww,google_play_public_no_login_fetcher
average,,5,2026-09-15,play_store,18.17.3,en,0,66684578-12d4-4ed4-a7d0-84f4cff32ea0,Groww,com.nextbillion.groww,google_play_public_no_login_fetcher
good platform,,5,2026-09-15,play_store,18.17.3,en,0,27267581-f85e-4449-95bc-1896dab82a9f,Groww,com.nextbillion.groww,google_play_public_no_login_fetcher
best,,5,2026-09-15,play_store,,en,0,ca30210f-50e7-4a55-af1b-63b0b4f86de4,Groww,com.nextbillion.groww,google_play_public_no_login_fetcher
good,,5,2026-09-15,play_store,18.16.1,en,0,2d12598d-82ac-44f2-a657-dd242a019d89,Groww,com.nextbillion.groww,google_play_public_no_login_fetcher
nice 👍,,5,2026-09-15,play_store,18.15.1,en,0,0940ca8a-74de-447f-9406-94404a0a3a31,Groww,com.nextbillion.groww,google_play_public_no_login_fetcher
গো অ্যাপ টা খুব সুন্দর ভাবে কাজ করে।,,4,2026-09-15,play_store,18.14.2,en,0,85a93d39-b1c1-4061-bc98-8a0604a61663,Groww,com.nextbillion.groww,google_play_public_no_login_fetcher
smooth working,,5,2026-09-15,play_store,18.16.1,en,0,398af56f-0a9e-41b4-93cf-05d9eff05b4f,Groww,com.nextbillion.groww,google_play_public_no_login_fetcher
oh my god very good experience by its app it is best for beginners I am first don't know about trading and other apps of trade but this app has been very much oh my God this is very useful !,,5,2026-09-15,play_store,,en,0,e71b52b7-bfc1-4d36-83b4-7cb3920526cf,Groww,com.nextbillion.groww,google_play_public_no_login_fetcher
good application good work,,5,2026-09-15,play_store,18.16.1,en,0,6ba277de-4468-43aa-9afb-a4ceb806c994,Groww,com.nextbillion.groww,google_play_public_no_login_fetcher
Groww with you hameisa.,,5,2026-09-15,play_store,18.16.1,en,0,ca372b39-c9ab-44e9-a892-b1f7c0cde574,Groww,com.nextbillion.groww,google_play_public_no_login_fetcher
ok,,5,2026-09-15,play_store,18.16.0,en,0,283730e4-5a34-4726-bcd4-f912830502a7,Groww,com.nextbillion.groww,google_play_public_no_login_fetcher
good and analysed data making,,5,2026-09-15,play_store,18.16.1,en,0,13c5876d-03d7-49b2-8792-19799873979f,Groww,com.nextbillion.groww,google_play_public_no_login_fetcher
very good,,5,2026-09-15,play_store,18.16.1,en,0,5c53f20c-ae04-448a-9b7e-ea9a23cc2b58,Groww,com.nextbillion.groww,google_play_public_no_login_fetcher
easy interface but sometimes it deducted amount without ur information if u r doing trading.😡,,3,2026-09-15,play_store,18.17.3,en,2,f36802d7-2174-4e20-86a8-03f39827ac7c,Groww,com.nextbillion.groww,google_play_public_no_login_fetcher
very good,,5,2026-09-15,play_store,18.15.1,en,0,6a3a548d-7696-432f-8253-2e4b4205dc16,Groww,com.nextbillion.groww,google_play_public_no_login_fetcher
ok,,5,2026-09-15,play_store,18.16.1,en,0,3317cefb-a6a7-4aa1-a1f4-45da9c7ba3de,Groww,com.nextbillion.groww,google_play_public_no_login_fetcher
good,,5,2026-09-15,play_store,18.16.0,en,0,7dbb3b91-a2dc-4fa6-99fb-daa93ce14e28,Groww,com.nextbillion.groww,google_play_public_no_login_fetcher
good,,5,2026-09-15,play_store,18.17.3,en,0,5b065f20-103b-4e58-9aad-34b016001dae,Groww,com.nextbillion.groww,google_play_public_no_login_fetcher
thank you,,5,2026-09-15,play_store,18.16.1,en,1,cb8ad950-08ff-4275-a9af-24c53aeb869e,Groww,com.nextbillion.groww,google_play_public_no_login_fetcher
Ye Bohat achhi app hai treds mai bohar easy rehti hai,,5,2026-09-15,play_store,18.17.3,en,0,fb5dd36d-8176-40c0-9770-05d1ce3cecca,Groww,com.nextbillion.groww,google_play_public_no_login_fetcher
"Groww makes investing in the stock market, mutual funds, and IPOs accessible and effortless. The user interface is clean, beginner-friendly, and completely transparent with no hidden brokerage fees. Tracking portfolio performance and placing orders is super smooth. An outstanding platform for building wealth securely.",,5,2026-09-15,play_store,,en,0,6235a702-fce6-4c14-ab8e-e879dc238004,Groww,com.nextbillion.groww,google_play_public_no_login_fetcher
nice,,5,2026-09-15,play_store,18.17.3,en,1,859d771b-7710-4852-bf7e-e2b952e073cd,Groww,com.nextbillion.groww,google_play_public_no_login_fetcher
good,,4,2026-09-15,play_store,,en,0,6173206a-e7c3-4009-9ba1-5152cb1f72e6,Groww,com.nextbillion.groww,google_play_public_no_login_fetcher
good,,5,2026-09-15,play_store,18.17.3,en,0,051ddb7c-905b-4f8c-a9f5-741639b74157,Groww,com.nextbillion.groww,google_play_public_no_login_fetcher
nice aap hai,,5,2026-09-15,play_store,18.9.0,en,0,3e2dbe89-5675-42fd-a53d-ee6ec82dd4d4,Groww,com.nextbillion.groww,google_play_public_no_login_fetcher
Good for Trading not complicated..,,5,2026-09-15,play_store,18.17.3,en,0,5158cc5b-7a37-4ee7-86e6-9e1a5e1a2f9c,Groww,com.nextbillion.groww,google_play_public_no_login_fetcher
nice,,5,2026-09-15,play_store,18.13.2,en,0,c965c57a-5dea-4788-9c3f-4ff2a123021f,Groww,com.nextbillion.groww,google_play_public_no_login_fetcher
excellent 👍,,5,2026-09-15,play_store,18.14.2,en,0,f4618b30-228a-454a-9b3c-97ed42801461,Groww,com.nextbillion.groww,google_play_public_no_login_fetcher
good,,5,2026-09-15,play_store,18.17.3,en,0,1078a3bd-3ef5-4d71-b9a5-22ed4052f06a,Groww,com.nextbillion.groww,google_play_public_no_login_fetcher
please seperate the mutual fund app,,5,2026-09-15,play_store,18.16.1,en,0,b2daf56e-c3cc-4871-9075-f171e507d71b,Groww,com.nextbillion.groww,google_play_public_no_login_fetcher
😘😘😘😘😘,,5,2026-09-15,play_store,,en,0,bf7f3b63-683c-458c-bc00-6f80d6e6f61e,Groww,com.nextbillion.groww,google_play_public_no_login_fetcher
always lagging,,1,2026-09-15,play_store,,en,0,3fd7eab1-7392-4b63-80fb-55a5e47bfeb6,Groww,com.nextbillion.groww,google_play_public_no_login_fetcher
nice app,,5,2026-09-15,play_store,18.17.3,en,1,1f426927-87d8-45e6-b539-8da17c9b007d,Groww,com.nextbillion.groww,google_play_public_no_login_fetcher
💩💩 trash app,,1,2026-09-15,play_store,,en,0,91c747db-54b4-467f-ac38-01da5304de75,Groww,com.nextbillion.groww,google_play_public_no_login_fetcher
super app,,4,2026-09-15,play_store,18.17.3,en,0,aa13b77c-60db-42c9-91d5-71c67112845d,Groww,com.nextbillion.groww,google_play_public_no_login_fetcher
good,,5,2026-09-15,play_store,18.17.3,en,0,7954a08f-3fda-41ac-b2ce-6907bbf0cc06,Groww,com.nextbillion.groww,google_play_public_no_login_fetcher
best service,,5,2026-09-15,play_store,18.17.3,en,0,934c1ee4-6966-417d-aba5-f1e9fd9b87ce,Groww,com.nextbillion.groww,google_play_public_no_login_fetcher
vv good 👍,,5,2026-09-15,play_store,18.16.1,en,0,bd694d9f-1c51-497f-a148-f80fe8b7441d,Groww,com.nextbillion.groww,google_play_public_no_login_fetcher
good...,,5,2026-09-15,play_store,18.16.1,en,0,18e1cb61-68e4-40f7-8b0f-5b064f885c32,Groww,com.nextbillion.groww,google_play_public_no_login_fetcher
good,,4,2026-09-15,play_store,18.16.1,en,0,8ee153ff-4ffb-4ff7-bab3-9b9d4baae76b,Groww,com.nextbillion.groww,google_play_public_no_login_fetcher
Turing growth chart is easy but its very complicated to turn form groww chart to normal Trading view chart please make it happen in one tap,,3,2026-09-15,play_store,18.17.3,en,1,0a571808-f198-4c25-94a6-407d4d501a16,Groww,com.nextbillion.groww,google_play_public_no_login_fetcher
better platform,,5,2026-09-15,play_store,18.17.3,en,1,419c8ffb-e140-4fbd-96ad-b33410fdb9d8,Groww,com.nextbillion.groww,google_play_public_no_login_fetcher
customer service very very poor bad experience,,1,2026-09-15,play_store,18.17.3,en,0,59d9aa1e-2272-4cbc-8dd7-ef1f6adb91b6,Groww,com.nextbillion.groww,google_play_public_no_login_fetcher
bhot acha ap h,,5,2026-09-15,play_store,18.17.3,en,0,c02c8041-0663-40b9-82dc-261b912e2d66,Groww,com.nextbillion.groww,google_play_public_no_login_fetcher
goood,,5,2026-09-15,play_store,18.16.1,en,0,c9441b70-7be5-4774-bbac-77b2e758010b,Groww,com.nextbillion.groww,google_play_public_no_login_fetcher
nice 👍,,5,2026-09-15,play_store,18.16.1,en,0,54a98361-21e5-48f6-99ca-a0f19b3edcda,Groww,com.nextbillion.groww,google_play_public_no_login_fetcher
good,,5,2026-09-15,play_store,18.17.3,en,0,eb8cb196-83c1-465d-8ced-5f82dfd712bd,Groww,com.nextbillion.groww,google_play_public_no_login_fetcher
Annoying loan offers and useless notifications,,1,2026-09-15,play_store,18.17.3,en,0,6e80decd-9017-4f04-ad21-30e83b96db56,Groww,com.nextbillion.groww,google_play_public_no_login_fetcher
good,,5,2026-09-15,play_store,18.14.2,en,0,41c9d456-89fc-4d78-8579-974e0d445f63,Groww,com.nextbillion.groww,google_play_public_no_login_fetcher
even I update latest version,,1,2026-09-15,play_store,18.16.1,en,0,5da59603-2b79-47e3-9193-1542cba89b41,Groww,com.nextbillion.groww,google_play_public_no_login_fetcher
genuine app,,5,2026-09-15,play_store,18.17.3,en,0,71841f3a-78c1-4dd3-9a40-389f190d6ddd,Groww,com.nextbillion.groww,google_play_public_no_login_fetcher
super,,5,2026-09-15,play_store,18.16.1,en,0,6c89acdc-f2d5-4612-9808-0c1ac9224089,Groww,com.nextbillion.groww,google_play_public_no_login_fetcher
very good,,5,2026-09-15,play_store,18.16.1,en,0,f3bf93f2-e22b-4af2-a39e-7aaecf1df358,Groww,com.nextbillion.groww,google_play_public_no_login_fetcher
nice app,,5,2026-09-15,play_store,18.16.1,en,0,9cea8346-36a6-4676-a7b6-4342bc20ae08,Groww,com.nextbillion.groww,google_play_public_no_login_fetcher
best of world 🌎 stock market app groww,,5,2026-09-15,play_store,18.16.1,en,1,b158d62b-46b2-4ed1-98cf-0c7075cd00c0,Groww,com.nextbillion.groww,google_play_public_no_login_fetcher
good app,,5,2026-09-15,play_store,18.16.1,en,1,1e01efae-6e5e-42b0-abea-d7e55f846048,Groww,com.nextbillion.groww,google_play_public_no_login_fetcher
Good for trading and investment,,5,2026-09-15,play_store,18.17.3,en,1,36940f71-f41f-42af-ac5f-dd51f272fc9f,Groww,com.nextbillion.groww,google_play_public_no_login_fetcher
Great app,,5,2026-09-15,play_store,18.13.2,en,0,35d3ec54-58c9-460e-ad33-7d48ec4c77f7,Groww,com.nextbillion.groww,google_play_public_no_login_fetcher
Good,,5,2026-09-15,play_store,18.11.1,en,0,8191ec3d-487c-4e6b-bdb1-05f23657e697,Groww,com.nextbillion.groww,google_play_public_no_login_fetcher
very good,,5,2026-09-15,play_store,18.16.1,en,0,773a7e51-a9a8-4433-a03c-0bbfbed15d06,Groww,com.nextbillion.groww,google_play_public_no_login_fetcher
good 💯,,5,2026-09-15,play_store,18.17.3,en,0,d2735c33-df25-4b30-b74e-2ab7004f087a,Groww,com.nextbillion.groww,google_play_public_no_login_fetcher
nice,,5,2026-09-15,play_store,18.16.1,en,0,cda97c5b-eb17-4de2-be6a-e58179b853a2,Groww,com.nextbillion.groww,google_play_public_no_login_fetcher
good,,5,2026-09-15,play_store,,en,0,7b0096a1-7c43-4855-9ffb-a96450115ff3,Groww,com.nextbillion.groww,google_play_public_no_login_fetcher
ONLY STOCKS APP,,5,2026-09-15,play_store,18.16.1,en,0,536a267a-7fbc-4073-ade7-45b7125e3bb3,Groww,com.nextbillion.groww,google_play_public_no_login_fetcher
awesome,,5,2026-09-15,play_store,18.16.1,en,0,98fc3321-30ba-403b-bad6-8af4d7019193,Groww,com.nextbillion.groww,google_play_public_no_login_fetcher
ok,,5,2026-09-15,play_store,18.17.3,en,0,2b8b9d51-5172-410a-bc92-be43bec1f555,Groww,com.nextbillion.groww,google_play_public_no_login_fetcher
good,,5,2026-09-15,play_store,18.17.3,en,0,2bb709d8-b10e-4534-aa6b-e8306c2ceec8,Groww,com.nextbillion.groww,google_play_public_no_login_fetcher
This app is the best app for beginners who want to invest in stocks and. mutual funds..,,4,2026-09-15,play_store,18.16.1,en,2,96cdc715-6ca5-4c1c-aa9e-1c872cf2ba8c,Groww,com.nextbillion.groww,google_play_public_no_login_fetcher
excellent 👌,,5,2026-09-15,play_store,18.16.1,en,0,2f3bff93-b614-4625-9540-f47d62173193,Groww,com.nextbillion.groww,google_play_public_no_login_fetcher
all good thing this app veri excellent good,,5,2026-09-15,play_store,18.16.1,en,0,e5721ed9-c528-4ac8-bae6-7f139dd8429a,Groww,com.nextbillion.groww,google_play_public_no_login_fetcher
good,,5,2026-09-15,play_store,18.16.1,en,0,06bcbae3-a4c8-496b-b384-574fb2a4e143,Groww,com.nextbillion.groww,google_play_public_no_login_fetcher
verry good,,5,2026-09-15,play_store,18.17.3,en,0,3b1d74f0-3e0e-4eac-96fd-a2bc4e2d16f3,Groww,com.nextbillion.groww,google_play_public_no_login_fetcher
thik pletform is very simple and very good 👍😊,,5,2026-09-15,play_store,18.17.3,en,2,ee1c69f0-cd43-46cb-bf45-ecf3669ce950,Groww,com.nextbillion.groww,google_play_public_no_login_fetcher
good,,5,2026-09-15,play_store,18.16.1,en,0,cd77c8cc-4909-45ac-a1e0-b68198cda5f7,Groww,com.nextbillion.groww,google_play_public_no_login_fetcher
very good experience,,5,2026-09-15,play_store,18.17.3,en,0,b33b34d0-5279-4aee-8f81-0b779aaf3e0e,Groww,com.nextbillion.groww,google_play_public_no_login_fetcher
worst app for f and o . good for investment,,1,2026-09-15,play_store,18.16.1,en,0,7b3eb5b7-54a7-4228-88e2-e909966494d9,Groww,com.nextbillion.groww,google_play_public_no_login_fetcher
nice app this,,5,2026-09-15,play_store,,en,0,b6cc2538-a034-4063-a4be-c7c4f913c496,Groww,com.nextbillion.groww,google_play_public_no_login_fetcher
Easy to use i like it but very expensive charges,,1,2026-09-15,play_store,18.16.1,en,1,e01f35ba-624b-4421-8332-f62698bca4a8,Groww,com.nextbillion.groww,google_play_public_no_login_fetcher
good,,5,2026-09-15,play_store,18.16.1,en,0,ac166b4e-ad7b-476a-9eb2-118d4ffefb12,Groww,com.nextbillion.groww,google_play_public_no_login_fetcher
Very good,,5,2026-09-15,play_store,18.15.1,en,0,a63f611b-d8a6-4dbb-a158-5ea04e72ecbb,Groww,com.nextbillion.groww,google_play_public_no_login_fetcher
very good application easy-to-use 👍,,5,2026-09-15,play_store,18.17.3,en,0,493e5ba6-23f6-4464-99cc-c37cb0b6a413,Groww,com.nextbillion.groww,google_play_public_no_login_fetcher
capital and patience,,5,2026-09-15,play_store,18.17.3,en,0,f3365dca-3ab7-4365-9f09-d91a8dcabdee,Groww,com.nextbillion.groww,google_play_public_no_login_fetcher
T-bond feature is not added in this application,,3,2026-09-15,play_store,18.16.1,en,1,a96b4446-c0f2-4bc1-ac84-b20eaf8e4c33,Groww,com.nextbillion.groww,google_play_public_no_login_fetcher
very good,,5,2026-09-15,play_store,18.17.1,en,0,d90b5541-b6d7-4b74-af3b-830e8535be95,Groww,com.nextbillion.groww,google_play_public_no_login_fetcher
Easy to Use,,5,2026-09-15,play_store,18.16.1,en,0,65fcbc8f-c08a-4e4b-b4c8-0335f425dcfd,Groww,com.nextbillion.groww,google_play_public_no_login_fetcher
"I have been waiting for 4 days for my account reactivation, How can a person believe this App with their investment and money",,1,2026-09-15,play_store,18.17.3,en,1,86bd7671-8974-4ee7-bdde-284cb7a6651e,Groww,com.nextbillion.groww,google_play_public_no_login_fetcher
Best for trade,,5,2026-09-15,play_store,18.17.3,en,0,3b5b71a6-6ae7-4e53-9a70-26aa69e287f4,Groww,com.nextbillion.groww,google_play_public_no_login_fetcher
very nice information,,5,2026-09-15,play_store,18.17.3,en,1,75a1ac5f-af87-4003-8830-83def616b562,Groww,com.nextbillion.groww,google_play_public_no_login_fetcher
Good app for beginners trader's 😄,,4,2026-09-15,play_store,18.16.1,en,0,ef035865-0f65-42e5-93e8-7655668ef000,Groww,com.nextbillion.groww,google_play_public_no_login_fetcher
very good,,4,2026-09-15,play_store,18.16.1,en,0,a8f2a15b-26a6-4af4-b050-8f6f923a432e,Groww,com.nextbillion.groww,google_play_public_no_login_fetcher
trusted,,5,2026-09-15,play_store,18.16.1,en,0,48a41942-cf61-4600-b41e-aca30450677c,Groww,com.nextbillion.groww,google_play_public_no_login_fetcher
good app super,,5,2026-09-15,play_store,18.17.3,en,1,eed0a2d9-b6d6-4def-83c6-128e7926e1c6,Groww,com.nextbillion.groww,google_play_public_no_login_fetcher
good,,5,2026-09-15,play_store,18.16.1,en,0,8a2217c9-8452-4224-a712-d10e77bfe72f,Groww,com.nextbillion.groww,google_play_public_no_login_fetcher
superb Experience 🔥,,5,2026-09-15,play_store,18.16.1,en,0,b0db7924-5d68-42df-a69f-34c0a60188ce,Groww,com.nextbillion.groww,google_play_public_no_login_fetcher
very good,,5,2026-09-15,play_store,18.17.3,en,0,7ac6084f-409c-442f-b8b6-bfa4e8e02c80,Groww,com.nextbillion.groww,google_play_public_no_login_fetcher
very best appp,,5,2026-09-15,play_store,18.16.1,en,0,ece2f57c-4f83-4de9-9489-f432cb3f5d0a,Groww,com.nextbillion.groww,google_play_public_no_login_fetcher
excellent,,5,2026-09-15,play_store,18.16.1,en,0,767c42a6-80ea-4490-ad37-b0033c44d349,Groww,com.nextbillion.groww,google_play_public_no_login_fetcher
nice,,4,2026-09-15,play_store,18.16.1,en,0,de80760d-f8ac-4fde-aec3-6e3121a76638,Groww,com.nextbillion.groww,google_play_public_no_login_fetcher
very good 👍🏻😊😊,,5,2026-09-15,play_store,18.16.1,en,0,a510045a-8980-4c50-9b9e-7b14f6f194de,Groww,com.nextbillion.groww,google_play_public_no_login_fetcher
it's great app,,5,2026-09-15,play_store,18.17.3,en,1,ae008f5d-332f-4424-b854-b0162b20cfb3,Groww,com.nextbillion.groww,google_play_public_no_login_fetcher
👍,,5,2026-09-15,play_store,18.14.1,en,0,c0104fea-5a46-4c29-bf15-b6d292e2fc08,Groww,com.nextbillion.groww,google_play_public_no_login_fetcher
good for beginner,,5,2026-09-15,play_store,18.16.1,en,0,6031b8d8-fb98-40c1-a7b2-21841b7cbd48,Groww,com.nextbillion.groww,google_play_public_no_login_fetcher
superb,,5,2026-09-15,play_store,18.16.1,en,0,34c1bf07-5930-49a0-9e2e-2a0901fb0f66,Groww,com.nextbillion.groww,google_play_public_no_login_fetcher
well,,5,2026-09-15,play_store,18.16.1,en,0,2f9a4fe0-f289-4cc4-aa9e-c57fbaaa868b,Groww,com.nextbillion.groww,google_play_public_no_login_fetcher
ok,,5,2026-09-15,play_store,18.16.1,en,0,b32007d4-b365-4e23-83e8-a7beeeffeec7,Groww,com.nextbillion.groww,google_play_public_no_login_fetcher
very good app,,5,2026-09-15,play_store,18.16.1,en,0,320cc251-7ad4-4b7c-8e72-4fa84605001b,Groww,com.nextbillion.groww,google_play_public_no_login_fetcher
osm,,5,2026-09-15,play_store,18.16.1,en,0,9dcea852-f5bd-48f3-8340-8e674730c058,Groww,com.nextbillion.groww,google_play_public_no_login_fetcher
i m new learneer,,5,2026-09-15,play_store,18.16.1,en,0,5b2066ea-17a7-43f7-af9a-dbcb067eb879,Groww,com.nextbillion.groww,google_play_public_no_login_fetcher
nice 👍👍👍👍,,5,2026-09-15,play_store,18.17.3,en,0,dc064c12-392e-462c-bc2d-2f223d890ecb,Groww,com.nextbillion.groww,google_play_public_no_login_fetcher
Good UI best Platform for beginners,,5,2026-09-15,play_store,18.16.1,en,0,b279a12c-520e-484c-9c36-1f803c443582,Groww,com.nextbillion.groww,google_play_public_no_login_fetcher
thanks thanks 😊,,5,2026-09-15,play_store,18.17.3,en,0,aa059d2f-c936-4022-be51-471b443a8fa2,Groww,com.nextbillion.groww,google_play_public_no_login_fetcher
good,,5,2026-09-15,play_store,18.17.3,en,0,6e19dea0-b854-4865-9331-182b5b7cb19e,Groww,com.nextbillion.groww,google_play_public_no_login_fetcher
good,,3,2026-09-15,play_store,18.15.1,en,0,349f2235-2f00-4bea-9ac4-97cf811f0801,Groww,com.nextbillion.groww,google_play_public_no_login_fetcher
Very nice😊 easy to uuse❤️,,5,2026-09-15,play_store,18.17.3,en,0,c3278266-f61b-4d62-b4e5-ddce1a971f20,Groww,com.nextbillion.groww,google_play_public_no_login_fetcher
good,,5,2026-09-15,play_store,18.16.1,en,0,c4ef9be4-dec5-4498-9c66-316ee1f86505,Groww,com.nextbillion.groww,google_play_public_no_login_fetcher
Nice,,5,2026-09-15,play_store,18.16.1,en,0,120462a3-e99e-4d9b-8b19-acc4c03b5e48,Groww,com.nextbillion.groww,google_play_public_no_login_fetcher
Good 👍,,5,2026-09-15,play_store,18.15.1,en,0,847e9405-af99-4342-958c-cac151feefb9,Groww,com.nextbillion.groww,google_play_public_no_login_fetcher
best app,,3,2026-09-15,play_store,18.16.1,en,0,f694cafb-7f76-40b5-a1f7-8c846f49d025,Groww,com.nextbillion.groww,google_play_public_no_login_fetcher
Brokar charge high,,5,2026-09-15,play_store,18.16.1,en,0,c136c3c3-f416-4194-8d8a-0b2d74088f30,Groww,com.nextbillion.groww,google_play_public_no_login_fetcher
good,,5,2026-09-15,play_store,18.17.3,en,0,0a611665-f77b-4c8c-8821-c8cbf8af76e9,Groww,com.nextbillion.groww,google_play_public_no_login_fetcher
very good,,5,2026-09-15,play_store,18.16.1,en,0,736a2bb0-cb00-4e8c-910b-0cc17f71bfb5,Groww,com.nextbillion.groww,google_play_public_no_login_fetcher
"After 8 days Groww is unable to activate my account. Several interactions to customer care department, still same condition.",,1,2026-09-15,play_store,18.16.1,en,0,3ab80022-89ce-4add-b4aa-8dda0e29e196,Groww,com.nextbillion.groww,google_play_public_no_login_fetcher
best trading app,,5,2026-09-15,play_store,18.17.3,en,1,84bf00c9-5938-4a89-aa69-0e48a2ac682c,Groww,com.nextbillion.groww,google_play_public_no_login_fetcher
👍🏼,,3,2026-09-15,play_store,18.16.1,en,0,b75d2020-aa7e-4bcc-874c-92254668d932,Groww,com.nextbillion.groww,google_play_public_no_login_fetcher
very good,,5,2026-09-15,play_store,18.17.3,en,1,988754b5-9d1b-457d-a847-951b348fa414,Groww,com.nextbillion.groww,google_play_public_no_login_fetcher
it's amazing.,,5,2026-09-14,play_store,18.17.3,en,0,a98d33b2-5b63-43a9-8b1b-fd887e4e7e60,Groww,com.nextbillion.groww,google_play_public_no_login_fetcher
Thank you; the Groww app is excellent and very helpful. I have managed to save some money thanks to this app. I actually started my first investment using the Groww app.,,5,2026-09-14,play_store,18.16.1,en,1,4be98a9a-6230-412c-92a6-405bb647087d,Groww,com.nextbillion.groww,google_play_public_no_login_fetcher
I used many apps but this app is excellent 👌 for trading specially mutual funds or sip.,,5,2026-09-14,play_store,18.16.1,en,0,247e62b9-cb30-472b-a0d1-97548bfb187b,Groww,com.nextbillion.groww,google_play_public_no_login_fetcher
its very helpful app,,4,2026-09-14,play_store,18.16.1,en,0,f0aa6ab1-0cc3-4ea7-9c8b-adba01350d01,Groww,com.nextbillion.groww,google_play_public_no_login_fetcher
good,,5,2026-09-14,play_store,18.17.3,en,0,2811b60d-8231-43e4-bc64-98277b7a7dde,Groww,com.nextbillion.groww,google_play_public_no_login_fetcher
good,,5,2026-09-14,play_store,18.15.1,en,0,8decea8f-6942-4c48-8274-3832a7a62ec0,Groww,com.nextbillion.groww,google_play_public_no_login_fetcher
best option for saving balance,,5,2026-09-14,play_store,18.16.1,en,0,26397d25-3296-42c4-93ae-2f84f4c33e51,Groww,com.nextbillion.groww,google_play_public_no_login_fetcher
supper app,,5,2026-09-14,play_store,18.16.1,en,0,4eb06e77-0c80-469b-9124-4bddf2857880,Groww,com.nextbillion.groww,google_play_public_no_login_fetcher
you are,,1,2026-09-14,play_store,18.17.3,en,0,1484dab5-624b-4acc-916e-b01afe2a28f7,Groww,com.nextbillion.groww,google_play_public_no_login_fetcher
Bad Experience. couldn't set up. they show PAN Number is wrong. but I put the correct number. 3rd class app.,,1,2026-09-14,play_store,,en,0,ac08031a-e7c4-472e-a5b5-9a368f8c6aa4,Groww,com.nextbillion.groww,google_play_public_no_login_fetcher
F U groww Bloody cheaters First they give out MF prime feature as free with hidden charges now they changed to more commission hence TER changed more than 0.6%,,1,2026-09-14,play_store,18.17.3,en,1,4634235e-4527-4888-8033-045c39754d28,Groww,com.nextbillion.groww,google_play_public_no_login_fetcher
good,,5,2026-09-14,play_store,18.15.1,en,0,ab0a5cac-3073-47d6-a3f8-518fe572560a,Groww,com.nextbillion.groww,google_play_public_no_login_fetcher
super hit,,5,2026-09-14,play_store,18.16.1,en,0,87f0e7a7-c81a-4e72-a5d4-c7d04be780aa,Groww,com.nextbillion.groww,google_play_public_no_login_fetcher
this app is very good 👍,,5,2026-09-14,play_store,18.15.1,en,0,46eaf526-2219-436b-8829-b252ae2b9ed5,Groww,com.nextbillion.groww,google_play_public_no_login_fetcher
only for learning,,1,2026-09-14,play_store,18.16.1,en,0,1276e52e-8f7e-4e0c-b63e-b7a7db3b265a,Groww,com.nextbillion.groww,google_play_public_no_login_fetcher
"Although Groww is a good app,but now with rising competition in the market ,like lemon ,sahi,flattrade,m.asset etc giving best brokerage free plans or minimal cost plans also to the users by paying minimal joining amount.Its a wonderful for option trading especially.I hope Groww will also look in to this and take quick change for further development",,5,2026-09-14,play_store,18.16.1,en,4,298db317-1f4a-4d23-b29b-6fd5d025c7c3,Groww,com.nextbillion.groww,google_play_public_no_login_fetcher
"gadhe ki ga#d app hai, bss spam mail p mail bhejte rehte hai, customer executive se call connect nhi hoti, account delete nhi hota,",,1,2026-09-14,play_store,18.17.3,en,1,aaa25484-b72a-4896-97ae-1b55f473bf0c,Groww,com.nextbillion.groww,google_play_public_no_login_fetcher
worst app.. lagging chart and i think they shared our data with big players.. i have been into this market for 4 years but whenever i take any trade in fnO even in my sureshot trade it hits my sl.. though app is good for investing i would not recommend for option trading... worst experience..,,1,2026-09-14,play_store,,en,0,9f5b56bf-43de-4e69-8b74-613b1fc79ba6,Groww,com.nextbillion.groww,google_play_public_no_login_fetcher
"One of the best broker app, I ever prefer",,5,2026-09-14,play_store,18.10.1,en,0,57523582-0ea4-4604-9126-8d764ef4b67c,Groww,com.nextbillion.groww,google_play_public_no_login_fetcher
"please allow the options of weekly STP, It will be beneficial for customers. There are lots of bugs that need to be fixed like the order placed not shown when it's done. Ultimately the customer support response is extremely slow.",,3,2026-09-14,play_store,18.17.3,en,3,811f2eeb-ec9b-40a2-90d0-e5f1f918c199,Groww,com.nextbillion.groww,google_play_public_no_login_fetcher
very nice 👍,,5,2026-09-14,play_store,18.13.2,en,0,319368d8-5a59-4521-9fa3-5803582e90b8,Groww,com.nextbillion.groww,google_play_public_no_login_fetcher
good,,5,2026-09-14,play_store,18.16.1,en,0,a257f9f3-772d-4d4c-bef3-24f08b495bb6,Groww,com.nextbillion.groww,google_play_public_no_login_fetcher
nice app,,5,2026-09-14,play_store,18.16.1,en,0,b968d6e0-9c7c-421c-91bc-bba335afd44c,Groww,com.nextbillion.groww,google_play_public_no_login_fetcher
good,,5,2026-09-14,play_store,,en,0,140fe721-fea7-4c38-a7e2-95880a40e21d,Groww,com.nextbillion.groww,google_play_public_no_login_fetcher
nice app 👌 👍,,5,2026-09-14,play_store,18.16.1,en,0,3d79322e-4fc4-483d-b414-c30eb9aa1308,Groww,com.nextbillion.groww,google_play_public_no_login_fetcher
best app for trading g stock investment,,5,2026-09-14,play_store,,en,0,8d9d8f97-c387-4813-8e10-15b8f7e17d84,Groww,com.nextbillion.groww,google_play_public_no_login_fetcher
very nice,,5,2026-09-14,play_store,18.16.1,en,0,6aa6769a-eee0-45b7-9558-cc84005f0162,Groww,com.nextbillion.groww,google_play_public_no_login_fetcher
excellent 👌,,5,2026-09-14,play_store,18.13.2,en,0,3e597fff-394a-45d5-840c-e97c21ac7321,Groww,com.nextbillion.groww,google_play_public_no_login_fetcher
good,,5,2026-09-14,play_store,18.16.1,en,0,9b9d9d01-8bed-4287-b260-6a906df10b8a,Groww,com.nextbillion.groww,google_play_public_no_login_fetcher
nice,,5,2026-09-14,play_store,18.15.1,en,0,b4e7c174-7199-4c1b-90fb-5a2dfdf8a4d8,Groww,com.nextbillion.groww,google_play_public_no_login_fetcher
good,,5,2026-09-14,play_store,18.16.1,en,0,5354a253-e8c2-48ae-bcfd-5727baeb475b,Groww,com.nextbillion.groww,google_play_public_no_login_fetcher
nice,,5,2026-09-14,play_store,18.16.1,en,0,1d2ffa2c-901e-4d6f-bfd8-9ffeef57a29a,Groww,com.nextbillion.groww,google_play_public_no_login_fetcher
excellent app,,5,2026-09-14,play_store,18.16.1,en,0,4e5aafce-8e16-496a-ab73-ac247855e56f,Groww,com.nextbillion.groww,google_play_public_no_login_fetcher
OUTSTANDING,,5,2026-09-14,play_store,18.16.1,en,0,8342c1e3-ff50-43e3-a760-9cfee14c0629,Groww,com.nextbillion.groww,google_play_public_no_login_fetcher
Hbi,,5,2026-09-14,play_store,18.16.1,en,0,4f218b87-1d52-4fee-9a06-c9bb75fb77b8,Groww,com.nextbillion.groww,google_play_public_no_login_fetcher
awesome,,5,2026-09-14,play_store,18.17.3,en,0,b52c33c8-e543-4695-bace-ff05d780fea9,Groww,com.nextbillion.groww,google_play_public_no_login_fetcher
"The current update made it worst experience. the indicators are not upto the mark, the back button drawer hides constantly, which results in selecting unwanted options. previous version was way better.",,1,2026-09-14,play_store,18.16.1,en,4,7e50569d-1c94-42a4-9fbb-4b08c6a0319f,Groww,com.nextbillion.groww,google_play_public_no_login_fetcher
option trading percentage does not shows 😔 example.12/-loss,,3,2026-09-14,play_store,18.17.3,en,2,b6bbf6dd-f91a-4258-8669-c85101a801b2,Groww,com.nextbillion.groww,google_play_public_no_login_fetcher
"kya ap app me barcode ka system dal sakte ho jisse ki hm kisi se sidhe isme payment lel le ,,,,,, isse jyada se jyada invest ho paega",,5,2026-09-14,play_store,18.16.1,en,0,2e08598c-9983-42f0-ba7e-b607acd13bcb,Groww,com.nextbillion.groww,google_play_public_no_login_fetcher
good 😊,,5,2026-09-14,play_store,18.16.1,en,0,c34c9a94-d36d-4acd-976b-b143acbb3b84,Groww,com.nextbillion.groww,google_play_public_no_login_fetcher
i like this app and it's feature only I don't like one thing which is need account reactivate with the document of 12 digit AADHAR. according to my point of view it is not necessary only need active bank account. govt never said that if want do trading or explore with any online trading app u must provide AADHAR. it is not the gud thing it's a privacy concern.,,1,2026-09-14,play_store,,en,0,921b6cad-8778-4da0-ab7d-fdda9c17b8a7,Groww,com.nextbillion.groww,google_play_public_no_login_fetcher
very best aap to trade,,5,2026-09-14,play_store,18.16.1,en,0,56d3afc3-14d7-43e7-84fc-5c5e9edbfa85,Groww,com.nextbillion.groww,google_play_public_no_login_fetcher
good 👍,,4,2026-09-14,play_store,18.14.2,en,0,4f85df28-b19d-4086-b6eb-28896f8ea1b9,Groww,com.nextbillion.groww,google_play_public_no_login_fetcher
worst app. Application not working in my phone. even after several complaints they didn't resolve my issue,,1,2026-09-14,play_store,18.16.1,en,1,b0bb985a-3eee-4e4d-8ebe-4f5ed33d329d,Groww,com.nextbillion.groww,google_play_public_no_login_fetcher
good,,5,2026-09-14,play_store,18.17.3,en,0,1290494e-4f10-4e19-b801-9902af283e97,Groww,com.nextbillion.groww,google_play_public_no_login_fetcher
very 👍 good,,5,2026-09-14,play_store,18.17.3,en,0,066b9e45-9a96-45e3-bbe6-f37fb02bd157,Groww,com.nextbillion.groww,google_play_public_no_login_fetcher
super,,5,2026-09-14,play_store,18.16.1,en,0,06699b0c-cc5c-4872-bc65-c6125d44a89f,Groww,com.nextbillion.groww,google_play_public_no_login_fetcher
Iam happy with app interface and easy usage. However why my app not Gr1 (AI) option? please clarify,,4,2026-09-14,play_store,18.16.1,en,0,576b8976-d829-404a-914b-345bd3bc8334,Groww,com.nextbillion.groww,google_play_public_no_login_fetcher
good,,5,2026-09-14,play_store,18.11.1,en,0,ccdda30c-b979-4924-9f76-b62c62a8db32,Groww,com.nextbillion.groww,google_play_public_no_login_fetcher
good app for all,,4,2026-09-14,play_store,18.15.1,en,0,8472e62d-e34b-486a-b67b-dd6df6ef848e,Groww,com.nextbillion.groww,google_play_public_no_login_fetcher
add FDs like another apps,,5,2026-09-14,play_store,18.16.1,en,0,b5344c54-abdd-44cc-9e7f-6037e37465c6,Groww,com.nextbillion.groww,google_play_public_no_login_fetcher
excellent we want to earn money from this app by trading,,5,2026-09-14,play_store,18.16.1,en,0,417f346a-174d-44cb-8a47-77e206c7cd4c,Groww,com.nextbillion.groww,google_play_public_no_login_fetcher
very good but iam always in loss,,5,2026-09-14,play_store,18.16.1,en,0,c31fc489-1325-4db5-b31e-d6763496138c,Groww,com.nextbillion.groww,google_play_public_no_login_fetcher
very good,,5,2026-09-14,play_store,18.16.1,en,0,448f0ef6-7d65-4c32-8d29-9d912df52a1d,Groww,com.nextbillion.groww,google_play_public_no_login_fetcher
nice,,5,2026-09-14,play_store,18.16.1,en,0,1b981845-f17f-4641-90c7-8c0f2f198650,Groww,com.nextbillion.groww,google_play_public_no_login_fetcher
good,,5,2026-09-14,play_store,18.16.1,en,0,0a49b28a-c92d-4cd0-b853-376c6c4480dd,Groww,com.nextbillion.groww,google_play_public_no_login_fetcher
good,,5,2026-09-14,play_store,18.16.1,en,0,27919bfe-2342-465a-be9e-9917fc1f7ea1,Groww,com.nextbillion.groww,google_play_public_no_login_fetcher
good,,5,2026-09-14,play_store,18.16.1,en,0,ce1181ef-6e77-454d-a087-998893e7188a,Groww,com.nextbillion.groww,google_play_public_no_login_fetcher
I am happy.,,5,2026-09-14,play_store,18.16.1,en,0,42e07a24-7ecc-40ab-b4a2-537b6d8841b5,Groww,com.nextbillion.groww,google_play_public_no_login_fetcher
good 👍,,5,2026-09-14,play_store,18.17.3,en,0,b8b7bf63-4dd8-488a-86ba-973ff3f75cd6,Groww,com.nextbillion.groww,google_play_public_no_login_fetcher
very good app,,5,2026-09-14,play_store,18.16.1,en,0,f69efe41-f8bc-4a31-8b2b-e7384f20cccf,Groww,com.nextbillion.groww,google_play_public_no_login_fetcher
good,,5,2026-09-14,play_store,18.17.3,en,0,5d745a8b-98ca-4610-b40f-41ed77a93a2e,Groww,com.nextbillion.groww,google_play_public_no_login_fetcher
nice app for business development.,,5,2026-09-14,play_store,18.16.1,en,0,86a08134-bf39-40d8-9467-522580176dfc,Groww,com.nextbillion.groww,google_play_public_no_login_fetcher
well app and running smoothly,,5,2026-09-14,play_store,18.17.3,en,0,3078fafc-adcb-4b6b-b3a4-de0a52d0c880,Groww,com.nextbillion.groww,google_play_public_no_login_fetcher
cool 😎,,5,2026-09-14,play_store,18.16.1,en,0,63d015cf-e000-46f1-bb44-dd00257a8f59,Groww,com.nextbillion.groww,google_play_public_no_login_fetcher
good,,5,2026-09-14,play_store,18.16.1,en,0,1a220bc0-248a-4846-95c1-900e3598d72b,Groww,com.nextbillion.groww,google_play_public_no_login_fetcher
wow,,5,2026-09-14,play_store,18.17.3,en,0,13b8533b-56c4-4cea-8c27-75eb3376a8c5,Groww,com.nextbillion.groww,google_play_public_no_login_fetcher
best aap,,4,2026-09-14,play_store,18.17.3,en,0,711968a6-3cd3-408c-a05e-098932593715,Groww,com.nextbillion.groww,google_play_public_no_login_fetcher
good,,5,2026-09-14,play_store,18.17.3,en,0,def73bf5-0095-4a29-96be-7b88f2097759,Groww,com.nextbillion.groww,google_play_public_no_login_fetcher
good,,5,2026-09-14,play_store,18.15.1,en,1,6d0a2d56-3094-49a2-b6e3-eae0e6d71257,Groww,com.nextbillion.groww,google_play_public_no_login_fetcher
super,,5,2026-09-14,play_store,18.12.1,en,0,b1f9f873-7adb-457c-b655-2876882ae38c,Groww,com.nextbillion.groww,google_play_public_no_login_fetcher
OK,,1,2026-09-14,play_store,18.17.3,en,0,61d249f8-dac0-4b88-8804-de18ccd596f0,Groww,com.nextbillion.groww,google_play_public_no_login_fetcher
one of the best broker app very useful and easy to understand every stock /ipo details and all .,,5,2026-09-14,play_store,18.17.3,en,1,e771f11f-9034-44c0-9660-10575064cdc4,Groww,com.nextbillion.groww,google_play_public_no_login_fetcher
"Good app for stock market investment and trading, now you can buy corporate bonds also",,5,2026-09-14,play_store,18.17.3,en,2,42bb1fda-48bb-40ca-bbaf-57d6cb99ffb5,Groww,com.nextbillion.groww,google_play_public_no_login_fetcher
good 👍,,5,2026-09-14,play_store,18.16.1,en,0,353a0615-0803-4a99-961b-7b284ec35371,Groww,com.nextbillion.groww,google_play_public_no_login_fetcher
Good,,5,2026-09-14,play_store,18.16.1,en,0,4a500535-584e-40c0-82c2-a97de1f4a54d,Groww,com.nextbillion.groww,google_play_public_no_login_fetcher
bahut hi achha hai customer support team is best working all customer happy,,5,2026-09-14,play_store,18.17.3,en,0,042f08c1-a6b2-4a3e-a803-79e6a523aca2,Groww,com.nextbillion.groww,google_play_public_no_login_fetcher
अभी तक तो groww के साथ यात्रा शानदार रही है। अपेक्षा है आगे और भी शानदार रहेगी।।,,5,2026-09-14,play_store,18.16.1,en,0,3790b883-f711-484f-98aa-76390e94ce2f,Groww,com.nextbillion.groww,google_play_public_no_login_fetcher
good,,5,2026-09-14,play_store,18.16.1,en,0,154b1b55-731b-44d2-800c-a788987aacd8,Groww,com.nextbillion.groww,google_play_public_no_login_fetcher
good,,5,2026-09-14,play_store,18.16.1,en,0,8faa6951-5aa6-46c0-82c9-508079bfd324,Groww,com.nextbillion.groww,google_play_public_no_login_fetcher
good aap,,4,2026-09-14,play_store,18.16.1,en,0,c16611e5-c7ff-4734-b9c6-d6a174c777bb,Groww,com.nextbillion.groww,google_play_public_no_login_fetcher
very nice app and strategies,,5,2026-09-14,play_store,18.17.3,en,0,3ac944fa-e592-4f57-8d28-d949bf75b047,Groww,com.nextbillion.groww,google_play_public_no_login_fetcher
good,,4,2026-09-14,play_store,18.16.1,en,0,43390ed3-7763-41ad-b515-08b81b04123e,Groww,com.nextbillion.groww,google_play_public_no_login_fetcher
"3rd class broker, my trading account showing blocked, not able to trade or do anything, all segment showing active i connect multiple time with support but nothing fixed by support, i filled teraform 20 time account still blocked.",,1,2026-09-14,play_store,18.17.3,en,1,b3c64c40-bd7b-40a9-986d-003a4b63c7d5,Groww,com.nextbillion.groww,google_play_public_no_login_fetcher
super hai,,4,2026-09-14,play_store,18.16.1,en,0,c8efb4ab-33bb-4b4e-9200-11aa773eeb60,Groww,com.nextbillion.groww,google_play_public_no_login_fetcher
over thanks,,5,2026-09-14,play_store,18.16.1,en,0,dd312bd8-f008-418e-8d78-801f44551c97,Groww,com.nextbillion.groww,google_play_public_no_login_fetcher
very good 👍,,5,2026-09-14,play_store,18.17.3,en,0,f7040d55-30fd-454a-9e74-e4422bcb9bd6,Groww,com.nextbillion.groww,google_play_public_no_login_fetcher
good,,5,2026-09-14,play_store,18.17.3,en,0,3cdc8107-c55a-415c-89bd-d148853b7538,Groww,com.nextbillion.groww,google_play_public_no_login_fetcher
"Good but,agar market holiday hai to agale din information Milana chaiye.",,5,2026-09-14,play_store,18.16.1,en,0,9c8df2c5-1c40-42b5-b911-dfc5971ce369,Groww,com.nextbillion.groww,google_play_public_no_login_fetcher
nise,,5,2026-09-14,play_store,18.16.1,en,1,7d656681-e5ca-4e30-aafc-a911cbfbd9d3,Groww,com.nextbillion.groww,google_play_public_no_login_fetcher
nice 👍,,5,2026-09-14,play_store,18.17.3,en,1,e0dae13a-3138-4d51-bede-01e452f70fe1,Groww,com.nextbillion.groww,google_play_public_no_login_fetcher
simple and fast,,5,2026-09-14,play_store,18.17.3,en,0,fd1838a2-1e19-4723-961e-f63c85d9738b,Groww,com.nextbillion.groww,google_play_public_no_login_fetcher
This groww srtocks and IPO apply best way and nice,,5,2026-09-14,play_store,18.17.3,en,2,26f00fc7-23cf-4c04-8a23-e4c2b6da3117,Groww,com.nextbillion.groww,google_play_public_no_login_fetcher
good,,5,2026-09-14,play_store,18.17.3,en,1,353345cb-d19b-4ba6-bd81-f71051861338,Groww,com.nextbillion.groww,google_play_public_no_login_fetcher
good,,5,2026-09-14,play_store,18.16.1,en,1,071f6283-2d2f-4122-bdbb-e1272eee2922,Groww,com.nextbillion.groww,google_play_public_no_login_fetcher
ok,,5,2026-09-14,play_store,18.16.1,en,0,1b1f0fa9-3674-4471-ac56-66becc4c09dc,Groww,com.nextbillion.groww,google_play_public_no_login_fetcher
very good,,5,2026-09-14,play_store,18.17.3,en,0,ca84fef3-c2d9-40c5-b871-beda98ffa1ea,Groww,com.nextbillion.groww,google_play_public_no_login_fetcher
nice,,5,2026-09-14,play_store,18.17.3,en,0,a03a9f05-3b56-449c-8d7b-033e0d1d02fa,Groww,com.nextbillion.groww,google_play_public_no_login_fetcher
good,,5,2026-09-14,play_store,18.16.1,en,0,ca6e6759-61dc-4c2c-9802-04bbbc14153f,Groww,com.nextbillion.groww,google_play_public_no_login_fetcher
good app,,5,2026-09-14,play_store,18.16.1,en,0,de0c7fc9-ef2b-40d7-8b9c-cb0c58673890,Groww,com.nextbillion.groww,google_play_public_no_login_fetcher
great 😃,,5,2026-09-14,play_store,18.16.1,en,1,b3822cf5-92d4-488b-8bea-f14245359bbf,Groww,com.nextbillion.groww,google_play_public_no_login_fetcher
nice,,5,2026-09-14,play_store,18.16.1,en,0,d17d37ae-7e35-4a8e-a7a7-1d21807f9339,Groww,com.nextbillion.groww,google_play_public_no_login_fetcher
Easy to operate. Easy to navigate,,5,2026-09-14,play_store,18.17.3,en,2,18c63e2e-c6d3-4b3c-8ca4-88f0be26b255,Groww,com.nextbillion.groww,google_play_public_no_login_fetcher
my sagison big platform but not leverage please add the option,,5,2026-09-14,play_store,18.13.2,en,0,9093a405-233d-4007-8c80-f72f1e67dfc9,Groww,com.nextbillion.groww,google_play_public_no_login_fetcher
"Grow means your wealth grow,this site is secure ,trustable,and easily to use, I m very happy to use it.",,5,2026-09-14,play_store,,en,0,100c774e-3904-4fc3-a742-65be0b5a2c12,Groww,com.nextbillion.groww,google_play_public_no_login_fetcher
good,,5,2026-09-14,play_store,18.17.3,en,0,0a4991be-fc9d-45cc-9aaf-ed05b3f582d1,Groww,com.nextbillion.groww,google_play_public_no_login_fetcher
good,,5,2026-09-14,play_store,18.17.3,en,0,d2675039-5b8d-495d-b51d-defb325ef2cf,Groww,com.nextbillion.groww,google_play_public_no_login_fetcher
nice,,5,2026-09-14,play_store,,en,0,eb027095-6da9-453f-9ddb-c7f2f02e8269,Groww,com.nextbillion.groww,google_play_public_no_login_fetcher
This app is very useful for trading.,,5,2026-09-14,play_store,18.16.1,en,0,06f9ffa5-a7b5-4b1d-8eec-ebdfc4f4918a,Groww,com.nextbillion.groww,google_play_public_no_login_fetcher
Just ok,,5,2026-09-14,play_store,18.16.1,en,0,dd66c2f8-9048-47d6-91ea-7dc4d56b86e9,Groww,com.nextbillion.groww,google_play_public_no_login_fetcher
nice,,5,2026-09-14,play_store,18.16.1,en,0,dc54607b-b6aa-4222-b79b-23bab786ccb2,Groww,com.nextbillion.groww,google_play_public_no_login_fetcher
thank you,,4,2026-09-14,play_store,18.16.1,en,0,37316c9b-e04f-4601-a473-8072ea8a1d37,Groww,com.nextbillion.groww,google_play_public_no_login_fetcher
when I started share market on Groww app this is easily to do work with Groww,,5,2026-09-14,play_store,18.16.1,en,0,75d0ad68-6bfb-4aa0-ae5a-fec851607b34,Groww,com.nextbillion.groww,google_play_public_no_login_fetcher
beautiful aap,,4,2026-09-14,play_store,18.13.2,en,0,d6caf318-4aad-4896-bd66-f454b570bcd3,Groww,com.nextbillion.groww,google_play_public_no_login_fetcher
nice,,1,2026-09-14,play_store,18.16.1,en,0,29655b6c-67ec-4b91-9153-3b817e00dac3,Groww,com.nextbillion.groww,google_play_public_no_login_fetcher
good,,5,2026-09-14,play_store,18.16.1,en,0,d3a98c43-2558-4c87-b0f3-25f9a10afabf,Groww,com.nextbillion.groww,google_play_public_no_login_fetcher
best,,5,2026-09-14,play_store,18.16.1,en,0,1d09e135-8a6e-41f3-be5f-78dc9c61bb7b,Groww,com.nextbillion.groww,google_play_public_no_login_fetcher
ucth.,,5,2026-09-13,play_store,,en,0,87774953-5ae9-4b57-88e7-d25ec8f1f694,Groww,com.nextbillion.groww,google_play_public_no_login_fetcher
Good,,5,2026-09-13,play_store,18.16.1,en,0,e2f23c22-739f-4c05-9798-0146b27f8c57,Groww,com.nextbillion.groww,google_play_public_no_login_fetcher
good,,5,2026-09-13,play_store,18.17.3,en,0,5ead9d44-60d0-49ea-b4a2-41b84bae1428,Groww,com.nextbillion.groww,google_play_public_no_login_fetcher
easy login and faster to create sip in less than 1 minute,,5,2026-09-13,play_store,18.17.3,en,0,39fcdb97-c968-4118-b7b4-9ab9ee0bd8bf,Groww,com.nextbillion.groww,google_play_public_no_login_fetcher
good trading app,,5,2026-09-13,play_store,18.16.1,en,0,02b342e1-1292-441b-9be2-33afe1de6d44,Groww,com.nextbillion.groww,google_play_public_no_login_fetcher
very very good Groww app,,5,2026-09-13,play_store,18.17.3,en,0,58df47b7-39e8-4e50-a391-71182468d540,Groww,com.nextbillion.groww,google_play_public_no_login_fetcher
srinu roja,,5,2026-09-13,play_store,,en,0,59310fe1-b315-47cb-b359-6175e539d83b,Groww,com.nextbillion.groww,google_play_public_no_login_fetcher
all is well,,5,2026-09-13,play_store,18.17.3,en,0,958bfb6a-f2e5-4607-aa16-69c0635f2744,Groww,com.nextbillion.groww,google_play_public_no_login_fetcher
referral not working,,1,2026-09-13,play_store,18.17.3,en,0,79c421a6-c5a2-41ab-9078-3538a6bd27e7,Groww,com.nextbillion.groww,google_play_public_no_login_fetcher
good,,5,2026-09-13,play_store,18.16.1,en,0,c7e1689f-d397-4938-b2a8-818dd2465768,Groww,com.nextbillion.groww,google_play_public_no_login_fetcher
I am so sad because pehle ka candle dikh hi nahi Raha 5 minutes pe please solve,,2,2026-09-13,play_store,,en,1,438be5fd-6bf0-4803-85ad-93d004f14fc8,Groww,com.nextbillion.groww,google_play_public_no_login_fetcher
I am very happy this app very good,,5,2026-09-13,play_store,18.16.1,en,0,a3e56614-8779-4dfc-9046-75983f33e063,Groww,com.nextbillion.groww,google_play_public_no_login_fetcher
new york app,,5,2026-09-13,play_store,18.17.3,en,0,e6e31fc3-d792-4878-8e11-e0090aa7affa,Groww,com.nextbillion.groww,google_play_public_no_login_fetcher
many charts are not updated regularly for example on date 12/09/2026 check on groww app crude oil charts daily time frame 11/09/2026 not seen often many skript chart not updated regularly it very difficult to use groww,,1,2026-09-13,play_store,18.16.1,en,1,ce54c299-609d-48df-af50-2a519cb810ff,Groww,com.nextbillion.groww,google_play_public_no_login_fetcher
very fast withdrobal f&O 1 cleck est very nice 👌,,5,2026-09-13,play_store,18.17.3,en,0,f377a276-d9e8-49cf-9b2b-fbc7f248ddd9,Groww,com.nextbillion.groww,google_play_public_no_login_fetcher
good 💯,,5,2026-09-13,play_store,18.16.1,en,0,b9701ec5-6193-4990-aea4-50417b486c94,Groww,com.nextbillion.groww,google_play_public_no_login_fetcher
good 💯💯💯,,4,2026-09-13,play_store,18.13.2,en,0,98ab954e-c0b0-41da-88b6-f0a337d77bf1,Groww,com.nextbillion.groww,google_play_public_no_login_fetcher
great,,4,2026-09-13,play_store,18.16.1,en,0,2a9a565c-85c1-4b2c-9ee0-1fdce44e30e1,Groww,com.nextbillion.groww,google_play_public_no_login_fetcher
very good app,,5,2026-09-13,play_store,18.16.1,en,0,837db772-6e00-45aa-a3f2-45966be0c0a0,Groww,com.nextbillion.groww,google_play_public_no_login_fetcher
it's great plat farm to investing guid,,5,2026-09-13,play_store,,en,0,124c3187-bb38-438a-a957-e817b026fa5d,Groww,com.nextbillion.groww,google_play_public_no_login_fetcher
good lai chan,,5,2026-09-13,play_store,18.17.3,en,1,27a047f1-5afc-4367-b7be-0af6deee73c4,Groww,com.nextbillion.groww,google_play_public_no_login_fetcher
you,,5,2026-09-13,play_store,18.16.1,en,0,3f13d4cb-36b9-40bc-954a-a5ad64414870,Groww,com.nextbillion.groww,google_play_public_no_login_fetcher
good,,5,2026-09-13,play_store,18.17.3,en,0,0586755f-f37f-4e81-858e-ab93c2d99c0e,Groww,com.nextbillion.groww,google_play_public_no_login_fetcher
best,,5,2026-09-13,play_store,18.16.1,en,0,605e7a1c-5ce5-42f6-a745-30955c9b7296,Groww,com.nextbillion.groww,google_play_public_no_login_fetcher
ok,,5,2026-09-13,play_store,18.17.3,en,0,8afb90fc-199b-43aa-ba11-f42a174f5d47,Groww,com.nextbillion.groww,google_play_public_no_login_fetcher
worst service one day your money will stuck but they will never reply to your requested support and mails,,2,2026-09-13,play_store,18.16.1,en,0,26c8cd5d-8af4-40b2-85b2-df23bb638147,Groww,com.nextbillion.groww,google_play_public_no_login_fetcher
Amazing,,5,2026-09-13,play_store,,en,0,69b4f0dc-e5a5-46e3-9465-2e55c0fadbea,Groww,com.nextbillion.groww,google_play_public_no_login_fetcher
good 👍🏻,,3,2026-09-13,play_store,18.16.1,en,0,6a0eab3a-4ffc-4b82-ac80-27e2dcad985d,Groww,com.nextbillion.groww,google_play_public_no_login_fetcher
best,,5,2026-09-13,play_store,18.11.1,en,0,40bc6312-185d-42f4-b732-eca60ff9ddaa,Groww,com.nextbillion.groww,google_play_public_no_login_fetcher
"using it since a year and I can say that it has good interface but it's the highest-charging app. Hidden charges on cancelled/unexecuted orders eat up most of your F&O profit. Withdrawals take 5-7 days and support is unhelpful. Not recommended if you are trading with low profit margin as you will be loser even with profit, grow will eat all your profit through margin and charges.",,1,2026-09-13,play_store,18.16.1,en,17,3cfb3c39-de11-43dd-baf3-ab48b1444dd6,Groww,com.nextbillion.groww,google_play_public_no_login_fetcher
badiya hai,,5,2026-09-13,play_store,18.16.1,en,0,f1c96545-73c5-4b6b-bf94-c501d036524c,Groww,com.nextbillion.groww,google_play_public_no_login_fetcher
support system nahin Hai groww mein Mera account unfridge nahin ho nahin ho raha hai kahin month se TRAI kar raha hai,,1,2026-09-13,play_store,18.16.1,en,0,fd690baf-b3c4-4295-b837-3a03a27ee0ca,Groww,com.nextbillion.groww,google_play_public_no_login_fetcher
good.,,5,2026-09-13,play_store,18.16.1,en,0,c70a7a7c-5a66-4743-bd98-4d00968fee65,Groww,com.nextbillion.groww,google_play_public_no_login_fetcher
good,,5,2026-09-13,play_store,,en,0,52435168-c9b2-4539-93b4-1017f65e8956,Groww,com.nextbillion.groww,google_play_public_no_login_fetcher
super hero,,5,2026-09-13,play_store,18.16.1,en,0,e30163eb-f500-450b-8f33-ece102f10a62,Groww,com.nextbillion.groww,google_play_public_no_login_fetcher
good,,5,2026-09-13,play_store,18.17.3,en,0,14cff045-7454-485f-a9e1-198575ee84d0,Groww,com.nextbillion.groww,google_play_public_no_login_fetcher
nice app,,4,2026-09-13,play_store,18.15.1,en,0,0f95d303-7f77-409c-b57b-080d2314fe8f,Groww,com.nextbillion.groww,google_play_public_no_login_fetcher
good,,5,2026-09-13,play_store,18.16.1,en,0,90fbe56c-d664-40c9-9ec0-3f86500482a5,Groww,com.nextbillion.groww,google_play_public_no_login_fetcher
Good for me 😃,,5,2026-09-13,play_store,18.17.3,en,0,87821c8c-7b03-472f-ae6e-03025ffa50f1,Groww,com.nextbillion.groww,google_play_public_no_login_fetcher
👍👍👍,,5,2026-09-13,play_store,18.17.3,en,0,cfe232df-8d4d-4aba-b21f-27702ca4ea0e,Groww,com.nextbillion.groww,google_play_public_no_login_fetcher
good morning,,5,2026-09-13,play_store,,en,0,9cc38b17-89c8-40de-90e5-c3b89480fd5a,Groww,com.nextbillion.groww,google_play_public_no_login_fetcher
🥕,,4,2026-09-13,play_store,18.16.1,en,0,c71e5eea-6604-446a-b75c-cfe30f60cbb4,Groww,com.nextbillion.groww,google_play_public_no_login_fetcher
good,,5,2026-09-13,play_store,18.16.1,en,0,f0112417-faa2-49d2-85fd-1f51d0371e75,Groww,com.nextbillion.groww,google_play_public_no_login_fetcher
"Best app, easy to use. Quick deposit and withdrawals available. Customer service support is also very good.",,5,2026-09-13,play_store,18.1.1,en,4,0f36719b-625c-433b-9b53-cd5bc2c30aef,Groww,com.nextbillion.groww,google_play_public_no_login_fetcher
super,,5,2026-09-13,play_store,18.16.1,en,0,f06303ca-b9f5-4f9c-a0f5-30fe91c310da,Groww,com.nextbillion.groww,google_play_public_no_login_fetcher
goods👍👍👍👍👍,,5,2026-09-13,play_store,,en,0,76fbbbfa-e61b-4945-af0c-eff51faaa594,Groww,com.nextbillion.groww,google_play_public_no_login_fetcher
nise,,5,2026-09-13,play_store,,en,0,9f83f723-ee1e-4918-8295-7938d64a0deb,Groww,com.nextbillion.groww,google_play_public_no_login_fetcher
good 😊💯,,5,2026-09-13,play_store,18.16.1,en,0,f09975b0-eca1-4cef-bf91-9ca346994f0d,Groww,com.nextbillion.groww,google_play_public_no_login_fetcher
good,,5,2026-09-13,play_store,18.17.3,en,0,1e2dd781-b5b4-43ba-9840-cf47567eebb1,Groww,com.nextbillion.groww,google_play_public_no_login_fetcher
Easy to understand,,5,2026-09-13,play_store,18.16.1,en,0,bbf42b73-0220-47e2-ad16-626c8ea7e39e,Groww,com.nextbillion.groww,google_play_public_no_login_fetcher
Nice 👍,,5,2026-09-13,play_store,18.16.1,en,0,c08f6762-34aa-4ba7-b9ab-1dbbd5e91ef3,Groww,com.nextbillion.groww,google_play_public_no_login_fetcher
good,,5,2026-09-13,play_store,18.13.2,en,0,d1370dc8-09af-4f1a-aeea-51ed444264f0,Groww,com.nextbillion.groww,google_play_public_no_login_fetcher
❤️,,5,2026-09-13,play_store,18.16.1,en,0,d421b7d8-d377-4037-b513-d8f0fe37e28d,Groww,com.nextbillion.groww,google_play_public_no_login_fetcher
jio digital life jio Jai shree ram,,5,2026-09-13,play_store,,en,0,0a1e6c8e-f79c-4710-af3e-55ee73b4561e,Groww,com.nextbillion.groww,google_play_public_no_login_fetcher
very easy to use and safe,,5,2026-09-13,play_store,,en,0,11893d20-d063-46ac-952e-3d08b112e179,Groww,com.nextbillion.groww,google_play_public_no_login_fetcher
good app and very easy to use app,,5,2026-09-13,play_store,18.16.1,en,0,082cc65a-4dca-420e-ab19-f5de449ae6ac,Groww,com.nextbillion.groww,google_play_public_no_login_fetcher
good for.......bigner,,4,2026-09-13,play_store,18.16.1,en,0,dddecff8-27d9-468b-96f1-da21d303ec3d,Groww,com.nextbillion.groww,google_play_public_no_login_fetcher
nice,,5,2026-09-13,play_store,18.16.1,en,0,2dadb0db-38a6-4238-a7f9-92ee1449e3cc,Groww,com.nextbillion.groww,google_play_public_no_login_fetcher
I can't proceed to the e sighing please,,1,2026-09-13,play_store,18.16.1,en,0,5fb63e3e-1794-41d8-ae7a-e7ebdc469101,Groww,com.nextbillion.groww,google_play_public_no_login_fetcher
too much promotions,,1,2026-09-13,play_store,,en,0,0322fc4e-47d7-42aa-b660-bef2554a0dea,Groww,com.nextbillion.groww,google_play_public_no_login_fetcher
your service good fast working network,,5,2026-09-13,play_store,18.16.1,en,0,2b04ada5-cad5-42b7-a597-ecdfabfddc9e,Groww,com.nextbillion.groww,google_play_public_no_login_fetcher
good app,,4,2026-09-13,play_store,18.16.1,en,0,2d6d80ae-873d-4310-ba94-ecf03e4e52c8,Groww,com.nextbillion.groww,google_play_public_no_login_fetcher
nice,,5,2026-09-13,play_store,18.16.1,en,0,fb7238db-6150-488b-afbc-1de34726d203,Groww,com.nextbillion.groww,google_play_public_no_login_fetcher
👍👍👍,,5,2026-09-13,play_store,18.17.3,en,0,bdb3dba3-b671-4b86-9f64-5c34fbe1eae7,Groww,com.nextbillion.groww,google_play_public_no_login_fetcher
I like,,5,2026-09-13,play_store,18.16.1,en,0,27a1a32a-8088-466b-a45f-dc7ee8b46d58,Groww,com.nextbillion.groww,google_play_public_no_login_fetcher
nice,,5,2026-09-13,play_store,18.16.1,en,0,239afc79-41bc-4e92-8bd3-289cf7e07393,Groww,com.nextbillion.groww,google_play_public_no_login_fetcher
good 👍🏻😊,,5,2026-09-13,play_store,,en,0,00afa131-030e-4e9d-aaab-1b126fa0de69,Groww,com.nextbillion.groww,google_play_public_no_login_fetcher
good,,3,2026-09-13,play_store,18.15.1,en,0,de0271a5-29af-4ed4-b2c9-cbeb28910c5d,Groww,com.nextbillion.groww,google_play_public_no_login_fetcher
grow is good,,5,2026-09-13,play_store,18.16.1,en,1,4a54d21e-4af9-4ed7-b6cb-eedb1110329e,Groww,com.nextbillion.groww,google_play_public_no_login_fetcher
good experience 😃,,5,2026-09-13,play_store,18.16.1,en,0,30625414-451f-407e-b6e6-88bb78f36aa0,Groww,com.nextbillion.groww,google_play_public_no_login_fetcher
"FUNDS NOT SAFE..CHECK YOUR FUNDS AND ORDER EVERYDAY..LOOSE LOT OF MONEY N NO HELP BUT GROWW BLAME US. WRONG INFO. GIVEN. BIG CHEAT. Even Mutual Funds, price shows 11% increase and when you Redeem, it shows 11% loss. Check price of LIC MF GOLD ETF( 10/08/25,showing 11% increase but actually it is -11% decrease when you redeem). Agents and Supervisors says computer glitch. Customer's looses heavyly in Groww.",,1,2026-09-13,play_store,18.16.1,en,0,56f56fc9-aaa3-43e5-8ff3-58dc61b758b2,Groww,com.nextbillion.groww,google_play_public_no_login_fetcher
Bekar app h. bekar service,,1,2026-09-13,play_store,18.13.2,en,0,672e52d9-570b-4407-abf8-0e86d05ce55a,Groww,com.nextbillion.groww,google_play_public_no_login_fetcher
verry good,,5,2026-09-13,play_store,18.17.3,en,1,abbf47f0-0420-45d0-b1e8-9f9cac0be096,Groww,com.nextbillion.groww,google_play_public_no_login_fetcher
good but interface of angle one is much better than groww,,4,2026-09-13,play_store,18.16.0,en,0,5840f425-4a23-4b30-93f1-e175d6fac6f0,Groww,com.nextbillion.groww,google_play_public_no_login_fetcher
"why can't one sell sme ipo alloted the same day at lower circuit,many people incurred huge losses bcoz of this , other appaa allowed this please do the needful",,1,2026-09-13,play_store,18.17.3,en,1,7ad72eba-8c42-431c-9907-7c16c59a4939,Groww,com.nextbillion.groww,google_play_public_no_login_fetcher
acha hai naye logon ke liye ek ummed hai share market janne ka good plate form,,5,2026-09-13,play_store,18.17.3,en,1,f65994e0-aa69-41f4-924d-6f4ef1def57e,Groww,com.nextbillion.groww,google_play_public_no_login_fetcher
good,,5,2026-09-13,play_store,18.17.3,en,1,11445af6-3ec5-4aac-a3b3-6f3be52646e8,Groww,com.nextbillion.groww,google_play_public_no_login_fetcher
good 👍,,5,2026-09-13,play_store,18.17.3,en,0,fd67b6dd-e11e-4084-9a2a-88e5d8bf562c,Groww,com.nextbillion.groww,google_play_public_no_login_fetcher
good 👍 app,,5,2026-09-13,play_store,18.16.1,en,1,8ecc0c92-c829-4c83-a96c-5535c8135c64,Groww,com.nextbillion.groww,google_play_public_no_login_fetcher
very good,,5,2026-09-13,play_store,18.16.1,en,0,ceddea76-0026-49ea-a7b1-dddf65c36712,Groww,com.nextbillion.groww,google_play_public_no_login_fetcher
nice,,5,2026-09-13,play_store,,en,1,34c00088-2c39-4da5-aa8e-93347fb1f62a,Groww,com.nextbillion.groww,google_play_public_no_login_fetcher
good aps,,2,2026-09-13,play_store,,en,0,f144aa72-ae3d-43aa-8510-731efa777733,Groww,com.nextbillion.groww,google_play_public_no_login_fetcher
good excess,,5,2026-09-13,play_store,18.16.1,en,0,d9a19c60-a088-443c-95a9-6866095ef652,Groww,com.nextbillion.groww,google_play_public_no_login_fetcher
op,,5,2026-09-13,play_store,,en,0,d2dc6fb9-f8ba-4375-bfed-1530bcf3d83a,Groww,com.nextbillion.groww,google_play_public_no_login_fetcher
all good but redemption payment is long process,,4,2026-09-13,play_store,18.17.3,en,1,0ca74dff-7cf9-4f82-b55d-37bf60a600fd,Groww,com.nextbillion.groww,google_play_public_no_login_fetcher
good,,5,2026-09-13,play_store,18.17.3,en,0,8c0f7111-b1e5-4414-8aae-a07bdffd7ec9,Groww,com.nextbillion.groww,google_play_public_no_login_fetcher
very good 👍,,5,2026-09-13,play_store,18.16.1,en,0,b84252c4-4532-4d8c-9844-1a0a7932029a,Groww,com.nextbillion.groww,google_play_public_no_login_fetcher
good,,5,2026-09-13,play_store,18.16.0,en,0,427e61c3-4468-4c82-8850-d7a69897c6e2,Groww,com.nextbillion.groww,google_play_public_no_login_fetcher
Sometimes the app glitches causing trouble in order execution.,,4,2026-09-13,play_store,18.16.1,en,0,87f75282-bf49-4bc5-9823-67c24ffd9b3b,Groww,com.nextbillion.groww,google_play_public_no_login_fetcher
good,,5,2026-09-13,play_store,18.17.3,en,0,38100fd3-19c2-4c45-afef-40d6bbb86437,Groww,com.nextbillion.groww,google_play_public_no_login_fetcher
good app,,5,2026-09-13,play_store,18.16.1,en,0,25d820e8-13c7-4ee7-b090-6a13ef9a090a,Groww,com.nextbillion.groww,google_play_public_no_login_fetcher
Sunny Singh,,5,2026-09-13,play_store,18.15.1,en,0,59db4153-c3c2-4ed8-8d0c-1c245cbb7063,Groww,com.nextbillion.groww,google_play_public_no_login_fetcher
good,,5,2026-09-13,play_store,18.15.1,en,0,20bbbe16-456d-415e-a95c-cb6c8adcba0b,Groww,com.nextbillion.groww,google_play_public_no_login_fetcher
Good,,5,2026-09-13,play_store,18.17.3,en,0,f27da96d-8c67-4ab3-8dfe-f53d664868b4,Groww,com.nextbillion.groww,google_play_public_no_login_fetcher
😲,,5,2026-09-13,play_store,18.13.2,en,0,c08d6979-ae9c-4914-a1a9-0ef26890492e,Groww,com.nextbillion.groww,google_play_public_no_login_fetcher
user friendly 💛,,5,2026-09-13,play_store,18.16.1,en,0,b4fc7994-9563-4f72-9207-774d2d5679fb,Groww,com.nextbillion.groww,google_play_public_no_login_fetcher
ok,,5,2026-09-13,play_store,18.17.3,en,0,d193053e-7a09-4510-9f33-0f402d402683,Groww,com.nextbillion.groww,google_play_public_no_login_fetcher
Need more improvisation,,3,2026-09-13,play_store,,en,1,55aabbdc-f703-478a-92d4-08d04ddadbd7,Groww,com.nextbillion.groww,google_play_public_no_login_fetcher
"new 3D fh एलए एटी 5गज ए 4, 3झा री टीके 1,))५४६,",,2,2026-09-13,play_store,,en,0,58ec7d2d-17fa-4c6b-9a2b-3b8d3392bc31,Groww,com.nextbillion.groww,google_play_public_no_login_fetcher
great,,5,2026-09-13,play_store,18.16.1,en,0,16bb8a65-087e-483b-8bc3-e995a1c69ff3,Groww,com.nextbillion.groww,google_play_public_no_login_fetcher
Nice,,4,2026-09-13,play_store,18.12.1,en,0,ac0c87de-00f1-44af-82d6-9c4b9561c675,Groww,com.nextbillion.groww,google_play_public_no_login_fetcher
👍,,5,2026-09-13,play_store,18.16.1,en,0,454af8f9-459c-400c-b422-dc74312cc45a,Groww,com.nextbillion.groww,google_play_public_no_login_fetcher
Excellent,,5,2026-09-13,play_store,18.16.1,en,0,5aedeaae-88a6-442a-83e4-02e4a98daf63,Groww,com.nextbillion.groww,google_play_public_no_login_fetcher
Nice,,4,2026-09-13,play_store,18.16.1,en,0,d27eafe6-8de0-4f72-831b-2e5fc810a38e,Groww,com.nextbillion.groww,google_play_public_no_login_fetcher
best,,5,2026-09-13,play_store,18.8.1,en,0,dd16dede-eb0f-48ec-b429-8e62ad1809c1,Groww,com.nextbillion.groww,google_play_public_no_login_fetcher
nice I like it,,5,2026-09-13,play_store,18.16.1,en,0,0e18606b-a5e7-4f89-a57a-6b47957117ac,Groww,com.nextbillion.groww,google_play_public_no_login_fetcher
Very very worst Oi and Oi cheg not show and not support worst update this groww application,,1,2026-09-13,play_store,18.16.1,en,0,7a5b394b-7f19-4160-b191-e84c122251b1,Groww,com.nextbillion.groww,google_play_public_no_login_fetcher
good and best app for tread sip,,5,2026-09-13,play_store,18.17.3,en,0,97e93ec8-c868-4a0d-b68c-accac9135fb2,Groww,com.nextbillion.groww,google_play_public_no_login_fetcher
Simple and best,,5,2026-09-13,play_store,18.17.3,en,0,c6453497-6491-4bb9-84d2-d6f6ea897747,Groww,com.nextbillion.groww,google_play_public_no_login_fetcher
emailed and contacted many times for closure of account but nothing happened,,1,2026-09-13,play_store,18.16.1,en,1,10597c27-3987-4440-ae1b-4dbae259e004,Groww,com.nextbillion.groww,google_play_public_no_login_fetcher
groww super,,5,2026-09-13,play_store,18.16.1,en,0,c7632b23-682e-450a-a0ea-778ee28b2077,Groww,com.nextbillion.groww,google_play_public_no_login_fetcher
Best app,,5,2026-09-13,play_store,18.17.3,en,0,4be8b1d6-2e6d-4385-ac4f-800123430719,Groww,com.nextbillion.groww,google_play_public_no_login_fetcher
good💯℅,,5,2026-09-13,play_store,18.16.1,en,0,a99ff8a0-f25e-47c9-bd69-493a8c0c9b62,Groww,com.nextbillion.groww,google_play_public_no_login_fetcher
good,,5,2026-09-13,play_store,18.17.3,en,0,5d624452-bfb9-4fa8-bd7c-53ae1d649793,Groww,com.nextbillion.groww,google_play_public_no_login_fetcher
nice,,5,2026-09-13,play_store,18.17.3,en,0,5438f35b-1627-4830-8934-8a6625f774ca,Groww,com.nextbillion.groww,google_play_public_no_login_fetcher
good,,5,2026-09-13,play_store,18.16.1,en,0,650a59ec-e75f-400f-856b-a91b822bef7c,Groww,com.nextbillion.groww,google_play_public_no_login_fetcher
ha vv2 by xxx26,,2,2026-09-13,play_store,,en,0,ac1c0f2d-b0b1-4df0-ac75-b802dde559ec,Groww,com.nextbillion.groww,google_play_public_no_login_fetcher
most app,,5,2026-09-13,play_store,18.16.1,en,0,dc56f9ee-cd21-4460-8c12-3a9de4606f4f,Groww,com.nextbillion.groww,google_play_public_no_login_fetcher
good app,,4,2026-09-13,play_store,18.16.1,en,0,d00e0d2a-5d5a-4038-a36e-aba35471c14e,Groww,com.nextbillion.groww,google_play_public_no_login_fetcher
good👍,,5,2026-09-13,play_store,18.16.1,en,0,f4da37f4-0659-4c8b-bc0b-a7a61e5fbd55,Groww,com.nextbillion.groww,google_play_public_no_login_fetcher
very good application. very easy to use,,5,2026-09-13,play_store,18.17.3,en,0,9463ca7e-8ef6-47aa-9ad1-7c39d4b7b403,Groww,com.nextbillion.groww,google_play_public_no_login_fetcher
very nice working application,,5,2026-09-12,play_store,18.16.1,en,0,41c3c2a2-5d7c-4cb8-9f30-8c5fc34f62db,Groww,com.nextbillion.groww,google_play_public_no_login_fetcher
very nice,,5,2026-09-12,play_store,18.16.1,en,0,f4c5f706-400b-474d-be0f-c9bac3348398,Groww,com.nextbillion.groww,google_play_public_no_login_fetcher
excellence,,4,2026-09-12,play_store,18.17.3,en,1,c736665e-2475-41d9-8c80-01d3ddab05ba,Groww,com.nextbillion.groww,google_play_public_no_login_fetcher
goog good very good,,5,2026-09-12,play_store,18.17.3,en,0,5121de54-5f3e-4f87-bc10-c5c8614405a6,Groww,com.nextbillion.groww,google_play_public_no_login_fetcher
👍🏻,,3,2026-09-12,play_store,18.17.3,en,0,2c6eef60-101b-41f1-b0bf-ede57221a31b,Groww,com.nextbillion.groww,google_play_public_no_login_fetcher
Easy to use.,,5,2026-09-12,play_store,18.16.1,en,0,818d793c-8521-452d-8d60-51de76853105,Groww,com.nextbillion.groww,google_play_public_no_login_fetcher
love you,,5,2026-09-12,play_store,18.17.2,en,0,2e966ccc-1bbf-4e2d-bec6-2930e24e10a7,Groww,com.nextbillion.groww,google_play_public_no_login_fetcher
best,,5,2026-09-12,play_store,18.17.3,en,0,7a5b334e-6bd7-4dfb-a545-d835236219b8,Groww,com.nextbillion.groww,google_play_public_no_login_fetcher
Good,,5,2026-09-12,play_store,18.16.1,en,0,0c86338b-9412-4cca-8191-2669625c8c29,Groww,com.nextbillion.groww,google_play_public_no_login_fetcher
ok,,5,2026-09-12,play_store,18.16.1,en,0,7202981c-50f8-4626-b6eb-9aec6dca3ebc,Groww,com.nextbillion.groww,google_play_public_no_login_fetcher
hanging lagging automatic buy and sell triggered geting pathetic day by day specially after latest update,,1,2026-09-12,play_store,18.17.3,en,0,236bce0a-a0fb-4f39-884f-c0731c198cda,Groww,com.nextbillion.groww,google_play_public_no_login_fetcher
good 👍,,3,2026-09-12,play_store,18.16.0,en,0,69681347-b4dc-4a5b-aa9a-f64ead31fc88,Groww,com.nextbillion.groww,google_play_public_no_login_fetcher
very nice,,5,2026-09-12,play_store,18.16.1,en,0,5a7c815d-acf8-4d9a-9454-764682539caa,Groww,com.nextbillion.groww,google_play_public_no_login_fetcher
good,,5,2026-09-12,play_store,18.16.1,en,0,1df6b895-414f-4e67-8b00-0cb41145909a,Groww,com.nextbillion.groww,google_play_public_no_login_fetcher
Great app,,5,2026-09-12,play_store,18.16.1,en,0,27ffe999-c53e-43ed-b8c7-5ad3c173ef64,Groww,com.nextbillion.groww,google_play_public_no_login_fetcher
good,,5,2026-09-12,play_store,18.16.1,en,0,95acbada-5394-498c-a036-47c06cf941d9,Groww,com.nextbillion.groww,google_play_public_no_login_fetcher
good experience,,5,2026-09-12,play_store,18.16.1,en,0,fa697257-c679-4ea0-a54c-b4371eada6d4,Groww,com.nextbillion.groww,google_play_public_no_login_fetcher
This is an excellent app. I have amended my Google review. because I am using this app since sep 2023 and am now a satisfied customer.,,5,2026-09-12,play_store,18.16.1,en,10831,e00116c8-0b66-47ab-a5a3-1f586cf47bd5,Groww,com.nextbillion.groww,google_play_public_no_login_fetcher
good,,5,2026-09-12,play_store,18.10.1,en,0,aa2ba3ff-6df6-49dd-9a62-9c66c25add03,Groww,com.nextbillion.groww,google_play_public_no_login_fetcher
nice,,3,2026-09-12,play_store,,en,0,30c22811-6d49-4f18-aadb-feb8955123c8,Groww,com.nextbillion.groww,google_play_public_no_login_fetcher
withdrawal me time jada lagta hai,,1,2026-09-12,play_store,,en,0,14183263-25e0-4e1d-9c02-544c1fc75c52,Groww,com.nextbillion.groww,google_play_public_no_login_fetcher
super,,5,2026-09-12,play_store,18.17.3,en,0,303bf9cf-7b49-4272-b503-15fabaf568f9,Groww,com.nextbillion.groww,google_play_public_no_login_fetcher
traditional,,5,2026-09-12,play_store,18.9.0,en,0,0ede8774-afca-44f8-b5cf-0fe457d032b0,Groww,com.nextbillion.groww,google_play_public_no_login_fetcher
please ban this app,,1,2026-09-12,play_store,,en,0,c202d3b3-ce1e-4c74-8026-b23c07e22d27,Groww,com.nextbillion.groww,google_play_public_no_login_fetcher
best but indicator delete option not easy to use,,3,2026-09-12,play_store,18.17.3,en,0,ccbfebfa-4a5a-464f-b76e-5b9bf7a99abe,Groww,com.nextbillion.groww,google_play_public_no_login_fetcher
over charges,,1,2026-09-12,play_store,18.16.1,en,0,4772d9ca-ba60-4d86-9a8d-99de42487971,Groww,com.nextbillion.groww,google_play_public_no_login_fetcher
Better to other,,2,2026-09-12,play_store,16.99,en,0,f06521f6-9583-40d0-b3e9-e30aaa5368b7,Groww,com.nextbillion.groww,google_play_public_no_login_fetcher
very good,,5,2026-09-12,play_store,18.17.3,en,0,4b2f10a2-7be0-4529-91bd-edba9f31bc60,Groww,com.nextbillion.groww,google_play_public_no_login_fetcher
good,,5,2026-09-12,play_store,18.16.1,en,0,5a9a6033-830e-4568-ae0a-baad92b4b179,Groww,com.nextbillion.groww,google_play_public_no_login_fetcher
good,,5,2026-09-12,play_store,18.16.1,en,1,e196d36e-a4aa-43e5-9149-3b75a99d4c96,Groww,com.nextbillion.groww,google_play_public_no_login_fetcher
ok,,5,2026-09-12,play_store,18.17.3,en,0,5117721a-d1e8-442a-bcf8-56fe171cf2dd,Groww,com.nextbillion.groww,google_play_public_no_login_fetcher
op app👍,,5,2026-09-12,play_store,,en,0,c171f777-8c7e-4a27-92cc-0dd7d5af4dd1,Groww,com.nextbillion.groww,google_play_public_no_login_fetcher
good,,1,2026-09-12,play_store,18.17.3,en,0,2b426ba1-5977-4156-acaa-3fa9b5a86dd2,Groww,com.nextbillion.groww,google_play_public_no_login_fetcher
super 👍,,5,2026-09-12,play_store,18.16.1,en,0,4997d664-5b44-4004-8cb0-d66e4e1ac8ce,Groww,com.nextbillion.groww,google_play_public_no_login_fetcher
amazing app,,5,2026-09-12,play_store,18.16.1,en,0,687e7948-37cb-4400-b2d0-718bb259cc43,Groww,com.nextbillion.groww,google_play_public_no_login_fetcher
nowadays this app work too slowly everything feels laggy we can't see Even how many stocks we pledged and we can't see our balance properly too many glitches,,5,2026-09-12,play_store,,en,0,c9f2102b-5acd-4c3a-8d87-0cfd12c361e5,Groww,com.nextbillion.groww,google_play_public_no_login_fetcher
real trust ❤️❤️,,5,2026-09-12,play_store,18.16.1,en,0,0a6598e2-2020-4a9b-ba34-47db0c433179,Groww,com.nextbillion.groww,google_play_public_no_login_fetcher
wonderful 😊 for life,,5,2026-09-12,play_store,18.16.1,en,0,cdd1646a-45ac-4255-b425-e1c99ccd89a4,Groww,com.nextbillion.groww,google_play_public_no_login_fetcher
too much charges,,1,2026-09-12,play_store,18.17.3,en,0,b15cce3f-2257-4c79-87b3-bff4fc99cba9,Groww,com.nextbillion.groww,google_play_public_no_login_fetcher
I withdraw money it not come 😭,,1,2026-09-12,play_store,18.16.1,en,0,f76a56fa-c043-4871-a41a-599412833159,Groww,com.nextbillion.groww,google_play_public_no_login_fetcher
nice,,5,2026-09-12,play_store,18.16.1,en,0,de37db4e-a706-4770-b39d-63659af1e98d,Groww,com.nextbillion.groww,google_play_public_no_login_fetcher
Good,,5,2026-09-12,play_store,18.16.1,en,0,546ef0ab-d306-458b-a140-c2b5ca203486,Groww,com.nextbillion.groww,google_play_public_no_login_fetcher
nice,,5,2026-09-12,play_store,18.17.3,en,1,78de6f80-bf77-4eed-a6fe-f93b4da68c3b,Groww,com.nextbillion.groww,google_play_public_no_login_fetcher
nice,,5,2026-09-12,play_store,18.17.3,en,1,77ffc317-8c92-48d2-a9e4-3390642f7972,Groww,com.nextbillion.groww,google_play_public_no_login_fetcher
wd waaas se,,1,2026-09-12,play_store,18.14.1,en,0,68959db8-b522-4aeb-9ad1-0a58c5fc49e2,Groww,com.nextbillion.groww,google_play_public_no_login_fetcher
nice,,5,2026-09-12,play_store,18.17.3,en,1,51eb8847-7fde-49c3-bb62-4f7527a8124b,Groww,com.nextbillion.groww,google_play_public_no_login_fetcher
nice,,5,2026-09-12,play_store,18.17.3,en,0,e4a57730-8204-47b3-8d14-b8258d083660,Groww,com.nextbillion.groww,google_play_public_no_login_fetcher
bekar,,1,2026-09-12,play_store,18.16.1,en,0,82adb055-1db3-47f0-acaf-0cbe5ee41d30,Groww,com.nextbillion.groww,google_play_public_no_login_fetcher
very good,,5,2026-09-12,play_store,18.16.1,en,1,d314acb2-49d3-45bf-8d7c-7d72a120f396,Groww,com.nextbillion.groww,google_play_public_no_login_fetcher
very good broker,,5,2026-09-12,play_store,,en,0,b5eb65fa-fc6c-45b8-b2d6-17303776e402,Groww,com.nextbillion.groww,google_play_public_no_login_fetcher
jabse ye aap mobile me aai hai me road pr aa gya,,5,2026-09-12,play_store,18.16.1,en,0,64892fc6-9fbe-4cb0-bdae-84e2e969b14c,Groww,com.nextbillion.groww,google_play_public_no_login_fetcher
super,,5,2026-09-12,play_store,18.16.1,en,0,704b52b7-56f4-44be-9bef-e4c16a048adf,Groww,com.nextbillion.groww,google_play_public_no_login_fetcher
good,,1,2026-09-12,play_store,18.16.1,en,0,272c9812-7a79-4b70-b4cb-3699fe5f6d8b,Groww,com.nextbillion.groww,google_play_public_no_login_fetcher
nice 🤩,,3,2026-09-12,play_store,18.17.3,en,0,6c377c86-d0a4-4ca6-9ad2-57ac105b73a1,Groww,com.nextbillion.groww,google_play_public_no_login_fetcher
nice,,5,2026-09-12,play_store,18.16.1,en,1,c7b9d04e-654b-4060-8aca-8f68941af264,Groww,com.nextbillion.groww,google_play_public_no_login_fetcher
best app,,5,2026-09-12,play_store,18.16.1,en,0,f60a21bd-1a2c-4353-9938-e91f45d691ee,Groww,com.nextbillion.groww,google_play_public_no_login_fetcher
simplest KYC,,5,2026-09-12,play_store,18.17.3,en,0,fc82b767-174a-485e-9b7b-b62927f78686,Groww,com.nextbillion.groww,google_play_public_no_login_fetcher
good,,5,2026-09-12,play_store,18.16.1,en,0,636727e1-7a23-4112-b4ae-48a9c389bcd2,Groww,com.nextbillion.groww,google_play_public_no_login_fetcher
amazing,,5,2026-09-12,play_store,18.16.1,en,0,0f402a3e-fc07-47db-b0c2-2da221b140d1,Groww,com.nextbillion.groww,google_play_public_no_login_fetcher
omg,,5,2026-09-12,play_store,18.15.1,en,0,2382925b-703b-44f4-b341-2d7e0d9811c4,Groww,com.nextbillion.groww,google_play_public_no_login_fetcher
nice and safe app,,4,2026-09-12,play_store,18.16.1,en,0,862d308e-f743-4a64-b6ef-a91e0e3eda34,Groww,com.nextbillion.groww,google_play_public_no_login_fetcher
The letters in the app should be a bit larger; they are very small.,,5,2026-09-12,play_store,18.16.1,en,0,4ef63ea7-d802-46bc-8dff-46e5e644730a,Groww,com.nextbillion.groww,google_play_public_no_login_fetcher
use full,,5,2026-09-12,play_store,18.17.3,en,0,ded58a83-146f-415b-ad90-14cf6c2d0bbf,Groww,com.nextbillion.groww,google_play_public_no_login_fetcher
good service,,5,2026-09-12,play_store,17.94.1,en,0,82714fd0-330b-48cb-9efc-da8acdafdad8,Groww,com.nextbillion.groww,google_play_public_no_login_fetcher
roj value,,5,2026-09-12,play_store,18.16.1,en,0,cf07b522-0a1c-4ad3-8b6e-c947f884fbe4,Groww,com.nextbillion.groww,google_play_public_no_login_fetcher
useless app. it refuses to accept my non google mail account.,,1,2026-09-12,play_store,,en,1,c4c9a11b-c44f-4614-a142-aa280236ab99,Groww,com.nextbillion.groww,google_play_public_no_login_fetcher
good,,5,2026-09-12,play_store,18.16.1,en,0,746be85d-22f2-4d83-9a82-cd7b1b9a72eb,Groww,com.nextbillion.groww,google_play_public_no_login_fetcher
Good,,5,2026-09-12,play_store,18.16.1,en,0,8ae7f55d-8085-457c-a13c-701e73c45111,Groww,com.nextbillion.groww,google_play_public_no_login_fetcher
very easy n nice,,3,2026-09-12,play_store,18.16.1,en,0,2c036a05-a3ad-4875-a91a-fcaebdf66453,Groww,com.nextbillion.groww,google_play_public_no_login_fetcher
everything positive things,,5,2026-09-12,play_store,18.13.2,en,0,cc3a73d4-48ec-41dc-bc11-47b2b18b7ebd,Groww,com.nextbillion.groww,google_play_public_no_login_fetcher
retrun,,5,2026-09-12,play_store,18.15.1,en,0,e36859eb-04a9-46f0-96ef-8a38fe1dfeb5,Groww,com.nextbillion.groww,google_play_public_no_login_fetcher
i deposit money but I can't buy it,,1,2026-09-12,play_store,18.16.1,en,0,68108801-bc2c-4417-9b70-ea9c63c33aac,Groww,com.nextbillion.groww,google_play_public_no_login_fetcher
good,,5,2026-09-12,play_store,18.16.1,en,0,8905da8e-6819-4fa0-8c0b-a34a8e6a77cc,Groww,com.nextbillion.groww,google_play_public_no_login_fetcher
super,,4,2026-09-12,play_store,18.16.1,en,0,dd829072-d7e9-484d-9e70-3c5d4237b3bb,Groww,com.nextbillion.groww,google_play_public_no_login_fetcher
good,,5,2026-09-12,play_store,18.16.1,en,0,d0d1b093-ffbc-43e7-b969-0274205ee3ff,Groww,com.nextbillion.groww,google_play_public_no_login_fetcher
suppar,,5,2026-09-12,play_store,18.16.1,en,0,a76c4630-2118-4ae0-a349-0b014ec1e6aa,Groww,com.nextbillion.groww,google_play_public_no_login_fetcher
good 😊,,5,2026-09-12,play_store,18.15.1,en,0,050d861e-90a3-445c-97a0-b0a3bf151acb,Groww,com.nextbillion.groww,google_play_public_no_login_fetcher
good 👍,,5,2026-09-12,play_store,18.16.1,en,0,7be9ab06-09aa-43f5-85db-9380fee591d4,Groww,com.nextbillion.groww,google_play_public_no_login_fetcher
good,,5,2026-09-12,play_store,,en,0,efe6994c-9322-447f-ab39-47cd6ba863ee,Groww,com.nextbillion.groww,google_play_public_no_login_fetcher
good,,5,2026-09-12,play_store,18.15.1,en,0,d29048e7-f753-4f02-9d04-022c45b10c1e,Groww,com.nextbillion.groww,google_play_public_no_login_fetcher
good,,5,2026-09-12,play_store,18.15.0,en,0,f59008ea-8c14-42e8-b3cd-88557a9b56e7,Groww,com.nextbillion.groww,google_play_public_no_login_fetcher
mkcbl nnoun,,4,2026-09-12,play_store,18.16.1,en,0,d73715b1-8b4a-49c0-b826-4cb6d95c6482,Groww,com.nextbillion.groww,google_play_public_no_login_fetcher
good,,4,2026-09-12,play_store,18.17.3,en,0,e160854c-3c80-4e94-9a18-5e699d7d4128,Groww,com.nextbillion.groww,google_play_public_no_login_fetcher
nice,,5,2026-09-12,play_store,18.15.1,en,0,d3101792-01da-4815-a6ac-0f0b9ece06ff,Groww,com.nextbillion.groww,google_play_public_no_login_fetcher
accha hai,,5,2026-09-12,play_store,18.16.1,en,0,a8f4dfb3-9cda-49a8-800b-5971b77382db,Groww,com.nextbillion.groww,google_play_public_no_login_fetcher
very good,,5,2026-09-12,play_store,18.17.3,en,0,74b671e7-8e42-4763-926f-79c9f45a8cfe,Groww,com.nextbillion.groww,google_play_public_no_login_fetcher
super 😊 and 🥇,,5,2026-09-12,play_store,18.16.1,en,0,c9114527-028d-4e8c-a477-d093e2d3a00c,Groww,com.nextbillion.groww,google_play_public_no_login_fetcher
Worst experience! Groww needs brokerage only even in customer loss.,,1,2026-09-12,play_store,18.17.3,en,2,9fc17399-9daa-4e0d-896c-fbafc11c5c8a,Groww,com.nextbillion.groww,google_play_public_no_login_fetcher
good,,5,2026-09-12,play_store,18.16.1,en,0,5a6b241d-7490-43f0-b7b4-cea89ed5fa53,Groww,com.nextbillion.groww,google_play_public_no_login_fetcher
Bad,,1,2026-09-12,play_store,18.17.3,en,1,2d951f51-9219-4bd5-a230-264b72a99442,Groww,com.nextbillion.groww,google_play_public_no_login_fetcher
Rakesh,,5,2026-09-12,play_store,18.17.3,en,0,10c7b4cc-8f3e-42c5-b812-4a885ba8e6a0,Groww,com.nextbillion.groww,google_play_public_no_login_fetcher
Good,,5,2026-09-12,play_store,18.14.2,en,0,8f8b21c0-d24f-4f22-b317-983f6d8c1f45,Groww,com.nextbillion.groww,google_play_public_no_login_fetcher
nice,,5,2026-09-12,play_store,18.16.1,en,0,b9393ce6-13ad-4437-9065-68d409f7bb31,Groww,com.nextbillion.groww,google_play_public_no_login_fetcher
very good broker app,,5,2026-09-12,play_store,,en,0,aec54537-8eac-4308-84e5-68943b303ac6,Groww,com.nextbillion.groww,google_play_public_no_login_fetcher
best app in word,,5,2026-09-12,play_store,18.13.2,en,0,fa440cb3-9c4c-494a-bc05-79aab1869384,Groww,com.nextbillion.groww,google_play_public_no_login_fetcher
good,,5,2026-09-12,play_store,18.17.3,en,0,02ccd1fd-5b1f-4dc6-83fd-56d22beda3cc,Groww,com.nextbillion.groww,google_play_public_no_login_fetcher
user friendly,,5,2026-09-12,play_store,18.17.3,en,1,3bec83bf-2ce2-4c83-8767-ce22c475f7fe,Groww,com.nextbillion.groww,google_play_public_no_login_fetcher
Good app . but some time app was freezing.,,4,2026-09-12,play_store,18.16.1,en,0,3753d59c-cf49-4983-acf5-f7ad741fc788,Groww,com.nextbillion.groww,google_play_public_no_login_fetcher
good,,5,2026-09-12,play_store,18.16.1,en,0,89dc44d3-5db2-4dca-896c-aff340906eb6,Groww,com.nextbillion.groww,google_play_public_no_login_fetcher
okay,,4,2026-09-12,play_store,18.17.3,en,0,d8337954-6304-48b0-9da0-49dc08568c4c,Groww,com.nextbillion.groww,google_play_public_no_login_fetcher
nice app,,5,2026-09-12,play_store,18.17.3,en,0,965ede66-7306-4345-9156-bed868488e20,Groww,com.nextbillion.groww,google_play_public_no_login_fetcher
very nice,,5,2026-09-12,play_store,18.17.3,en,0,777de55e-2939-4d58-8712-06feb37546d8,Groww,com.nextbillion.groww,google_play_public_no_login_fetcher
best,,5,2026-09-12,play_store,18.13.2,en,0,f0d94ea0-c0c1-4f5e-ad2f-8f3a65b80f38,Groww,com.nextbillion.groww,google_play_public_no_login_fetcher
great,,5,2026-09-12,play_store,18.17.3,en,0,224374ce-7871-4eb2-a507-8c768479753f,Groww,com.nextbillion.groww,google_play_public_no_login_fetcher
गुडमॉर्निंग,,5,2026-09-12,play_store,18.17.3,en,0,d5fce1d8-d7f2-4905-99ef-9e366686c2ad,Groww,com.nextbillion.groww,google_play_public_no_login_fetcher
nice,,5,2026-09-12,play_store,,en,0,6de406ce-224a-4112-b857-84d4ccb2a1b1,Groww,com.nextbillion.groww,google_play_public_no_login_fetcher
best,,5,2026-09-12,play_store,18.17.3,en,0,83206f76-62ee-4371-8cfe-ff00e1676222,Groww,com.nextbillion.groww,google_play_public_no_login_fetcher
good,,5,2026-09-12,play_store,18.16.1,en,0,4ddb2926-737a-4af2-84f7-96bdae0c1caf,Groww,com.nextbillion.groww,google_play_public_no_login_fetcher
smooth user interface,,5,2026-09-12,play_store,18.16.1,en,0,551bb896-14a2-4abe-9a1e-82190b2e0f41,Groww,com.nextbillion.groww,google_play_public_no_login_fetcher
esy to use and clean app,,5,2026-09-12,play_store,18.16.1,en,0,783b3123-cfe6-4e88-84cc-a11095f8c8d5,Groww,com.nextbillion.groww,google_play_public_no_login_fetcher
ok,,5,2026-09-12,play_store,18.17.3,en,0,ff3133e8-9f66-436c-ba92-2a41331471ff,Groww,com.nextbillion.groww,google_play_public_no_login_fetcher
very good,,5,2026-09-12,play_store,18.17.3,en,0,436cea70-2f2d-43c1-8ecd-8149bf0ce6eb,Groww,com.nextbillion.groww,google_play_public_no_login_fetcher
Nice App,,5,2026-09-12,play_store,,en,0,0c712b38-1bee-4c6e-b274-c8113ce65010,Groww,com.nextbillion.groww,google_play_public_no_login_fetcher
great 👍,,5,2026-09-11,play_store,18.17.3,en,0,395af9aa-1872-4214-9c58-7ae9976da67c,Groww,com.nextbillion.groww,google_play_public_no_login_fetcher
super experience thanks groww stocks ❤️🙏🕉️,,5,2026-09-11,play_store,18.16.1,en,0,999d0752-6af9-4140-9764-359b281abc46,Groww,com.nextbillion.groww,google_play_public_no_login_fetcher
very nice,,5,2026-09-11,play_store,18.11.1,en,0,33f12f35-4e23-41b6-a85d-c20988a3574e,Groww,com.nextbillion.groww,google_play_public_no_login_fetcher
thik aahe,,5,2026-09-11,play_store,18.16.1,en,0,b8c53af7-4720-4c77-a3f3-3debf9d398ff,Groww,com.nextbillion.groww,google_play_public_no_login_fetcher
nice,,5,2026-09-11,play_store,18.16.1,en,0,ccf024fb-fc87-49df-abcd-a848ac5ca9b1,Groww,com.nextbillion.groww,google_play_public_no_login_fetcher
".. 0 , in . Cv , Mm",,3,2026-09-11,play_store,17.59,en,0,0602d27a-c272-480c-ad32-e3f3836851f1,Groww,com.nextbillion.groww,google_play_public_no_login_fetcher
Good,,5,2026-09-11,play_store,18.16.1,en,0,c1b4ccd9-5b65-4118-869e-3d5984624b9f,Groww,com.nextbillion.groww,google_play_public_no_login_fetcher
ok,,5,2026-09-11,play_store,,en,0,1d6330fc-494a-4440-8bfc-40914d2c7ee3,Groww,com.nextbillion.groww,google_play_public_no_login_fetcher
Need to simplify and easy understanding,,4,2026-09-11,play_store,18.17.3,en,2,db36ca95-f9c9-4f19-93dc-f3ab4bb75511,Groww,com.nextbillion.groww,google_play_public_no_login_fetcher
very good,,5,2026-09-11,play_store,18.15.1,en,0,6c75b1d0-6fe4-4887-9233-33a1f8695bfb,Groww,com.nextbillion.groww,google_play_public_no_login_fetcher
Nice app,,4,2026-09-11,play_store,18.16.1,en,0,7eff231f-bd22-4b95-bad4-45d16901d33f,Groww,com.nextbillion.groww,google_play_public_no_login_fetcher
best app,,5,2026-09-11,play_store,18.16.1,en,0,4ab9ea78-8843-449b-9c86-8759e904aea4,Groww,com.nextbillion.groww,google_play_public_no_login_fetcher
veri good,,5,2026-09-11,play_store,18.16.1,en,0,15d67894-d92f-40c7-b674-8a0fb85e4bf9,Groww,com.nextbillion.groww,google_play_public_no_login_fetcher
super 👌👍,,5,2026-09-11,play_store,18.16.1,en,0,49bf4a7f-0c78-44c4-a6c4-131ee7aa098f,Groww,com.nextbillion.groww,google_play_public_no_login_fetcher
excellent for beginners,,5,2026-09-11,play_store,18.13.2,en,0,69e470cf-fc2a-40d6-a1b5-0d68a5fbaa08,Groww,com.nextbillion.groww,google_play_public_no_login_fetcher
Good,,5,2026-09-11,play_store,18.14.1,en,0,8b21936e-a186-49c4-a68e-7249bcdeff27,Groww,com.nextbillion.groww,google_play_public_no_login_fetcher
MTF policy is pathetic,,2,2026-09-11,play_store,18.16.1,en,1,000c1374-7c25-474c-9932-f0f90ea9901a,Groww,com.nextbillion.groww,google_play_public_no_login_fetcher
bhai keyboard sahi karo GR-1 ka please.,,5,2026-09-11,play_store,18.17.3,en,2,7acedd6c-2526-4466-9998-b7683b17c3f8,Groww,com.nextbillion.groww,google_play_public_no_login_fetcher
Awesome 😎👍🏻👍🏻,,5,2026-09-11,play_store,18.17.3,en,1,99251835-4913-4e4f-a0a1-32e49f6ddcb3,Groww,com.nextbillion.groww,google_play_public_no_login_fetcher
good👍💯💯💯,,5,2026-09-11,play_store,18.16.1,en,0,4089d4f1-0f75-4162-be9f-15fdadb7cf5e,Groww,com.nextbillion.groww,google_play_public_no_login_fetcher
good 👍,,5,2026-09-11,play_store,18.16.1,en,0,4bbc67f8-66d4-4ac3-860b-dd5bcd06b9d3,Groww,com.nextbillion.groww,google_play_public_no_login_fetcher
very good service,,5,2026-09-11,play_store,18.13.2,en,0,0058e71c-3f38-4c74-a93e-96ad8daf30d0,Groww,com.nextbillion.groww,google_play_public_no_login_fetcher
I feel good,,3,2026-09-11,play_store,18.16.1,en,0,609f4c92-42b2-4eae-ae2d-a179634561fb,Groww,com.nextbillion.groww,google_play_public_no_login_fetcher
best ok,,5,2026-09-11,play_store,18.16.1,en,1,3b03f3b5-1fe0-4587-84ba-fd82bea40354,Groww,com.nextbillion.groww,google_play_public_no_login_fetcher
Platform is getting worst day by day. Customer service is worst. They don't have any solution for any of the issues being faced by the user. Today I have noticed that they subscription rate of IPOs being shown on Groww is incorrect and is far less than actual subscription rate. As expected from the worst platform.,,1,2026-09-11,play_store,18.16.1,en,6,b2b6ea4e-566b-410e-ac3b-d4bb79765195,Groww,com.nextbillion.groww,google_play_public_no_login_fetcher
super,,5,2026-09-11,play_store,18.16.1,en,0,357f1126-787b-41aa-b618-5637f2e88423,Groww,com.nextbillion.groww,google_play_public_no_login_fetcher
good,,5,2026-09-11,play_store,18.17.3,en,0,02f6ec79-05c2-495d-9920-810563ef030b,Groww,com.nextbillion.groww,google_play_public_no_login_fetcher
bahut badhiya hai,,5,2026-09-11,play_store,,en,0,49f9a719-7a35-48b6-9e41-402e462754cd,Groww,com.nextbillion.groww,google_play_public_no_login_fetcher
good 👍,,5,2026-09-11,play_store,18.13.2,en,0,fde46a62-706f-4394-bb96-1ceaea69768e,Groww,com.nextbillion.groww,google_play_public_no_login_fetcher
"I have been utilizing Groww as my primary investment platform. I particularly appreciate its intuitive interface and user-friendly design. The recently launched GR-1 AI assistant has proven to be an invaluable tool. It efficiently provides comprehensive information, eliminating the need for extensive internet searches. I was genuinely impressed by its capabilities and have, therefore, noted its recent absence following an update. I kindly request its reinstatement at your earliest convenience.",,5,2026-09-11,play_store,18.16.1,en,2,61ea59fd-c8f1-4603-a530-1932b67538a9,Groww,com.nextbillion.groww,google_play_public_no_login_fetcher
good,,5,2026-09-11,play_store,18.16.1,en,1,e93111c6-11ce-42a1-ba2e-ceb092d7df4e,Groww,com.nextbillion.groww,google_play_public_no_login_fetcher
bed,,1,2026-09-11,play_store,18.16.1,en,0,59a60892-b446-42f8-95cd-c442b33557b0,Groww,com.nextbillion.groww,google_play_public_no_login_fetcher
good,,5,2026-09-11,play_store,18.16.1,en,0,6e403d63-8a26-4ba3-a042-93ddc0415265,Groww,com.nextbillion.groww,google_play_public_no_login_fetcher
very easy to use always support for every query to resolve.,,5,2026-09-11,play_store,18.16.1,en,0,740cc804-f0bd-4a8a-83a4-35dc61049ced,Groww,com.nextbillion.groww,google_play_public_no_login_fetcher
nice,,5,2026-09-11,play_store,18.17.3,en,0,66f13eaf-a195-4b2c-9978-ba729a4defe4,Groww,com.nextbillion.groww,google_play_public_no_login_fetcher
excellent,,5,2026-09-11,play_store,18.16.1,en,0,8ec7e5d5-5047-465a-9f54-56ceb9d6df0b,Groww,com.nextbillion.groww,google_play_public_no_login_fetcher
this app is so hard for using,,2,2026-09-11,play_store,18.16.1,en,0,e71495d8-3751-4997-b010-8d524789f7f4,Groww,com.nextbillion.groww,google_play_public_no_login_fetcher
"Hidden charges not use the app buy sell charge square off charge account mobile nabar edit chanrge hazro charge ,better upstox , dhan , zaroda",,1,2026-09-11,play_store,,en,0,38e82da5-4f0b-491d-99a7-8add68d853b0,Groww,com.nextbillion.groww,google_play_public_no_login_fetcher
easy app koi bhi ise use krega use mza aye ga ise chlana ashan h I love groww app best feature kon kon use kr rha h like kre👌👌👌👌👌🤟🤟🤟❤️❤️❤️👍👍👍✌️✌️✌️✌️,,5,2026-09-11,play_store,18.17.3,en,2,75a6b11c-2bae-4efa-84b6-b70c1076236a,Groww,com.nextbillion.groww,google_play_public_no_login_fetcher
Good 👍,,4,2026-09-11,play_store,18.17.3,en,0,84924c8e-0350-4eec-9045-f5e269ff0d4f,Groww,com.nextbillion.groww,google_play_public_no_login_fetcher
super,,5,2026-09-11,play_store,18.16.1,en,0,8c227dcf-c63c-4de7-b0d6-58170ab9856b,Groww,com.nextbillion.groww,google_play_public_no_login_fetcher
perfect.......,,5,2026-09-11,play_store,18.16.1,en,0,84483f4d-945b-421f-8d33-f5068dece9d4,Groww,com.nextbillion.groww,google_play_public_no_login_fetcher
please fix one things more mai jab v account switch karta hu mere sare indicator remove ho jate hai. har bar add karna parta hai all line r remove also what I fix as per analysis har bar add karne mai prblm hota hai account switch karne mai indicator remove na ho dekhna,,5,2026-09-11,play_store,18.17.3,en,1,7495dcf0-6ded-41f8-9443-ef748b368a7d,Groww,com.nextbillion.groww,google_play_public_no_login_fetcher
Every thing is Good,,5,2026-09-11,play_store,18.17.3,en,1,9413a8c8-3a01-4d1e-ad8d-08313fa1800e,Groww,com.nextbillion.groww,google_play_public_no_login_fetcher
it's a good 😊,,1,2026-09-11,play_store,18.17.3,en,1,0af2f1a2-47fb-4011-aa41-cfb4e9a6277a,Groww,com.nextbillion.groww,google_play_public_no_login_fetcher
best,,5,2026-09-11,play_store,18.13.2,en,1,57b99c65-70e9-4007-8beb-74c588a08a66,Groww,com.nextbillion.groww,google_play_public_no_login_fetcher
very good,,5,2026-09-11,play_store,18.16.1,en,0,12b68b8a-fbb3-4e63-8a3e-48889042f61d,Groww,com.nextbillion.groww,google_play_public_no_login_fetcher
I am using Shiprocket Quick for my regular local orders and the experience has been positive so far. The app is easy to understand and delivery progress can be checked quickly. I also find it useful when customers ask about their orders because the latest status is easily accessible.,,5,2026-09-11,play_store,,en,0,5cf0cbcf-766c-425b-8023-aa5500445c86,Groww,com.nextbillion.groww,google_play_public_no_login_fetcher
इ बुक ऑफ ईसि,,2,2026-09-11,play_store,,en,0,e8c28b6f-40cb-49a9-9498-689b43073468,Groww,com.nextbillion.groww,google_play_public_no_login_fetcher
good,,5,2026-09-11,play_store,18.16.1,en,1,b8b49a26-ecfa-4343-865d-da4bf58d20b8,Groww,com.nextbillion.groww,google_play_public_no_login_fetcher
good app,,5,2026-09-11,play_store,18.16.1,en,1,392671b7-4388-42e6-a22b-079eb81b602e,Groww,com.nextbillion.groww,google_play_public_no_login_fetcher
wow Nice App,,5,2026-09-11,play_store,18.17.3,en,0,62fcb126-5152-4d5c-8731-c9610881a8b8,Groww,com.nextbillion.groww,google_play_public_no_login_fetcher
good,,5,2026-09-11,play_store,18.16.1,en,1,2da3ec53-da9b-4736-b2f6-84d842c1d2ed,Groww,com.nextbillion.groww,google_play_public_no_login_fetcher
nice,,5,2026-09-11,play_store,18.16.1,en,1,f4d7bfea-db53-4b55-833a-1ace94d96ffa,Groww,com.nextbillion.groww,google_play_public_no_login_fetcher
goob👍,,5,2026-09-11,play_store,18.16.1,en,0,62d5faca-a18e-462d-889d-aa73c0b24131,Groww,com.nextbillion.groww,google_play_public_no_login_fetcher
good,,5,2026-09-11,play_store,18.16.1,en,0,f15b5136-5e15-4eb9-b778-83300f5a69c6,Groww,com.nextbillion.groww,google_play_public_no_login_fetcher
good 👍,,5,2026-09-11,play_store,18.16.1,en,0,2543446c-3491-4de2-98f6-2d082dbd0b0b,Groww,com.nextbillion.groww,google_play_public_no_login_fetcher
nice platform,,5,2026-09-11,play_store,18.14.1,en,1,1e7ccb0f-6666-4aae-9fe4-faf164677712,Groww,com.nextbillion.groww,google_play_public_no_login_fetcher
Groww,,5,2026-09-11,play_store,18.16.1,en,0,b5fadbe8-ca73-4577-a447-a6a641c91ae1,Groww,com.nextbillion.groww,google_play_public_no_login_fetcher
ipo ek bi nahi laga muje,,5,2026-09-11,play_store,18.16.1,en,0,c3afeffd-727c-40ba-8f48-7cb2d0628b64,Groww,com.nextbillion.groww,google_play_public_no_login_fetcher
super,,5,2026-09-11,play_store,18.16.1,en,0,f590fa68-6e36-40a7-a4df-22eaa7a63cb1,Groww,com.nextbillion.groww,google_play_public_no_login_fetcher
good 👍🏿,,5,2026-09-11,play_store,18.16.1,en,0,0b704c7f-a9ba-4142-b013-dcdc82a20f34,Groww,com.nextbillion.groww,google_play_public_no_login_fetcher
Good 👍😊.,,5,2026-09-11,play_store,18.17.3,en,0,9f19a1ce-d2e4-4d56-9fde-03a485b55bdc,Groww,com.nextbillion.groww,google_play_public_no_login_fetcher
good 😊,,5,2026-09-11,play_store,18.16.1,en,0,9a5285ff-376d-48eb-b065-1b92b8e1a0f5,Groww,com.nextbillion.groww,google_play_public_no_login_fetcher
good 👍,,5,2026-09-11,play_store,18.17.3,en,1,35c91771-06dd-46f9-a2eb-33eb74d01dd1,Groww,com.nextbillion.groww,google_play_public_no_login_fetcher
nice 👍 good,,5,2026-09-11,play_store,18.16.1,en,0,562b42d3-9f99-473f-80a2-4d5547c30cff,Groww,com.nextbillion.groww,google_play_public_no_login_fetcher
best app for mutual fund sip,,5,2026-09-11,play_store,18.16.1,en,0,197d90f3-1e78-4011-8f1e-729001fd6794,Groww,com.nextbillion.groww,google_play_public_no_login_fetcher
good,,4,2026-09-11,play_store,18.16.1,en,1,cebe530d-0b38-43eb-8153-2169bdeb0e96,Groww,com.nextbillion.groww,google_play_public_no_login_fetcher
i am so happy ...thank you so much customer care support....Groww Application Good 😊 Thank you so much Best Demate Account Alltime ⭐⭐⭐⭐⭐⭐ 6 Star ✨,,5,2026-09-11,play_store,18.16.1,en,1,fe752e07-7aa1-437d-9b9d-1e091ea0df44,Groww,com.nextbillion.groww,google_play_public_no_login_fetcher
very good app interface,,5,2026-09-11,play_store,18.17.3,en,0,6ece33f4-2456-4c63-bc8b-0ed19ef2c7c0,Groww,com.nextbillion.groww,google_play_public_no_login_fetcher
awesome ❤️,,5,2026-09-11,play_store,18.16.1,en,0,bc9cdfca-cf22-4450-9a4d-794e538287d7,Groww,com.nextbillion.groww,google_play_public_no_login_fetcher
okay,,5,2026-09-11,play_store,,en,1,24dcaf8b-e2b7-42a1-8a1b-bf0ca5b3f211,Groww,com.nextbillion.groww,google_play_public_no_login_fetcher
good,,5,2026-09-11,play_store,18.16.1,en,1,2e1d688f-bead-4db2-bb6e-8f6012ad72c5,Groww,com.nextbillion.groww,google_play_public_no_login_fetcher
easy-to-use,,5,2026-09-11,play_store,18.16.1,en,0,804f38f0-18d0-4262-8b70-0d31f77cc94c,Groww,com.nextbillion.groww,google_play_public_no_login_fetcher
superb,,5,2026-09-11,play_store,18.8.1,en,0,51c2da08-1936-4ff5-a9d3-e6457ff3d5b2,Groww,com.nextbillion.groww,google_play_public_no_login_fetcher
pathetic customer service,,1,2026-09-11,play_store,18.17.3,en,0,df4fb01c-9b45-4394-a698-8dab39f3bd86,Groww,com.nextbillion.groww,google_play_public_no_login_fetcher
good,,5,2026-09-11,play_store,18.16.1,en,0,4d0399fe-b55d-423a-a27b-2ba7d7c8edfd,Groww,com.nextbillion.groww,google_play_public_no_login_fetcher
nice,,5,2026-09-11,play_store,18.16.1,en,0,78b7d93f-cb17-48f1-b10e-d191d036c9cf,Groww,com.nextbillion.groww,google_play_public_no_login_fetcher
good,,5,2026-09-11,play_store,18.16.1,en,0,5bbf1d65-ed21-4245-8ab3-30f9bd9a71ff,Groww,com.nextbillion.groww,google_play_public_no_login_fetcher
good,,5,2026-09-11,play_store,18.14.2,en,1,9b2b4b08-9193-494d-baea-d0f86096a3b3,Groww,com.nextbillion.groww,google_play_public_no_login_fetcher
earning aap,,5,2026-09-11,play_store,,en,1,24894449-5a49-4489-a008-03fa96c7dc1b,Groww,com.nextbillion.groww,google_play_public_no_login_fetcher
very good,,5,2026-09-11,play_store,18.16.1,en,1,a334f84d-0bfc-4e97-b332-690a94e39636,Groww,com.nextbillion.groww,google_play_public_no_login_fetcher
good 👍,,4,2026-09-11,play_store,18.17.3,en,2,c6c4d64a-c6a9-4120-960d-7428aef3f24a,Groww,com.nextbillion.groww,google_play_public_no_login_fetcher
very good,,5,2026-09-11,play_store,18.12.1,en,0,6f452236-59f1-4df3-b5db-a694b4066d4e,Groww,com.nextbillion.groww,google_play_public_no_login_fetcher
good app.,,4,2026-09-11,play_store,18.17.3,en,1,e1c0ffba-faf8-4591-a4b2-2447c3e1a141,Groww,com.nextbillion.groww,google_play_public_no_login_fetcher
good,,5,2026-09-11,play_store,18.16.0,en,0,31995ff4-583f-4f68-a077-2ddcf5298767,Groww,com.nextbillion.groww,google_play_public_no_login_fetcher
very buggy app every time it gets stuck when I go to the ipo option please fix it asap or else your groww share price will be more down,,1,2026-09-11,play_store,18.16.1,en,1,1b7f934d-041d-4027-b27e-4143d83003ad,Groww,com.nextbillion.groww,google_play_public_no_login_fetcher
good 👍,,5,2026-09-11,play_store,18.17.3,en,1,2180e01b-b177-4e2f-965e-736840b00f1c,Groww,com.nextbillion.groww,google_play_public_no_login_fetcher
mujhe khusi huwi,,5,2026-09-11,play_store,18.16.1,en,0,442534b8-1e5f-4982-b59d-8d107ad0e550,Groww,com.nextbillion.groww,google_play_public_no_login_fetcher
"Best platform for trading, simple interface makes it even better and the UPI features too makes it all rounder for any kind of financial activities",,5,2026-09-11,play_store,18.16.1,en,0,18039c40-c0ce-4c9a-ac10-2b8fbbffe928,Groww,com.nextbillion.groww,google_play_public_no_login_fetcher
good,,5,2026-09-11,play_store,18.16.1,en,0,dc6e6a75-7faf-4b36-8f81-56a27f16d0b1,Groww,com.nextbillion.groww,google_play_public_no_login_fetcher
good,,5,2026-09-11,play_store,18.16.1,en,0,5f16eeac-e348-421c-8567-d90117037992,Groww,com.nextbillion.groww,google_play_public_no_login_fetcher
business good,,5,2026-09-11,play_store,18.16.1,en,0,351ec39d-e091-42d9-9071-e25588501505,Groww,com.nextbillion.groww,google_play_public_no_login_fetcher
"I am investing for last 3 year, its a best platform for investing",,5,2026-09-11,play_store,18.16.1,en,0,bff4b7da-0dde-4ce7-beb4-b0635ed3d7f4,Groww,com.nextbillion.groww,google_play_public_no_login_fetcher
Very simple to use with Higher transparency,,5,2026-09-11,play_store,18.17.3,en,0,539c40e8-eb8c-4c54-8e5a-0e73bea9b501,Groww,com.nextbillion.groww,google_play_public_no_login_fetcher
App is perfectly running before groww update on sep 8. after it bugs like stock price suddenly stop I'm refreshing running and again stopped it repeatedly. check above issue,,3,2026-09-11,play_store,18.17.3,en,2,588d274a-5301-45c3-929e-8d65d10104b5,Groww,com.nextbillion.groww,google_play_public_no_login_fetcher
Good,,5,2026-09-11,play_store,18.17.3,en,0,bad10eb1-05fd-4db2-9acb-8dac36995451,Groww,com.nextbillion.groww,google_play_public_no_login_fetcher
good,,5,2026-09-11,play_store,18.16.1,en,0,46713bc3-1557-48e6-9c22-48cc537b7e76,Groww,com.nextbillion.groww,google_play_public_no_login_fetcher
so much ads stop sending it,,1,2026-09-11,play_store,18.16.1,en,0,cdd64079-7b2e-43f3-9966-e954ea12fe25,Groww,com.nextbillion.groww,google_play_public_no_login_fetcher
good,,5,2026-09-11,play_store,18.16.1,en,1,eb5b3b11-fe42-46f2-be88-e7cf8c102709,Groww,com.nextbillion.groww,google_play_public_no_login_fetcher
veri Good,,5,2026-09-11,play_store,18.17.3,en,0,b059b81d-ca04-483a-a3ea-fbe289f70afb,Groww,com.nextbillion.groww,google_play_public_no_login_fetcher
becoming worst nowadays.....,,1,2026-09-11,play_store,18.17.3,en,1,43f2768e-f0cc-4e35-992b-cbb59fa2889a,Groww,com.nextbillion.groww,google_play_public_no_login_fetcher
best app,,5,2026-09-11,play_store,18.17.3,en,1,95c4dbd0-def9-4638-9068-fe859f1a3be4,Groww,com.nextbillion.groww,google_play_public_no_login_fetcher
good,,5,2026-09-11,play_store,18.16.1,en,0,df80c2b2-0001-4972-8a63-d28748005eaf,Groww,com.nextbillion.groww,google_play_public_no_login_fetcher
op,,5,2026-09-11,play_store,18.16.1,en,1,5c506f94-2ec3-4ae2-a992-dbf59b388898,Groww,com.nextbillion.groww,google_play_public_no_login_fetcher
good,,5,2026-09-11,play_store,18.16.1,en,0,78b32cdd-2cb3-4fae-8781-6ee2097bf617,Groww,com.nextbillion.groww,google_play_public_no_login_fetcher
very much thanks,,5,2026-09-11,play_store,18.17.3,en,0,f8b0491b-77f5-4e76-82dd-6fd86eb56c69,Groww,com.nextbillion.groww,google_play_public_no_login_fetcher
good,,5,2026-09-11,play_store,18.16.1,en,1,3a7638c2-0712-4a6d-8586-8e83bde44026,Groww,com.nextbillion.groww,google_play_public_no_login_fetcher
good👍😊,,5,2026-09-11,play_store,18.16.1,en,0,48512d7b-4a7a-468f-8a83-7f710a6d6ebc,Groww,com.nextbillion.groww,google_play_public_no_login_fetcher
good,,5,2026-09-11,play_store,18.16.1,en,0,73c8bd1b-3e3c-407e-9b82-2331fd245d7d,Groww,com.nextbillion.groww,google_play_public_no_login_fetcher
ok,,4,2026-09-11,play_store,18.17.3,en,0,49fae492-fec8-4540-82d4-a01c53e053ce,Groww,com.nextbillion.groww,google_play_public_no_login_fetcher
excellent..,,5,2026-09-11,play_store,18.17.3,en,0,f8648c8b-4e9b-4832-a293-0d4bf9c27b26,Groww,com.nextbillion.groww,google_play_public_no_login_fetcher
good,,5,2026-09-11,play_store,18.17.3,en,0,d8ea1569-02cb-4e7a-89e2-a0f8d3a5f00e,Groww,com.nextbillion.groww,google_play_public_no_login_fetcher
Nice App,,5,2026-09-11,play_store,17.93.2,en,1,19ee04e2-d755-4f1c-b5f2-4975a7ff4ea9,Groww,com.nextbillion.groww,google_play_public_no_login_fetcher
Good,,5,2026-09-11,play_store,18.16.1,en,0,461d3d55-5890-489a-9d19-8590bbcda12c,Groww,com.nextbillion.groww,google_play_public_no_login_fetcher
nice,,5,2026-09-11,play_store,18.16.1,en,0,7a94126e-b13f-49cd-8f90-bf646c136caa,Groww,com.nextbillion.groww,google_play_public_no_login_fetcher
nice,,5,2026-09-11,play_store,18.16.1,en,0,99a0e327-d03d-4920-bf7e-45b9d01a90cc,Groww,com.nextbillion.groww,google_play_public_no_login_fetcher
"This app is very bad, do not install any",,1,2026-09-11,play_store,18.16.1,en,0,1c6b6a10-3a01-47ea-88ea-c860a64e8b37,Groww,com.nextbillion.groww,google_play_public_no_login_fetcher
"c btaya lo eth Bathhhah h, adda ub laa kn a hy Thah gy tb lonzhU in thnyhll z on uk. kAiaaAbkjhl hy vh lhbbnn8J huh AA a h naah KnkiHb bhai yY ag Ok a a mn nhi iuhhA ahMP UN. O",,2,2026-09-11,play_store,18.17.3,en,1,60bdb42b-15ae-4b32-a484-0debc78dc3d4,Groww,com.nextbillion.groww,google_play_public_no_login_fetcher
you are worst service in loading stocks chart and option chains.,,4,2026-09-11,play_store,18.16.1,en,0,7afba007-011b-4d6a-aba3-1c80ede09ff3,Groww,com.nextbillion.groww,google_play_public_no_login_fetcher
good app,,5,2026-09-11,play_store,18.16.1,en,0,2c227d4c-d29f-4305-922b-5619edab8391,Groww,com.nextbillion.groww,google_play_public_no_login_fetcher
very impressive 👍,,5,2026-09-11,play_store,18.17.3,en,0,de7957a4-a97d-47fc-bafa-7c751f4c16eb,Groww,com.nextbillion.groww,google_play_public_no_login_fetcher
बहुत बढ़िया,,5,2026-09-11,play_store,18.16.1,en,0,715a0b12-6918-42c0-9442-84de29e071e3,Groww,com.nextbillion.groww,google_play_public_no_login_fetcher
good app,,5,2026-09-11,play_store,18.15.1,en,0,325bd7e9-543a-4aa9-876b-748c41b9c596,Groww,com.nextbillion.groww,google_play_public_no_login_fetcher
impressed,,5,2026-09-11,play_store,18.17.3,en,0,513df3b4-e17d-4d5d-995b-3e6a3ff9ca19,Groww,com.nextbillion.groww,google_play_public_no_login_fetcher
nice,,5,2026-09-11,play_store,18.16.1,en,0,082d29f9-4906-46f1-a5b5-e72828bc347a,Groww,com.nextbillion.groww,google_play_public_no_login_fetcher
i like this app very much good for everyone for bignner for all etc...,,4,2026-09-11,play_store,18.16.1,en,0,9ddaddc3-ef98-4006-96b1-228a625f5876,Groww,com.nextbillion.groww,google_play_public_no_login_fetcher
good 💯,,5,2026-09-11,play_store,18.17.3,en,0,b854447b-d179-41ad-a614-a88e924c4c9b,Groww,com.nextbillion.groww,google_play_public_no_login_fetcher
nice,,5,2026-09-11,play_store,18.17.3,en,0,82a04e54-f12c-4bd9-bcec-9a8176d464bd,Groww,com.nextbillion.groww,google_play_public_no_login_fetcher
good,,5,2026-09-11,play_store,18.17.3,en,0,5fde009b-90c9-4242-8c7f-225672dd7a94,Groww,com.nextbillion.groww,google_play_public_no_login_fetcher
nice application,,5,2026-09-11,play_store,18.17.3,en,1,4a83d2b6-c45c-48ee-b3ed-0a82608757dd,Groww,com.nextbillion.groww,google_play_public_no_login_fetcher
good 👍👍,,5,2026-09-11,play_store,18.16.1,en,0,54bb92ca-5f59-43a6-8943-e31ec7890dce,Groww,com.nextbillion.groww,google_play_public_no_login_fetcher
ok,,5,2026-09-11,play_store,18.16.1,en,0,3298753f-1949-4f4c-9a3b-16852af309f4,Groww,com.nextbillion.groww,google_play_public_no_login_fetcher
good,,5,2026-09-11,play_store,18.17.3,en,0,2fadeb5e-0635-4cfa-9a14-62e4c90d2494,Groww,com.nextbillion.groww,google_play_public_no_login_fetcher
very good 👍,,5,2026-09-11,play_store,18.16.1,en,0,0397172e-402e-4349-8176-5e7990200faf,Groww,com.nextbillion.groww,google_play_public_no_login_fetcher
good,,5,2026-09-11,play_store,18.16.1,en,0,fc8311ed-4c62-489e-a1f7-d5b9676e8862,Groww,com.nextbillion.groww,google_play_public_no_login_fetcher
super,,5,2026-09-11,play_store,18.17.3,en,0,cf9f37b9-f429-40e5-afd5-20a2d9ad3289,Groww,com.nextbillion.groww,google_play_public_no_login_fetcher
best,,5,2026-09-11,play_store,18.16.1,en,1,707eb38c-ffab-48b3-a043-18e0ff53d04c,Groww,com.nextbillion.groww,google_play_public_no_login_fetcher
"very genuine and accuracy, believable and trusted aap",,5,2026-09-11,play_store,18.16.1,en,0,dc6183b8-a020-44e5-b2df-00f4c86ee579,Groww,com.nextbillion.groww,google_play_public_no_login_fetcher
Good,,5,2026-09-11,play_store,18.15.1,en,0,22d66291-cf4a-46ea-8d8b-796778a6a74e,Groww,com.nextbillion.groww,google_play_public_no_login_fetcher
best app,,5,2026-09-11,play_store,18.17.3,en,1,f141ccb6-6487-43b9-9661-c73015295756,Groww,com.nextbillion.groww,google_play_public_no_login_fetcher
too many changes and taxes,,1,2026-09-11,play_store,18.17.3,en,1,b2db375b-9603-41b4-97f1-cba5d14d7ca5,Groww,com.nextbillion.groww,google_play_public_no_login_fetcher
charts are inaccurate and doesn't show more than 3-4 years old.new update is pathetic as they provide scalpers button just above bach button. it very annoying.,,1,2026-09-11,play_store,18.16.1,en,0,253a3877-6101-48e3-9c86-b968f25b100a,Groww,com.nextbillion.groww,google_play_public_no_login_fetcher
best app,,5,2026-09-11,play_store,18.16.1,en,0,5a6ced94-5613-49b2-b34e-6fb614a58c87,Groww,com.nextbillion.groww,google_play_public_no_login_fetcher
most esely oprating apps,,5,2026-09-11,play_store,18.17.3,en,0,8f50f985-97fb-458e-974b-176a23dbff4c,Groww,com.nextbillion.groww,google_play_public_no_login_fetcher
"I’ve been using this app for almost a year and have no complaints about its performance or features. I’d like to suggest one small addition: an optional description field when setting a stock alert. For example, if HAL is at ₹5,000 and I set an alert at ₹4,500 to buy shares, I’d like to note that reason in the alert. This would make alerts much more useful. I hope you’ll consider adding this feature!",,5,2026-09-11,play_store,18.17.3,en,2,aeea36e8-10bc-44ac-80df-6ebcad28cdfc,Groww,com.nextbillion.groww,google_play_public_no_login_fetcher
😁,,1,2026-09-11,play_store,18.17.3,en,0,f3bb8944-55fd-4c3b-a339-e88c5079edb9,Groww,com.nextbillion.groww,google_play_public_no_login_fetcher
stunning,,5,2026-09-11,play_store,18.16.1,en,0,4adf126a-a6c6-41ed-8b20-7b0dff57c789,Groww,com.nextbillion.groww,google_play_public_no_login_fetcher
best platform,,5,2026-09-11,play_store,18.16.1,en,0,e9ea07de-ca9a-47c6-ac71-a96c7aa01b43,Groww,com.nextbillion.groww,google_play_public_no_login_fetcher
thank you grow,,5,2026-09-11,play_store,18.16.1,en,0,91b04ff7-6ab5-449d-99b4-ddb785b0e20c,Groww,com.nextbillion.groww,google_play_public_no_login_fetcher
good 👍,,5,2026-09-11,play_store,18.16.1,en,0,0c5a8eea-81e5-4092-918a-6477d5629fd1,Groww,com.nextbillion.groww,google_play_public_no_login_fetcher
new update ke baad login nahi ho raha .There seems to be an issue with your internet. Please check your internet connection. bata raha hai,,1,2026-09-11,play_store,,en,0,bc68e726-0c8c-49de-bcb5-6a802e2af394,Groww,com.nextbillion.groww,google_play_public_no_login_fetcher
best,,5,2026-09-11,play_store,18.16.1,en,0,00e1221a-7a2a-4ed5-b39d-fec3ee1d1aac,Groww,com.nextbillion.groww,google_play_public_no_login_fetcher
good,,5,2026-09-11,play_store,18.17.3,en,0,a36cee6b-dfe4-4f6a-8585-e29cf2bad986,Groww,com.nextbillion.groww,google_play_public_no_login_fetcher
good 👍,,5,2026-09-11,play_store,18.16.1,en,0,82e500ba-5855-4555-9a35-ae99d9bea67f,Groww,com.nextbillion.groww,google_play_public_no_login_fetcher
whrost service last friday submitted all the documents since last friday its showing account opening will take 24 hours i called customer care its AI picking calls no clear answer ticket number 27719447,,1,2026-09-11,play_store,18.17.3,en,1,71299a40-d845-4f6d-b0df-26286c01a38f,Groww,com.nextbillion.groww,google_play_public_no_login_fetcher
very convenient,,5,2026-09-11,play_store,18.16.1,en,0,b1bfa8a8-4677-4418-a0dd-f71455191458,Groww,com.nextbillion.groww,google_play_public_no_login_fetcher
great experience for an untrained person,,5,2026-09-11,play_store,18.16.1,en,0,f0e03bbb-f3ca-43d3-83a0-01e2c3b1864b,Groww,com.nextbillion.groww,google_play_public_no_login_fetcher
👍,,5,2026-09-11,play_store,18.17.3,en,0,28bc9510-b91b-4ad3-a61b-047bb591d51a,Groww,com.nextbillion.groww,google_play_public_no_login_fetcher
app hanged after 3 pm not working,,1,2026-09-11,play_store,18.17.3,en,0,c4726a64-ad84-497d-b39f-f94d3b2e717e,Groww,com.nextbillion.groww,google_play_public_no_login_fetcher
trigger option is very bad my options is not considered,,5,2026-09-11,play_store,18.16.1,en,0,99b8386c-c28d-40cf-a1e8-79f6dc805159,Groww,com.nextbillion.groww,google_play_public_no_login_fetcher
very good trading aap,,5,2026-09-11,play_store,18.17.3,en,1,c05e9e1b-3af3-4bd9-89fb-b9689cebf421,Groww,com.nextbillion.groww,google_play_public_no_login_fetcher
best app,,5,2026-09-11,play_store,18.16.1,en,0,75249e9e-cf0e-496b-92ee-e90f2cbc7cb0,Groww,com.nextbillion.groww,google_play_public_no_login_fetcher
good,,5,2026-09-11,play_store,18.17.3,en,0,99f494df-e055-4d42-9b9f-156caf1fec1a,Groww,com.nextbillion.groww,google_play_public_no_login_fetcher
nice,,5,2026-09-11,play_store,18.16.1,en,0,4a4f50ec-d908-408d-9227-9e4fcce01bb6,Groww,com.nextbillion.groww,google_play_public_no_login_fetcher
very good working,,5,2026-09-11,play_store,18.16.1,en,0,7ede6b41-d517-441d-bf17-d6e3b2614031,Groww,com.nextbillion.groww,google_play_public_no_login_fetcher
user friendly.. But Brokerage charges are too high. If monthly package means could be better for F&O,,3,2026-09-11,play_store,18.16.1,en,0,ef066e65-48dc-40a9-9032-f9e089c8fabe,Groww,com.nextbillion.groww,google_play_public_no_login_fetcher
GOOD,,5,2026-09-11,play_store,18.17.3,en,0,23beb6a3-797a-4996-91da-bb8abac5f742,Groww,com.nextbillion.groww,google_play_public_no_login_fetcher
nice,,5,2026-09-11,play_store,18.16.1,en,0,592e29aa-0649-44e7-8293-01a92773b1f4,Groww,com.nextbillion.groww,google_play_public_no_login_fetcher
Nice and convent app.,,5,2026-09-11,play_store,18.17.3,en,1,1cbb31d3-ae99-4acf-94ca-21a95dee8440,Groww,com.nextbillion.groww,google_play_public_no_login_fetcher
good 👍👍,,5,2026-09-11,play_store,18.15.1,en,0,4b3a6912-27b2-4919-8b44-a4cbf4cc0710,Groww,com.nextbillion.groww,google_play_public_no_login_fetcher
super 😪🥱😘😎😺😅😺😘😪🤦🫢💙🤦🫢⚡ 🙂‍↕️,,5,2026-09-11,play_store,18.16.1,en,0,2c593049-1e46-439b-a11e-b643340785a5,Groww,com.nextbillion.groww,google_play_public_no_login_fetcher
good work nice 👍,,5,2026-09-11,play_store,18.16.1,en,0,bc0dbb2d-086f-4660-9487-34641acaafc6,Groww,com.nextbillion.groww,google_play_public_no_login_fetcher
good,,5,2026-09-11,play_store,18.16.1,en,0,bd2f4d52-3c9f-4564-aa84-eb0eb5e1ba48,Groww,com.nextbillion.groww,google_play_public_no_login_fetcher
best,,5,2026-09-11,play_store,18.16.1,en,1,8cb79ea3-09be-4326-8cf4-81dfada21bb3,Groww,com.nextbillion.groww,google_play_public_no_login_fetcher
wow,,5,2026-09-11,play_store,18.16.1,en,0,62355993-dd84-4d05-8450-909b0507175e,Groww,com.nextbillion.groww,google_play_public_no_login_fetcher
good,,5,2026-09-11,play_store,18.14.2,en,0,ca185842-614d-4cb2-9c67-8beddda65ec9,Groww,com.nextbillion.groww,google_play_public_no_login_fetcher
Nice,,5,2026-09-11,play_store,18.16.1,en,0,50b5ef92-6131-4a29-86d7-0da1128a60ad,Groww,com.nextbillion.groww,google_play_public_no_login_fetcher
excellent,,5,2026-09-11,play_store,18.17.3,en,1,e26a0e3a-0dd8-413e-a805-6d6c686c39f5,Groww,com.nextbillion.groww,google_play_public_no_login_fetcher
Good IPO subscription real time update,,5,2026-09-11,play_store,18.17.3,en,2,91e3ea78-1cfa-4ed2-ab3e-91810f9d14b8,Groww,com.nextbillion.groww,google_play_public_no_login_fetcher
Good,,5,2026-09-11,play_store,18.16.1,en,0,4f6e0712-b866-48f5-9112-3d4107be3914,Groww,com.nextbillion.groww,google_play_public_no_login_fetcher
GOOD APP AND FANTASTIC MONEY TRADE,,5,2026-09-11,play_store,18.17.3,en,0,836fef84-f757-48cf-9858-6f89f9830ea3,Groww,com.nextbillion.groww,google_play_public_no_login_fetcher
nice app,,5,2026-09-11,play_store,18.17.3,en,0,1d8ec4ee-ae8a-4337-92ba-c422d21256e4,Groww,com.nextbillion.groww,google_play_public_no_login_fetcher
best nu solla mudiyathu,,5,2026-09-11,play_store,18.17.3,en,1,022f5248-c593-445e-bf3a-44d6b23cfc4e,Groww,com.nextbillion.groww,google_play_public_no_login_fetcher
good,,5,2026-09-11,play_store,18.16.1,en,0,337c88c2-a0dc-4836-bf05-15f2af847bb9,Groww,com.nextbillion.groww,google_play_public_no_login_fetcher
good,,5,2026-09-11,play_store,18.16.1,en,0,7b95ae84-3c84-4345-a69f-efc79b6b17f4,Groww,com.nextbillion.groww,google_play_public_no_login_fetcher
good nis,,5,2026-09-11,play_store,18.13.2,en,0,3b4752c7-488e-4605-9189-1b58ae1010df,Groww,com.nextbillion.groww,google_play_public_no_login_fetcher
great ui simple to understand everything,,5,2026-09-11,play_store,18.16.1,en,1,2b827328-17c7-4da2-9520-84304179c982,Groww,com.nextbillion.groww,google_play_public_no_login_fetcher
Best app but charge jiyada hai,,5,2026-09-11,play_store,18.17.3,en,1,20a0fe72-89bc-4a02-b6b0-682a22a39925,Groww,com.nextbillion.groww,google_play_public_no_login_fetcher
Easy interface,,5,2026-09-11,play_store,18.16.1,en,0,255ba660-f279-4007-b512-814ff99d60b8,Groww,com.nextbillion.groww,google_play_public_no_login_fetcher
excellent,,5,2026-09-11,play_store,18.16.1,en,0,f187030d-1fea-45dd-8a3e-00c7187ef736,Groww,com.nextbillion.groww,google_play_public_no_login_fetcher
its very good,,5,2026-09-10,play_store,18.16.1,en,1,106e35ee-3189-451b-bec5-c6c34ec404a7,Groww,com.nextbillion.groww,google_play_public_no_login_fetcher
best,,5,2026-09-10,play_store,18.15.1,en,1,7f023b34-55e2-4bf9-8419-280f189c7946,Groww,com.nextbillion.groww,google_play_public_no_login_fetcher
bro add trailing stop loss system on charts.. get updated bro it's time to bring that,,5,2026-09-10,play_store,18.17.3,en,2,933dac34-11b0-47b4-a269-b64a98568f2a,Groww,com.nextbillion.groww,google_play_public_no_login_fetcher
excellent,,5,2026-09-10,play_store,18.12.1,en,1,b3130ed9-24ad-497c-9e43-4adf10cd9134,Groww,com.nextbillion.groww,google_play_public_no_login_fetcher
first time use invest aspect good service and good,,5,2026-09-10,play_store,18.17.3,en,0,45c42e65-40e2-4949-9965-cb5691da5ecb,Groww,com.nextbillion.groww,google_play_public_no_login_fetcher
🤯,,1,2026-09-10,play_store,18.16.1,en,1,8dacde68-cbd6-45c4-a00e-968a8dad5470,Groww,com.nextbillion.groww,google_play_public_no_login_fetcher
Nice app for use in investment,,5,2026-09-10,play_store,18.17.3,en,0,256657ce-79e4-4d2c-a46c-d10dd8355e14,Groww,com.nextbillion.groww,google_play_public_no_login_fetcher
good,,5,2026-09-10,play_store,18.17.3,en,1,c04bdf6e-ba15-4593-abae-5fec6ddeeff2,Groww,com.nextbillion.groww,google_play_public_no_login_fetcher
nice application,,5,2026-09-10,play_store,18.16.1,en,0,120dc2e5-5413-416b-ab27-b02ee61096b1,Groww,com.nextbillion.groww,google_play_public_no_login_fetcher
Nice Trading APP,,5,2026-09-10,play_store,18.13.2,en,1,e8e6ef90-b0f4-4c8d-b095-4280c9b140f0,Groww,com.nextbillion.groww,google_play_public_no_login_fetcher
very good,,4,2026-09-10,play_store,18.16.1,en,1,fa2dc8dd-4acd-4f36-a0d0-2401d3a1f722,Groww,com.nextbillion.groww,google_play_public_no_login_fetcher
best,,5,2026-09-10,play_store,,en,1,9ab28041-94a6-4408-8a25-b2b1083f1c3b,Groww,com.nextbillion.groww,google_play_public_no_login_fetcher
good,,5,2026-09-10,play_store,18.16.1,en,1,eb27afc4-a2de-47fd-b851-d4cad6f761b1,Groww,com.nextbillion.groww,google_play_public_no_login_fetcher
good,,5,2026-09-10,play_store,18.16.1,en,0,4ed60b2a-bfa4-44f4-9c3d-8721c9453e8a,Groww,com.nextbillion.groww,google_play_public_no_login_fetcher
nice,,5,2026-09-10,play_store,18.17.3,en,0,af1558a9-838e-4702-8f7a-ac96fdfeea66,Groww,com.nextbillion.groww,google_play_public_no_login_fetcher
Good,,5,2026-09-10,play_store,18.16.1,en,1,82238ea1-b0a2-47df-85c8-3f7432c6cc08,Groww,com.nextbillion.groww,google_play_public_no_login_fetcher
Best app for forex and crypto trading,,5,2026-09-10,play_store,18.16.1,en,1,bf7e443d-5a68-45c0-89f0-d56c53304820,Groww,com.nextbillion.groww,google_play_public_no_login_fetcher
good,,5,2026-09-10,play_store,18.16.1,en,0,5641a4a5-cc45-4b09-ba49-f1e438f73243,Groww,com.nextbillion.groww,google_play_public_no_login_fetcher
Best,,5,2026-09-10,play_store,18.16.1,en,1,f2a775ad-dce0-4d40-891a-3abcff5867ce,Groww,com.nextbillion.groww,google_play_public_no_login_fetcher
its very wrong you are asking pan details to use the app. What do those people will do who want to watch market details and don't have pan or dont want to create account with groww The problem is that app automatically closes when you dont have entered your details ticket no 27725416,,1,2026-09-10,play_store,18.16.1,en,3,8fdc48d4-4b85-43b9-b353-b4b908363a24,Groww,com.nextbillion.groww,google_play_public_no_login_fetcher
one of the best broker but charge so much,,5,2026-09-10,play_store,,en,0,a04a89dc-4772-46d8-b628-bb6dee0adb11,Groww,com.nextbillion.groww,google_play_public_no_login_fetcher
very good,,5,2026-09-10,play_store,18.16.1,en,1,c0303fee-f7a3-46d9-a51b-cacbfabe6d1d,Groww,com.nextbillion.groww,google_play_public_no_login_fetcher
good app,,5,2026-09-10,play_store,,en,0,2e523781-9122-4af1-aabd-b6ae3f2f69c5,Groww,com.nextbillion.groww,google_play_public_no_login_fetcher
not responding customer care service I am waiting call in line 8mint 😡,,3,2026-09-10,play_store,18.17.3,en,2,42d42775-5795-4d9d-85e6-2dab892a08c9,Groww,com.nextbillion.groww,google_play_public_no_login_fetcher
amazing,,5,2026-09-10,play_store,,en,0,732957bc-4c9e-4d54-b99d-2bb70404c6c6,Groww,com.nextbillion.groww,google_play_public_no_login_fetcher
It is good to use I have been using it for 2 years till now I didn't face any issue with this app.,,4,2026-09-10,play_store,18.15.1,en,0,14632d5c-5871-4c97-bf3c-1c734f6aeb03,Groww,com.nextbillion.groww,google_play_public_no_login_fetcher
all good,,5,2026-09-10,play_store,18.16.1,en,0,4d1fc8ab-c340-46bf-b84d-44e265de4b78,Groww,com.nextbillion.groww,google_play_public_no_login_fetcher
"This app may be useful for beginners who are just starting out and don’t know much about the process. However, if you are looking for good service, proper support, and a smooth overall experience, I would not recommend downloading this app. The service needs significant improvement, especially in terms of customer support and user experience.",,1,2026-09-10,play_store,18.17.3,en,2,cdb024f5-e1ce-493d-8f96-4eab18f6302b,Groww,com.nextbillion.groww,google_play_public_no_login_fetcher
good,,5,2026-09-10,play_store,18.16.1,en,0,9bbf0e63-413a-441a-828b-741de3cd1f36,Groww,com.nextbillion.groww,google_play_public_no_login_fetcher
nice,,5,2026-09-10,play_store,18.17.3,en,2,112e7124-e7ed-4bfb-b375-0bde7fe0e35e,Groww,com.nextbillion.groww,google_play_public_no_login_fetcher
fantastic,,5,2026-09-10,play_store,18.16.1,en,0,52a8bc6f-070f-4e49-b561-786996ef54b7,Groww,com.nextbillion.groww,google_play_public_no_login_fetcher
"I'm using Groww App from 2022 and doing investments through Groww. Groww app is very easy to use and also there is no maintenance charges at all. And, the charges for buying and selling share are also very less. I would highly recommend Groww app for Beginners, Intermediate and Experts as well. Thanks a lot Groww for making my investments easy and quick",,5,2026-09-10,play_store,18.16.1,en,2,5e90e0ab-3b20-4b28-9961-111086d871ac,Groww,com.nextbillion.groww,google_play_public_no_login_fetcher
Good 👍,,5,2026-09-10,play_store,18.16.1,en,0,8430872d-617a-469c-aab5-82b0e2b184bf,Groww,com.nextbillion.groww,google_play_public_no_login_fetcher
so costly,,5,2026-09-10,play_store,18.16.1,en,0,fdf5fd93-f158-407e-aace-2fb337b8c06e,Groww,com.nextbillion.groww,google_play_public_no_login_fetcher
I am very surprised that how the GROWW has kept the number one active user with itself while it does not even wander around Zerodha.,,3,2026-09-10,play_store,18.16.1,en,0,fd121f00-68eb-4a9f-8951-276dfd2931c2,Groww,com.nextbillion.groww,google_play_public_no_login_fetcher
this is best app,,5,2026-09-10,play_store,18.15.0,en,0,f89b3afb-03b5-4c88-8cb1-075b6c26a36d,Groww,com.nextbillion.groww,google_play_public_no_login_fetcher
good,,5,2026-09-10,play_store,18.16.1,en,0,021d2d68-2c91-410b-b102-38b68c253ac5,Groww,com.nextbillion.groww,google_play_public_no_login_fetcher
good,,5,2026-09-10,play_store,18.16.1,en,0,e8db64c5-fe75-4808-adaa-7bbb7f739416,Groww,com.nextbillion.groww,google_play_public_no_login_fetcher
excellent,,5,2026-09-10,play_store,18.17.3,en,0,050c9bb4-a3be-44f0-bc63-f8810d761aee,Groww,com.nextbillion.groww,google_play_public_no_login_fetcher
good,,5,2026-09-10,play_store,18.16.1,en,0,1da22939-dd0e-4ccd-9445-9df29eea50bc,Groww,com.nextbillion.groww,google_play_public_no_login_fetcher
nice 👍,,5,2026-09-10,play_store,18.16.1,en,1,ef93f79e-57e8-487b-a6c7-81e13f5a75dd,Groww,com.nextbillion.groww,google_play_public_no_login_fetcher
"i have been using the app, most of the configuration works in sunc however Alerts customized shoukd be eneabled , that can help to keep the alert for 3m , 6m or a year. currently its only available for a month and that creates lot of tracking",,3,2026-09-10,play_store,18.16.1,en,2,15003308-468b-4098-8dd8-87a6d351608c,Groww,com.nextbillion.groww,google_play_public_no_login_fetcher
nice,,5,2026-09-10,play_store,18.16.1,en,0,c4d6a7d2-e5a6-4f4e-9174-ca33152343d7,Groww,com.nextbillion.groww,google_play_public_no_login_fetcher
Ismai sab kuch karna ige haj,,5,2026-09-10,play_store,,en,1,d353ec79-d080-4b3d-9a6c-9ac6c0ebedff,Groww,com.nextbillion.groww,google_play_public_no_login_fetcher
show fastet growing share seperate,,4,2026-09-10,play_store,18.16.1,en,0,3c62b19d-53d4-4035-8fc8-6bf1265b98ea,Groww,com.nextbillion.groww,google_play_public_no_login_fetcher
good,,5,2026-09-10,play_store,18.16.1,en,0,7d914702-7a9e-49c4-a185-798db2e4377c,Groww,com.nextbillion.groww,google_play_public_no_login_fetcher
very good platform,,5,2026-09-10,play_store,18.16.1,en,0,753ddf80-e1d0-4644-9f50-f9e2e06c3bf3,Groww,com.nextbillion.groww,google_play_public_no_login_fetcher
"it's very simple to use , 👍",,5,2026-09-10,play_store,18.16.1,en,1,47aec663-cf1e-45f2-a708-f25ecfd776f1,Groww,com.nextbillion.groww,google_play_public_no_login_fetcher
good,,4,2026-09-10,play_store,18.16.1,en,0,4e6fc48f-6aad-4e59-af2d-bd39e8490274,Groww,com.nextbillion.groww,google_play_public_no_login_fetcher
"complete manipulation, please correct the exit button and SL",,1,2026-09-10,play_store,18.16.1,en,1,347a2c92-4d7f-4ba3-b0d3-54d06fe5f666,Groww,com.nextbillion.groww,google_play_public_no_login_fetcher
Quick and efficient service when required. Great platform,,5,2026-09-10,play_store,18.17.3,en,1,ef0eff3c-a499-4a33-8a52-a0d860a54383,Groww,com.nextbillion.groww,google_play_public_no_login_fetcher
फ्रॉड ट्रेडिंग है अभी भी वक्त है पैसा मत वेस्ट करो इन लोगो के चक्कर मे ये सब फ्रॉड है,,1,2026-09-10,play_store,18.17.3,en,0,f2b6b5c7-1c15-4484-afc1-1c6ba0370f5e,Groww,com.nextbillion.groww,google_play_public_no_login_fetcher
scalper buttons the right side of chain button in chart interface is so irritating 😭,,3,2026-09-10,play_store,,en,1,d063b378-839b-4d4f-9775-6718fd3f3157,Groww,com.nextbillion.groww,google_play_public_no_login_fetcher
"after taking the click also ,trade wasn't executed and I got loss because of your terrible performance, also tried to connect Customer support but instead of understanding my concern they're reverting like AI , disgusting....",,1,2026-09-10,play_store,18.17.3,en,2,420b7575-fea6-4a69-9717-b9bf7fcaf450,Groww,com.nextbillion.groww,google_play_public_no_login_fetcher
சூப்பர்,,4,2026-09-10,play_store,18.15.1,en,0,71e1813c-98c3-471d-8e99-369030948ea8,Groww,com.nextbillion.groww,google_play_public_no_login_fetcher
good,,5,2026-09-10,play_store,18.16.1,en,0,27409c6a-56df-41d4-9043-b620d8befd95,Groww,com.nextbillion.groww,google_play_public_no_login_fetcher
best application for investing.,,5,2026-09-10,play_store,,en,0,01369c7c-9c95-4709-8ad9-069da29f4a67,Groww,com.nextbillion.groww,google_play_public_no_login_fetcher
good app 👌 👍,,5,2026-09-10,play_store,18.17.3,en,1,7dac4806-f5ff-4fb1-9fd8-8efcafd5a0d6,Groww,com.nextbillion.groww,google_play_public_no_login_fetcher
good,,2,2026-09-10,play_store,18.16.1,en,0,85ebbfe2-bf67-46c9-86d0-f18cb722d7e9,Groww,com.nextbillion.groww,google_play_public_no_login_fetcher
good,,5,2026-09-10,play_store,18.16.1,en,0,01d7c158-4cdb-43f3-9e47-c6141c385960,Groww,com.nextbillion.groww,google_play_public_no_login_fetcher
best trading app 👌👌,,5,2026-09-10,play_store,18.14.2,en,0,c730ec3e-ca8b-4261-883c-66e32cad7c59,Groww,com.nextbillion.groww,google_play_public_no_login_fetcher
great and simple app 👍,,5,2026-09-10,play_store,18.17.3,en,2,eb8cab36-ecce-4bdf-a360-0cd076f8e4e1,Groww,com.nextbillion.groww,google_play_public_no_login_fetcher
good 😊,,5,2026-09-10,play_store,18.17.3,en,0,43a1ead6-e737-4cbd-918e-1364a39c0dce,Groww,com.nextbillion.groww,google_play_public_no_login_fetcher
Good app.,,5,2026-09-10,play_store,18.16.1,en,0,300d8076-37d2-45be-8289-6a44b87dc30f,Groww,com.nextbillion.groww,google_play_public_no_login_fetcher
Good,,5,2026-09-10,play_store,18.13.2,en,0,371527c8-0fda-4475-81aa-9370e285c468,Groww,com.nextbillion.groww,google_play_public_no_login_fetcher
Excellent,,5,2026-09-10,play_store,18.16.1,en,1,b552fda8-1d5a-44ad-9fe2-a33c05347194,Groww,com.nextbillion.groww,google_play_public_no_login_fetcher
verry nice,,5,2026-09-10,play_store,18.13.2,en,0,9afdbb19-b89e-45a0-ba7a-75ca39c545ad,Groww,com.nextbillion.groww,google_play_public_no_login_fetcher
great,,5,2026-09-10,play_store,18.15.1,en,1,267605f4-b2f5-42aa-b428-a2f82cbdfac2,Groww,com.nextbillion.groww,google_play_public_no_login_fetcher
excellent,,5,2026-09-10,play_store,18.16.1,en,1,c7fafc93-dd0c-4a38-ac89-c437d01dd97f,Groww,com.nextbillion.groww,google_play_public_no_login_fetcher
best,,5,2026-09-10,play_store,18.16.1,en,1,72c8ce34-258c-41e3-8565-c17ca388fa97,Groww,com.nextbillion.groww,google_play_public_no_login_fetcher
very bed sarvice poor sarver order not cancel soo bed sarvice customer care not responding any query don't trust this application avoid this application,,1,2026-09-10,play_store,,en,1,fc6a692a-7866-4728-b9d5-68612acb9370,Groww,com.nextbillion.groww,google_play_public_no_login_fetcher
need notice the stock s,,5,2026-09-10,play_store,18.17.3,en,1,6025ee35-7630-4521-9d29-68264ee260ec,Groww,com.nextbillion.groww,google_play_public_no_login_fetcher
good,,5,2026-09-10,play_store,18.13.2,en,1,98b37184-de55-423d-a0fc-056a56551d68,Groww,com.nextbillion.groww,google_play_public_no_login_fetcher
bad service and app refresh time too hang every time my self 😞 one i saw my profit 1.3k up after few minutes then I it's zero oo but Everytime frees automatic update not working.,,1,2026-09-10,play_store,18.16.1,en,6,9bff6462-9ad1-47db-9e43-e4f78adaf73c,Groww,com.nextbillion.groww,google_play_public_no_login_fetcher
good,,4,2026-09-10,play_store,18.16.1,en,1,3c5d9fbe-3200-45cc-ad6b-69ec2779cfa0,Groww,com.nextbillion.groww,google_play_public_no_login_fetcher
good 😊👍,,5,2026-09-10,play_store,18.16.1,en,1,c46ebede-99f8-44bc-8643-6bebaa519296,Groww,com.nextbillion.groww,google_play_public_no_login_fetcher
vary bad technician issu,,1,2026-09-10,play_store,18.17.3,en,1,6c006665-9faa-4b32-bf48-5cca7cfcc8fc,Groww,com.nextbillion.groww,google_play_public_no_login_fetcher
I love you groww,,5,2026-09-10,play_store,18.16.1,en,0,33f54adf-0efe-48ea-b68e-4ba4d1a8a172,Groww,com.nextbillion.groww,google_play_public_no_login_fetcher
superstar 💪,,5,2026-09-10,play_store,18.15.1,en,0,53659f3a-8d82-4a11-9678-86d9ce29a0be,Groww,com.nextbillion.groww,google_play_public_no_login_fetcher
👍,,5,2026-09-10,play_store,18.16.1,en,0,15df5800-1b0e-41d1-ac81-0b3c6a542b66,Groww,com.nextbillion.groww,google_play_public_no_login_fetcher
bhai jitna profit me tha usse jyada loss aa gaya ab to position close kar do ya bilkul hi zero karke chhodoge,,1,2026-09-10,play_store,18.16.1,en,1,88d38410-b8e9-4fe6-aa24-dde35e8c0993,Groww,com.nextbillion.groww,google_play_public_no_login_fetcher
very nice service,,5,2026-09-10,play_store,18.17.3,en,1,bc5fd1a6-6474-42c5-9196-0d13a2502a38,Groww,com.nextbillion.groww,google_play_public_no_login_fetcher
good,,5,2026-09-10,play_store,18.16.1,en,0,650e6c7f-afe3-47dc-84ae-a15fc26b11ce,Groww,com.nextbillion.groww,google_play_public_no_login_fetcher
good,,5,2026-09-10,play_store,18.16.1,en,0,5fe80a98-8ebc-4996-97e6-d2d8e4ade0c1,Groww,com.nextbillion.groww,google_play_public_no_login_fetcher
worst app for trading,,1,2026-09-10,play_store,18.16.1,en,0,c02f39c3-7dfc-4b03-9a0b-9a3798712369,Groww,com.nextbillion.groww,google_play_public_no_login_fetcher
good,,5,2026-09-10,play_store,18.16.1,en,0,182bb6b3-d4ea-4d2b-9f15-a86250399428,Groww,com.nextbillion.groww,google_play_public_no_login_fetcher
stock is being stuck and due to the same is being losses to customer,,1,2026-09-10,play_store,18.16.1,en,0,096155f7-060a-425a-8d3f-13b1e3f41bb9,Groww,com.nextbillion.groww,google_play_public_no_login_fetcher
good experience,,5,2026-09-10,play_store,18.16.1,en,0,f799ba27-847a-4f4d-b16f-09aeba804328,Groww,com.nextbillion.groww,google_play_public_no_login_fetcher
all is good,,5,2026-09-10,play_store,18.16.1,en,0,993bf410-7c2e-4abd-bffd-1615ff462d1b,Groww,com.nextbillion.groww,google_play_public_no_login_fetcher
good 👍,,5,2026-09-10,play_store,18.16.1,en,0,ad0faa61-24ee-4c3a-9fb5-0c9956dd7388,Groww,com.nextbillion.groww,google_play_public_no_login_fetcher
good,,4,2026-09-10,play_store,18.16.1,en,0,cd6a7ce4-1382-4332-8dfc-3dcf529e4358,Groww,com.nextbillion.groww,google_play_public_no_login_fetcher
itne bade Wale chore frauds scamsters or thieves ho ap log k kya hi batau ..? tum log external charges k naam par... itni chori krte ho na k kya hi btau...??? mere chote se profit pe bhi 600₹ external tax k naam par kar liya tum logon ne... tabhi toh tum badi badi posts walo k bache tedhe medhe or handicapped ya apang paida hote h... jab shraap lete ho Brahmins ka tum log...🥺,,1,2026-09-10,play_store,18.17.3,en,2,81d8f3f0-3db1-447e-b6cd-a503e5ef12d3,Groww,com.nextbillion.groww,google_play_public_no_login_fetcher
good,,5,2026-09-10,play_store,18.17.3,en,0,1dd8bbfc-2df0-4499-bbac-f20444886587,Groww,com.nextbillion.groww,google_play_public_no_login_fetcher
nice app,,5,2026-09-10,play_store,18.16.1,en,0,57910bb2-7599-407f-8b6d-b9692f24c7ad,Groww,com.nextbillion.groww,google_play_public_no_login_fetcher
Good,,5,2026-09-10,play_store,18.16.1,en,0,dba3d260-7acb-4167-a1bd-d591d1680c5b,Groww,com.nextbillion.groww,google_play_public_no_login_fetcher
good,,5,2026-09-10,play_store,18.16.1,en,0,ef614180-f3b1-4bd9-bf3e-ba9a7f38116e,Groww,com.nextbillion.groww,google_play_public_no_login_fetcher
bahut achha,,5,2026-09-10,play_store,18.17.3,en,0,7328e669-383d-4a94-9f90-0af0960a008a,Groww,com.nextbillion.groww,google_play_public_no_login_fetcher
my app is AI option is not show,,5,2026-09-10,play_store,,en,0,dcdb2b11-1c69-47ae-a111-6e2da67d8df6,Groww,com.nextbillion.groww,google_play_public_no_login_fetcher
best app,,5,2026-09-10,play_store,18.16.1,en,0,7518f31c-a52d-4e0a-8a50-010003586654,Groww,com.nextbillion.groww,google_play_public_no_login_fetcher
"Pls Pls Pls make it possible to change the timeline in Sector Trending Today Page. Only 1 day change can be seen, make it 3/6 months and one year also, so that one can make decisions more accurately and timely. Consider this as urgent n necessary Switching Account is not happening, not even logging out @10/09/2026",,4,2026-09-10,play_store,18.16.1,en,5,c3efd2bc-f460-4c7d-9a92-fbef0690a6cc,Groww,com.nextbillion.groww,google_play_public_no_login_fetcher
Good Service,,5,2026-09-10,play_store,18.16.1,en,0,55a89d0b-957c-4d79-8577-1a6a150f3ad0,Groww,com.nextbillion.groww,google_play_public_no_login_fetcher
nice,,5,2026-09-10,play_store,18.17.3,en,0,f5526a39-1fc7-41ee-ac4d-cf7dd7ffdd2b,Groww,com.nextbillion.groww,google_play_public_no_login_fetcher
Best,,5,2026-09-10,play_store,18.16.1,en,0,a3663d24-cb62-4307-acd5-bbb4a88a687d,Groww,com.nextbillion.groww,google_play_public_no_login_fetcher
"worst customer support, no one responds properly. takes 1 hour to reply that they will look into the issue shortly and then provide some trash solution and immediately close the chat",,1,2026-09-10,play_store,18.16.1,en,0,b2d96437-2927-41ca-a6b3-d1242f36adb6,Groww,com.nextbillion.groww,google_play_public_no_login_fetcher
"Feature Request: Add Application Number and IPO Name in UPI Mandate Descriptions When applying for IPOs, the incoming UPI mandate requests on banking/UPI apps (Google Pay, PhonePe, BHIM, Paytm) often show generic merchant names or lack clear descriptions. ​When applying for multiple IPOs or using multiple accounts, it becomes difficult to identify which mandate belongs to which application. 10/9/2026 are you take any action for my suggestions???",,4,2026-09-10,play_store,18.16.1,en,2,f00c0a54-9282-413d-9c5a-a3750e7ce330,Groww,com.nextbillion.groww,google_play_public_no_login_fetcher
very Good Aap,,5,2026-09-10,play_store,18.16.1,en,0,9e623a91-0763-444c-bc77-dad06faab9b5,Groww,com.nextbillion.groww,google_play_public_no_login_fetcher
very good,,5,2026-09-10,play_store,18.17.3,en,0,c685bd0c-9f25-4f89-93b3-6251f48a6781,Groww,com.nextbillion.groww,google_play_public_no_login_fetcher
🙏🙏🙏🙏🙏,,5,2026-09-10,play_store,18.16.1,en,0,ead13c60-e02d-40c7-aac1-34f06bd72053,Groww,com.nextbillion.groww,google_play_public_no_login_fetcher
previously its a good app. after updates its showing so many errors,,1,2026-09-10,play_store,18.17.3,en,2,b21e25dd-6ce8-4c54-8d80-c0f14ce2d5b0,Groww,com.nextbillion.groww,google_play_public_no_login_fetcher
its excellent platform & very user friendly. complete solution in one app,,4,2026-09-10,play_store,18.17.3,en,4,57d53909-0495-4a16-b409-b91c7357f0f5,Groww,com.nextbillion.groww,google_play_public_no_login_fetcher
👍,,5,2026-09-10,play_store,18.16.1,en,0,520751db-4439-47ea-b102-7206ee22bc99,Groww,com.nextbillion.groww,google_play_public_no_login_fetcher
super groww,,5,2026-09-10,play_store,18.16.1,en,1,642f5a6f-608f-48ea-8cf0-19318ea645b2,Groww,com.nextbillion.groww,google_play_public_no_login_fetcher
👍👍👍👌👌,,4,2026-09-10,play_store,18.16.1,en,0,4f2f27bb-2347-4f3b-9340-e3b391705d59,Groww,com.nextbillion.groww,google_play_public_no_login_fetcher
good,,5,2026-09-10,play_store,18.16.1,en,1,c5b00b4f-b1ca-4345-8a22-9aa7c33c3741,Groww,com.nextbillion.groww,google_play_public_no_login_fetcher
"Groww jaisi dusari koi bhi trading app nahi hai. Ye app user friendly hai, kisi bhi stock ka technical analysis karane ke bad bahot dino tak vah layout save rahata hai. Easy to use hai. Beginners ke liye bahut hi useful hai.",,5,2026-09-10,play_store,18.17.3,en,1,037211af-852c-44d9-acf2-59c1e7c6fc33,Groww,com.nextbillion.groww,google_play_public_no_login_fetcher
Nice 👍🙂,,5,2026-09-10,play_store,18.15.1,en,1,0c34a2a8-bfc6-43e2-8c10-247b3e20fd96,Groww,com.nextbillion.groww,google_play_public_no_login_fetcher
best simple application for trading shares over any application.. I prefer only groww thank you for this simple UI,,5,2026-09-10,play_store,,en,0,358df5b0-4717-4b4f-ba1e-01fdab732419,Groww,com.nextbillion.groww,google_play_public_no_login_fetcher
good,,5,2026-09-10,play_store,18.16.1,en,1,c4d92bbc-d2d7-4f67-9aa7-4ad49c612586,Groww,com.nextbillion.groww,google_play_public_no_login_fetcher
amezing emerging and always grow 🪴,,5,2026-09-10,play_store,18.17.3,en,1,83eae566-c2f0-419d-950d-1f0a182670bb,Groww,com.nextbillion.groww,google_play_public_no_login_fetcher
thank you Groww for supporting struggling traders like us... we have a low capital now a days but one day we must make crores with your technical support.. thanks a lot 🙏❤️,,5,2026-09-10,play_store,18.16.1,en,1,f144a9cd-e37a-4385-88e8-b30df0cc701b,Groww,com.nextbillion.groww,google_play_public_no_login_fetcher
Very Good,,5,2026-09-10,play_store,18.16.1,en,1,23685809-f349-42fb-a4fa-d99701a8698d,Groww,com.nextbillion.groww,google_play_public_no_login_fetcher
best option on Trade,,5,2026-09-10,play_store,18.16.1,en,1,9b86e346-0031-4415-8885-f74e9fec4d34,Groww,com.nextbillion.groww,google_play_public_no_login_fetcher
this app is so bad it is showing my account is on KYC hold but I already did buy and sell. It says it will be fixed after 2 days but now it has not fixed yet,,1,2026-09-10,play_store,18.16.1,en,0,e588fcd6-2d0b-46ce-aa05-2e087b51beae,Groww,com.nextbillion.groww,google_play_public_no_login_fetcher
It's my first experience investing via Groww and expect better opportunities in the future. Let's see what the future holds!,,5,2026-09-10,play_store,18.16.1,en,0,57e5315e-4dd9-460c-9287-82503500b33e,Groww,com.nextbillion.groww,google_play_public_no_login_fetcher
very good 👍👍👍👍👍👍👍,,5,2026-09-10,play_store,,en,0,c82b5312-83f2-404b-8838-ddc2471e9118,Groww,com.nextbillion.groww,google_play_public_no_login_fetcher
Thank You Very Much,,5,2026-09-10,play_store,18.16.1,en,0,ad84877a-cbe5-4af5-94c8-b1b69718bf52,Groww,com.nextbillion.groww,google_play_public_no_login_fetcher
user friendly App.,,5,2026-09-10,play_store,18.16.1,en,0,333741ff-d626-41f5-b94b-89fc909ce327,Groww,com.nextbillion.groww,google_play_public_no_login_fetcher
excellent platform 💯,,5,2026-09-10,play_store,18.16.1,en,1,20ba511b-d940-480c-8a79-d0256c29d2ea,Groww,com.nextbillion.groww,google_play_public_no_login_fetcher
nice,,5,2026-09-10,play_store,18.17.3,en,1,c031c7e2-63ca-4f48-b25a-fe6055d6f881,Groww,com.nextbillion.groww,google_play_public_no_login_fetcher
good ya and supr,,5,2026-09-10,play_store,18.16.1,en,0,f1073e12-a9bc-4c94-8ce4-6aa19fd492f1,Groww,com.nextbillion.groww,google_play_public_no_login_fetcher
good,,5,2026-09-10,play_store,18.17.3,en,0,040db21f-5b3c-4191-9df1-3f7d1061a586,Groww,com.nextbillion.groww,google_play_public_no_login_fetcher
Back button hiding issu on charts Dont hide back button,,1,2026-09-10,play_store,18.17.3,en,1,bba972bc-b618-4c85-b724-d3a3cd45a51f,Groww,com.nextbillion.groww,google_play_public_no_login_fetcher
A+ interface. I am very satisfied.,,5,2026-09-10,play_store,18.16.1,en,1,7cf20820-50e2-4d91-b204-bc27fcfe9c35,Groww,com.nextbillion.groww,google_play_public_no_login_fetcher
Impressed,,5,2026-09-10,play_store,18.16.1,en,1,4c4144ec-2285-4164-9b9c-1bdf35f9ea5c,Groww,com.nextbillion.groww,google_play_public_no_login_fetcher
chart hanging fix it otherwise I will uninstall this app,,5,2026-09-10,play_store,17.27,en,0,d79abf1e-5552-4a4c-9397-f5fc379b9908,Groww,com.nextbillion.groww,google_play_public_no_login_fetcher
"Groww is a very good and user-friendly app for investing and trading. The interface is simple, easy to understand, and smooth to use. It is especially helpful for beginners. Overall, I am very happy with the Groww app and would recommend it to others.",,5,2026-09-10,play_store,18.16.1,en,2,ef384221-2e13-4363-b62f-e5a5aa42b87d,Groww,com.nextbillion.groww,google_play_public_no_login_fetcher
nice,,5,2026-09-10,play_store,18.16.1,en,1,7340770c-44b5-4cc9-b20d-2855095f5ee8,Groww,com.nextbillion.groww,google_play_public_no_login_fetcher
Exilent,,5,2026-09-10,play_store,18.16.1,en,0,d7fbe498-ad61-4436-8565-306cb0385727,Groww,com.nextbillion.groww,google_play_public_no_login_fetcher
this is good 😊,,5,2026-09-10,play_store,18.17.3,en,0,a04d758d-58e2-4f2c-b682-2f7f2764de14,Groww,com.nextbillion.groww,google_play_public_no_login_fetcher
this app is very best broker in the world,,4,2026-09-10,play_store,18.16.1,en,0,e1fbf315-b8e8-43dd-ae1d-3fc95e71d718,Groww,com.nextbillion.groww,google_play_public_no_login_fetcher
best aap,,5,2026-09-10,play_store,18.16.1,en,0,5db3f86e-3786-42ac-8e48-e28ab8b683ab,Groww,com.nextbillion.groww,google_play_public_no_login_fetcher
nice,,5,2026-09-10,play_store,18.16.1,en,0,afb8ab5e-f2b0-4370-b365-26931f93b0ac,Groww,com.nextbillion.groww,google_play_public_no_login_fetcher
good,,5,2026-09-10,play_store,18.17.3,en,1,c3cf79c2-5ff3-47fd-bbfa-67aee706dfe4,Groww,com.nextbillion.groww,google_play_public_no_login_fetcher
it's soo comfortable,,5,2026-09-10,play_store,18.16.1,en,0,5d702226-cf4a-4165-b152-71636ac2d550,Groww,com.nextbillion.groww,google_play_public_no_login_fetcher
"very good,nice 👍",,5,2026-09-10,play_store,18.17.3,en,1,13cec2f9-3062-4796-a3c5-0ce141a60b7c,Groww,com.nextbillion.groww,google_play_public_no_login_fetcher
